{"stats":{"minecraft:killed":{"minecraft:spider":1,"minecraft:chicken":4,"minecraft:pig":2,"minecraft:hoglin":4,"minecraft:sheep":7,"minecraft:zombie":1,"iceandfire:ghost":1,"minecraft:cow":26},"minecraft:used":{"minecraft:bone_block":1,"minecraft:chest":1,"minecraft:rotten_flesh":1,"minecraft:netherrack":55,"minecraft:torch":2,"minecraft:dirt":61,"minecraft:mutton":3,"minecraft:nether_bricks":1,"minecraft:wooden_axe":67,"minecraft:crimson_planks":71,"minecraft:beef":6,"minecraft:furnace":7,"minecraft:cooked_beef":17,"minecraft:cobbled_deepslate":53,"minecraft:pumpkin":3,"minecraft:crimson_stem":1,"minecraft:cooked_mutton":6,"minecraft:birch_planks":1,"minecraft:stone_pickaxe":303,"minecraft:oak_planks":91,"minecraft:wooden_pickaxe":137,"minecraft:leather_chestplate":1,"minecraft:warped_roots":1,"minecraft:crafting_table":10,"minecraft:warped_planks":14,"minecraft:apple":1,"minecraft:chicken":1,"minecraft:gravel":2,"minecraft:stone_axe":157,"minecraft:cobblestone":47,"minecraft:porkchop":10},"minecraft:mined":{"minecraft:white_bed":1,"iceandfire:silver_ore":1,"minecraft:nether_bricks":4,"minecraft:grass_block":23,"minecraft:crimson_roots":10,"iceandfire:chared_dirt":3,"minecraft:crimson_stem":21,"iceandfire:chared_grass":3,"minecraft:weeping_vines_plant":3,"minecraft:furnace":7,"minecraft:nether_sprouts":3,"minecraft:fire":11,"minecraft:pumpkin":14,"minecraft:vine":2,"iceandfire:gold_pile":3,"minecraft:warped_stem":25,"minecraft:stone":146,"minecraft:bone_block":5,"minecraft:soul_sand":2,"minecraft:crimson_nylium":15,"minecraft:crafting_table":8,"minecraft:warped_roots":8,"minecraft:tall_grass":8,"minecraft:cobblestone":10,"minecraft:lily_pad":2,"minecraft:oak_planks":22,"minecraft:diorite":1,"minecraft:wall_torch":1,"minecraft:skeleton_skull":1,"minecraft:warped_nylium":18,"minecraft:birch_log":9,"minecraft:birch_leaves":1,"minecraft:wither_rose":1,"minecraft:grass":32,"minecraft:coal_ore":16,"minecraft:oak_log":30,"minecraft:gravel":5,"minecraft:dirt":69,"minecraft:crimson_planks":3,"minecraft:netherrack":63,"minecraft:oak_leaves":2,"minecraft:deepslate":59},"minecraft:crafted":{"minecraft:oak_planks":92,"minecraft:cooked_chicken":3,"minecraft:furnace":2,"minecraft:cooked_mutton":7,"minecraft:warped_planks":96,"minecraft:stone_pickaxe":3,"rpgsmw:woodenfiber":1,"minecraft:cooked_beef":26,"minecraft:crimson_planks":80,"minecraft:cooked_porkchop":1,"minecraft:crafting_table":8,"minecraft:wooden_pickaxe":7,"minecraft:birch_planks":16,"minecraft:stone_axe":3,"minecraft:air":0,"minecraft:charcoal":9,"minecraft:stick":28,"minecraft:iron_pickaxe":1,"minecraft:wooden_axe":4},"minecraft:broken":{"minecraft:wooden_pickaxe":1,"minecraft:stone_pickaxe":1,"minecraft:wooden_axe":1},"minecraft:picked_up":{"minecraft:wooden_axe":1,"minecraft:charcoal":4,"minecraft:crafting_table":7,"minecraft:chicken":4,"minecraft:wooden_pickaxe":2,"minecraft:crimson_planks":3,"minecraft:string":4,"minecraft:gold_nugget":112,"minecraft:cobbled_deepslate":59,"minecraft:beef":36,"minecraft:chest":1,"minecraft:furnace":6,"minecraft:egg":6,"minecraft:stick":2,"minecraft:torch":2,"epicfight:skillbook":1,"minecraft:porkchop":15,"minecraft:diorite":1,"minecraft:warped_planks":8,"minecraft:rotten_flesh":2,"minecraft:nether_bricks":4,"iceandfire:chared_dirt":3,"minecraft:mutton":12,"minecraft:white_wool":7,"minecraft:skeleton_skull":1,"minecraft:bone_block":4,"minecraft:cobblestone":201,"minecraft:birch_log":10,"minecraft:feather":6,"minecraft:cooked_beef":5,"minecraft:crimson_stem":21,"minecraft:leather":23,"minecraft:oak_log":36,"minecraft:lily_pad":5,"minecraft:dirt":101,"minecraft:cooked_mutton":1,"irons_spellbooks:hogskin":2,"minecraft:apple":1,"minecraft:wheat_seeds":9,"minecraft:warped_stem":36,"weaponmaster:tutorialbook":8,"minecraft:oak_planks":24,"minecraft:soul_sand":2,"minecraft:pumpkin":15,"minecraft:dandelion":1,"minecraft:gravel":4,"minecraft:white_bed":1,"rpgsmw:class_choose_orb":3,"minecraft:stone_axe":1,"minecraft:golden_apple":1,"minecraft:warped_roots":12,"minecraft:oak_sapling":2,"minecraft:netherrack":96,"minecraft:coal":16,"iceandfire:raw_silver":2,"minecraft:crimson_roots":6},"minecraft:custom":{"minecraft:mob_kills":46,"minecraft:interact_with_crafting_table":42,"minecraft:leave_game":12,"minecraft:time_since_death":67308,"minecraft:climb_one_cm":5772,"minecraft:sprint_one_cm":521288,"minecraft:walk_one_cm":1040231,"minecraft:drop":82,"minecraft:damage_dealt_absorbed":50,"minecraft:play_time":139302,"minecraft:deaths":8,"minecraft:sneak_time":9004,"minecraft:walk_under_water_one_cm":7373,"minecraft:jump":3389,"minecraft:walk_on_water_one_cm":20679,"minecraft:total_world_time":139302,"minecraft:interact_with_furnace":59,"minecraft:time_since_rest":67330,"minecraft:damage_taken":4264,"minecraft:trigger_trapped_chest":1,"minecraft:damage_dealt":6059,"minecraft:swim_one_cm":16955,"minecraft:fly_one_cm":1018979,"minecraft:open_chest":20,"minecraft:crouch_one_cm":61541,"minecraft:fall_one_cm":76902},"minecraft:dropped":{"iceandfire:raw_silver":1,"minecraft:birch_planks":1,"minecraft:wheat_seeds":4,"minecraft:cooked_beef":15,"minecraft:oak_log":4,"minecraft:cooked_porkchop":1,"minecraft:cobblestone":51,"minecraft:mutton":2,"minecraft:wooden_axe":1,"minecraft:gold_nugget":2,"minecraft:string":2,"minecraft:bone":12,"minecraft:stone_axe":1,"minecraft:rotten_flesh":1,"minecraft:oak_planks":7,"minecraft:cooked_mutton":1,"minecraft:wooden_pickaxe":1},"minecraft:killed_by":{"minecraft:zombified_piglin":3}},"DataVersion":3465}