{"stats":{"minecraft:killed":{"minecraft:hoglin":4},"minecraft:mined":{"minecraft:weeping_vines_plant":3,"minecraft:warped_nylium":18,"minecraft:soul_sand":2,"minecraft:nether_sprouts":3,"minecraft:fire":8,"minecraft:crimson_nylium":15,"minecraft:crafting_table":5,"minecraft:nether_bricks":4,"minecraft:warped_roots":8,"minecraft:crimson_roots":10,"minecraft:warped_stem":25,"minecraft:gravel":2,"minecraft:crimson_planks":3,"minecraft:oak_planks":13,"minecraft:bone_block":5,"minecraft:netherrack":63,"minecraft:deepslate":13,"minecraft:wall_torch":1,"minecraft:crimson_stem":21},"minecraft:used":{"minecraft:crimson_stem":1,"minecraft:wooden_axe":67,"minecraft:stone_pickaxe":10,"minecraft:bone_block":1,"minecraft:wooden_pickaxe":118,"minecraft:gravel":2,"minecraft:crimson_planks":71,"minecraft:netherrack":55,"minecraft:warped_roots":1,"minecraft:torch":2,"minecraft:crafting_table":6,"minecraft:porkchop":10,"minecraft:nether_bricks":1,"minecraft:warped_planks":14},"minecraft:crafted":{"minecraft:warped_planks":96,"minecraft:crimson_planks":80,"minecraft:crafting_table":6,"minecraft:stick":20,"minecraft:wooden_pickaxe":6,"minecraft:stone_pickaxe":1,"minecraft:wooden_axe":3,"rpgsmw:woodenfiber":1},"minecraft:broken":{"minecraft:wooden_axe":1,"minecraft:wooden_pickaxe":1},"minecraft:picked_up":{"minecraft:wooden_axe":1,"minecraft:crafting_table":5,"minecraft:crimson_stem":21,"minecraft:leather":3,"minecraft:torch":2,"minecraft:wooden_pickaxe":1,"minecraft:gravel":2,"minecraft:porkchop":13,"minecraft:crimson_planks":3,"minecraft:warped_planks":8,"rpgsmw:class_choose_orb":3,"irons_spellbooks:hogskin":2,"minecraft:cobbled_deepslate":13,"minecraft:nether_bricks":4,"minecraft:warped_stem":36,"minecraft:golden_apple":1,"weaponmaster:tutorialbook":6,"minecraft:warped_roots":12,"minecraft:oak_planks":12,"minecraft:netherrack":96,"minecraft:bone_block":4,"minecraft:soul_sand":2,"minecraft:crimson_roots":6},"minecraft:custom":{"minecraft:time_since_rest":4426,"minecraft:sprint_one_cm":270667,"minecraft:damage_taken":1800,"minecraft:walk_one_cm":403716,"minecraft:mob_kills":4,"minecraft:damage_dealt":1729,"minecraft:swim_one_cm":381,"minecraft:interact_with_crafting_table":8,"minecraft:fly_one_cm":554371,"minecraft:crouch_one_cm":18183,"minecraft:play_time":66485,"minecraft:deaths":7,"minecraft:sneak_time":2351,"minecraft:walk_under_water_one_cm":48,"minecraft:jump":1676,"minecraft:leave_game":4,"minecraft:walk_on_water_one_cm":1000,"minecraft:time_since_death":4406,"minecraft:total_world_time":66485,"minecraft:climb_one_cm":2505,"minecraft:fall_one_cm":42348},"minecraft:killed_by":{"minecraft:zombified_piglin":3}},"DataVersion":3465}