{"stats":{"minecraft:killed":{"minecraft:spider":1,"minecraft:hoglin":4,"minecraft:sheep":4,"minecraft:zombie":1,"minecraft:cow":22},"minecraft:mined":{"minecraft:white_bed":1,"iceandfire:silver_ore":1,"minecraft:soul_sand":2,"minecraft:crimson_nylium":15,"minecraft:crafting_table":8,"minecraft:nether_bricks":4,"minecraft:grass_block":15,"minecraft:warped_roots":8,"minecraft:crimson_roots":10,"minecraft:tall_grass":8,"minecraft:cobblestone":2,"iceandfire:chared_dirt":3,"minecraft:lily_pad":2,"minecraft:oak_planks":22,"minecraft:diorite":1,"minecraft:wall_torch":1,"minecraft:crimson_stem":21,"minecraft:skeleton_skull":1,"minecraft:weeping_vines_plant":3,"minecraft:warped_nylium":18,"minecraft:furnace":1,"minecraft:fire":11,"minecraft:birch_log":2,"minecraft:nether_sprouts":3,"minecraft:pumpkin":14,"minecraft:grass":28,"minecraft:oak_log":30,"iceandfire:gold_pile":3,"minecraft:vine":1,"minecraft:warped_stem":25,"minecraft:gravel":4,"minecraft:dirt":30,"minecraft:crimson_planks":3,"minecraft:stone":138,"minecraft:netherrack":63,"minecraft:bone_block":5,"minecraft:oak_leaves":1,"minecraft:deepslate":59},"minecraft:used":{"minecraft:cooked_mutton":2,"minecraft:birch_planks":1,"minecraft:stone_pickaxe":225,"minecraft:oak_planks":86,"minecraft:bone_block":1,"minecraft:wooden_pickaxe":137,"minecraft:netherrack":55,"minecraft:warped_roots":1,"minecraft:torch":2,"minecraft:mutton":3,"minecraft:dirt":40,"minecraft:crafting_table":10,"minecraft:nether_bricks":1,"minecraft:warped_planks":14,"minecraft:wooden_axe":67,"minecraft:apple":1,"minecraft:gravel":2,"minecraft:crimson_planks":71,"minecraft:stone_axe":125,"minecraft:cobblestone":29,"minecraft:beef":6,"minecraft:porkchop":10,"minecraft:furnace":3,"minecraft:pumpkin":3,"minecraft:cooked_beef":15,"minecraft:cobbled_deepslate":53,"minecraft:crimson_stem":1},"minecraft:crafted":{"minecraft:cooked_beef":23,"minecraft:crimson_planks":80,"minecraft:oak_planks":92,"minecraft:crafting_table":8,"minecraft:wooden_pickaxe":7,"minecraft:furnace":2,"minecraft:birch_planks":8,"minecraft:stone_axe":3,"minecraft:cooked_mutton":2,"minecraft:air":0,"minecraft:warped_planks":96,"minecraft:charcoal":5,"minecraft:stick":28,"minecraft:iron_pickaxe":1,"minecraft:stone_pickaxe":3,"minecraft:wooden_axe":4,"rpgsmw:woodenfiber":1},"minecraft:broken":{"minecraft:wooden_axe":1,"minecraft:wooden_pickaxe":1},"minecraft:picked_up":{"minecraft:wooden_axe":1,"minecraft:birch_log":2,"minecraft:charcoal":3,"minecraft:crafting_table":7,"minecraft:crimson_stem":21,"minecraft:leather":22,"minecraft:wooden_pickaxe":1,"minecraft:oak_log":36,"minecraft:lily_pad":2,"minecraft:crimson_planks":3,"minecraft:dirt":48,"minecraft:string":2,"irons_spellbooks:hogskin":2,"minecraft:apple":1,"minecraft:wheat_seeds":2,"minecraft:gold_nugget":110,"minecraft:cobbled_deepslate":59,"minecraft:warped_stem":36,"minecraft:beef":31,"weaponmaster:tutorialbook":6,"minecraft:soul_sand":2,"minecraft:oak_planks":21,"minecraft:furnace":1,"minecraft:stick":2,"minecraft:pumpkin":14,"minecraft:torch":2,"minecraft:dandelion":1,"minecraft:gravel":3,"epicfight:skillbook":1,"minecraft:porkchop":13,"minecraft:diorite":1,"minecraft:white_bed":1,"minecraft:warped_planks":8,"rpgsmw:class_choose_orb":3,"minecraft:rotten_flesh":1,"minecraft:nether_bricks":4,"iceandfire:chared_dirt":3,"minecraft:golden_apple":1,"minecraft:warped_roots":12,"minecraft:oak_sapling":2,"minecraft:bone_block":4,"minecraft:netherrack":96,"minecraft:skeleton_skull":1,"minecraft:mutton":7,"minecraft:white_wool":4,"minecraft:crimson_roots":6,"iceandfire:raw_silver":1,"minecraft:cobblestone":128},"minecraft:custom":{"minecraft:interact_with_furnace":25,"minecraft:mob_kills":32,"minecraft:interact_with_crafting_table":37,"minecraft:leave_game":12,"minecraft:time_since_death":37308,"minecraft:climb_one_cm":5384,"minecraft:time_since_rest":37330,"minecraft:sprint_one_cm":453108,"minecraft:damage_taken":3711,"minecraft:walk_one_cm":740289,"minecraft:drop":37,"minecraft:damage_dealt":4754,"minecraft:damage_dealt_absorbed":50,"minecraft:swim_one_cm":16955,"minecraft:fly_one_cm":967386,"minecraft:open_chest":14,"minecraft:crouch_one_cm":53485,"minecraft:play_time":109302,"minecraft:deaths":8,"minecraft:sneak_time":7052,"minecraft:walk_under_water_one_cm":2001,"minecraft:jump":3003,"minecraft:fall_one_cm":72358,"minecraft:walk_on_water_one_cm":16219,"minecraft:total_world_time":109302},"minecraft:dropped":{"minecraft:stone_axe":1,"minecraft:cooked_beef":9,"minecraft:oak_log":4,"minecraft:cobblestone":36,"minecraft:mutton":2,"minecraft:wooden_axe":1,"minecraft:wooden_pickaxe":1},"minecraft:killed_by":{"minecraft:zombified_piglin":3}},"DataVersion":3465}