{"stats":{"minecraft:killed":{"minecraft:spider":1,"minecraft:hoglin":4,"minecraft:zombie":1,"minecraft:cow":22},"minecraft:used":{"minecraft:stone_pickaxe":133,"minecraft:oak_planks":86,"minecraft:bone_block":1,"minecraft:wooden_pickaxe":137,"minecraft:netherrack":55,"minecraft:warped_roots":1,"minecraft:torch":2,"minecraft:dirt":24,"minecraft:crafting_table":10,"minecraft:nether_bricks":1,"minecraft:warped_planks":14,"minecraft:wooden_axe":67,"minecraft:gravel":2,"minecraft:crimson_planks":71,"minecraft:stone_axe":87,"minecraft:cobblestone":18,"minecraft:beef":4,"minecraft:furnace":2,"minecraft:porkchop":10,"minecraft:cooked_beef":14,"minecraft:cobbled_deepslate":53,"minecraft:crimson_stem":1},"minecraft:mined":{"minecraft:white_bed":1,"iceandfire:silver_ore":1,"minecraft:soul_sand":2,"minecraft:crimson_nylium":15,"minecraft:crafting_table":8,"minecraft:nether_bricks":4,"minecraft:grass_block":8,"minecraft:warped_roots":8,"minecraft:crimson_roots":10,"minecraft:cobblestone":2,"minecraft:tall_grass":8,"minecraft:lily_pad":2,"minecraft:oak_planks":22,"minecraft:diorite":1,"minecraft:wall_torch":1,"minecraft:crimson_stem":21,"minecraft:skeleton_skull":1,"minecraft:weeping_vines_plant":3,"minecraft:warped_nylium":18,"minecraft:furnace":1,"minecraft:birch_log":2,"minecraft:nether_sprouts":3,"minecraft:fire":10,"minecraft:grass":13,"minecraft:oak_log":24,"iceandfire:gold_pile":3,"minecraft:vine":1,"minecraft:warped_stem":25,"minecraft:gravel":4,"minecraft:dirt":12,"minecraft:crimson_planks":3,"minecraft:stone":62,"minecraft:netherrack":63,"minecraft:bone_block":5,"minecraft:oak_leaves":1,"minecraft:deepslate":59},"minecraft:crafted":{"minecraft:cooked_beef":21,"minecraft:crimson_planks":80,"minecraft:oak_planks":92,"minecraft:crafting_table":8,"minecraft:wooden_pickaxe":7,"minecraft:furnace":1,"minecraft:birch_planks":8,"minecraft:stone_axe":3,"minecraft:air":0,"minecraft:warped_planks":96,"minecraft:charcoal":4,"minecraft:stick":28,"minecraft:stone_pickaxe":2,"minecraft:wooden_axe":4,"rpgsmw:woodenfiber":1},"minecraft:broken":{"minecraft:wooden_axe":1,"minecraft:wooden_pickaxe":1},"minecraft:picked_up":{"minecraft:wooden_axe":1,"minecraft:birch_log":2,"minecraft:charcoal":3,"minecraft:crafting_table":7,"minecraft:crimson_stem":21,"minecraft:leather":22,"minecraft:wooden_pickaxe":1,"minecraft:oak_log":31,"minecraft:lily_pad":2,"minecraft:crimson_planks":3,"minecraft:dirt":24,"minecraft:string":2,"irons_spellbooks:hogskin":2,"minecraft:wheat_seeds":1,"minecraft:gold_nugget":110,"minecraft:cobbled_deepslate":59,"minecraft:warped_stem":36,"minecraft:beef":31,"weaponmaster:tutorialbook":6,"minecraft:soul_sand":2,"minecraft:oak_planks":21,"minecraft:furnace":1,"minecraft:stick":2,"minecraft:torch":2,"minecraft:gravel":3,"epicfight:skillbook":1,"minecraft:porkchop":13,"minecraft:diorite":1,"minecraft:white_bed":1,"minecraft:warped_planks":8,"rpgsmw:class_choose_orb":3,"minecraft:rotten_flesh":1,"minecraft:nether_bricks":4,"minecraft:golden_apple":1,"minecraft:warped_roots":12,"minecraft:oak_sapling":2,"minecraft:bone_block":4,"minecraft:netherrack":96,"minecraft:skeleton_skull":1,"minecraft:crimson_roots":6,"iceandfire:raw_silver":1,"minecraft:cobblestone":64},"minecraft:custom":{"minecraft:interact_with_furnace":18,"minecraft:mob_kills":28,"minecraft:interact_with_crafting_table":19,"minecraft:leave_game":9,"minecraft:time_since_death":23827,"minecraft:climb_one_cm":5368,"minecraft:time_since_rest":23849,"minecraft:sprint_one_cm":426322,"minecraft:damage_taken":3395,"minecraft:walk_one_cm":664746,"minecraft:drop":14,"minecraft:damage_dealt":4420,"minecraft:damage_dealt_absorbed":50,"minecraft:swim_one_cm":16955,"minecraft:fly_one_cm":928837,"minecraft:open_chest":13,"minecraft:crouch_one_cm":42877,"minecraft:play_time":95821,"minecraft:deaths":8,"minecraft:sneak_time":5361,"minecraft:walk_under_water_one_cm":2001,"minecraft:jump":2813,"minecraft:walk_on_water_one_cm":15618,"minecraft:total_world_time":95821,"minecraft:fall_one_cm":69112},"minecraft:dropped":{"minecraft:stone_axe":1,"minecraft:cooked_beef":9,"minecraft:oak_log":4,"minecraft:cobblestone":15,"minecraft:wooden_axe":1,"minecraft:wooden_pickaxe":1},"minecraft:killed_by":{"minecraft:zombified_piglin":3}},"DataVersion":3465}