{"stats":{"minecraft:mined":{"minecraft:fire":3},"minecraft:picked_up":{"rpgsmw:class_choose_orb":2,"weaponmaster:tutorialbook":3},"minecraft:custom":{"minecraft:jump":290,"minecraft:time_since_rest":473,"minecraft:damage_dealt":73,"minecraft:damage_taken":500,"minecraft:leave_game":2,"minecraft:play_time":13369,"minecraft:sprint_one_cm":42287,"minecraft:time_since_death":443,"minecraft:walk_one_cm":40035,"minecraft:deaths":2,"minecraft:total_world_time":13369,"minecraft:fall_one_cm":10914,"minecraft:fly_one_cm":137238},"minecraft:killed_by":{"minecraft:zombified_piglin":2}},"DataVersion":3465}