{"stats":{"minecraft:mined":{"minecraft:warped_nylium":14,"minecraft:nether_sprouts":2,"minecraft:fire":3,"minecraft:crafting_table":2,"minecraft:warped_roots":8,"minecraft:warped_stem":25,"minecraft:gravel":2,"minecraft:netherrack":9},"minecraft:used":{"minecraft:wooden_axe":16,"minecraft:wooden_pickaxe":29,"minecraft:gravel":2,"minecraft:netherrack":2,"minecraft:warped_roots":1,"minecraft:crafting_table":3,"minecraft:warped_planks":14},"minecraft:crafted":{"minecraft:warped_planks":96,"minecraft:crafting_table":3,"minecraft:stick":12,"minecraft:wooden_pickaxe":3,"minecraft:wooden_axe":2,"rpgsmw:woodenfiber":1},"minecraft:picked_up":{"minecraft:wooden_axe":1,"minecraft:crafting_table":2,"minecraft:wooden_pickaxe":1,"minecraft:gravel":2,"minecraft:warped_planks":8,"rpgsmw:class_choose_orb":3,"minecraft:warped_stem":36,"weaponmaster:tutorialbook":6,"minecraft:warped_roots":8,"minecraft:netherrack":22},"minecraft:custom":{"minecraft:time_since_rest":10090,"minecraft:sprint_one_cm":119927,"minecraft:damage_taken":965,"minecraft:walk_one_cm":159648,"minecraft:damage_dealt":73,"minecraft:fly_one_cm":298023,"minecraft:interact_with_crafting_table":3,"minecraft:crouch_one_cm":4359,"minecraft:play_time":37369,"minecraft:deaths":4,"minecraft:sneak_time":363,"minecraft:jump":788,"minecraft:leave_game":2,"minecraft:time_since_death":10054,"minecraft:total_world_time":37369,"minecraft:climb_one_cm":2098,"minecraft:fall_one_cm":21731},"minecraft:killed_by":{"minecraft:zombified_piglin":2}},"DataVersion":3465}