{"stats":{"minecraft:mined":{"minecraft:warped_nylium":6,"minecraft:warped_roots":2,"minecraft:warped_stem":18,"minecraft:gravel":1,"minecraft:nether_sprouts":2,"minecraft:fire":3,"minecraft:netherrack":5,"minecraft:crafting_table":2},"minecraft:used":{"minecraft:netherrack":1,"minecraft:wooden_axe":16,"minecraft:crafting_table":2,"minecraft:wooden_pickaxe":12,"minecraft:gravel":1},"minecraft:crafted":{"minecraft:warped_planks":68,"minecraft:crafting_table":2,"minecraft:wooden_pickaxe":2,"minecraft:wooden_axe":1},"minecraft:picked_up":{"minecraft:wooden_axe":1,"rpgsmw:class_choose_orb":3,"minecraft:crafting_table":2,"minecraft:wooden_pickaxe":1,"minecraft:warped_stem":29,"minecraft:gravel":1,"weaponmaster:tutorialbook":6,"minecraft:warped_roots":2,"minecraft:warped_planks":8,"minecraft:netherrack":11},"minecraft:custom":{"minecraft:time_since_rest":5904,"minecraft:crouch_one_cm":1,"minecraft:sprint_one_cm":91056,"minecraft:play_time":25369,"minecraft:deaths":3,"minecraft:damage_taken":915,"minecraft:walk_one_cm":75046,"minecraft:sneak_time":13,"minecraft:jump":601,"minecraft:damage_dealt":73,"minecraft:leave_game":2,"minecraft:time_since_death":5884,"minecraft:climb_one_cm":2098,"minecraft:total_world_time":25369,"minecraft:interact_with_crafting_table":2,"minecraft:fall_one_cm":18716,"minecraft:fly_one_cm":262475},"minecraft:killed_by":{"minecraft:zombified_piglin":2}},"DataVersion":3465}