{"stats":{"minecraft:mined":{"minecraft:crafting_table":1,"minecraft:grass_block":65,"minecraft:cobblestone":9,"minecraft:spruce_leaves":1,"minecraft:birch_planks":7,"minecraft:spruce_stairs":1,"minecraft:packed_mud":1,"minecraft:birch_log":5,"minecraft:spruce_log":1,"minecraft:birch_leaves":3,"minecraft:grass":2,"minecraft:oak_log":5,"minecraft:dirt":66,"irons_spellbooks:inscription_table":1,"minecraft:stone":1,"minecraft:oak_leaves":1},"minecraft:killed":{"minecraft:pig":16,"minecraft:spider":4,"iceandfire:stymphalian_bird":1,"minecraft:sheep":7,"minecraft:skeleton":4,"minecraft:zombie":5,"minecraft:chicken":10,"minecraft:llama":2,"irons_spellbooks:summoned_skeleton":1,"minecraft:cow":14},"minecraft:used":{"minecraft:stone_sword":151,"minecraft:birch_planks":19,"minecraft:stone_pickaxe":10,"minecraft:dirt":73,"minecraft:crafting_table":3,"minecraft:spruce_stairs":1,"minecraft:white_bed":1,"minecraft:bread":6,"minecraft:grass_block":1,"minecraft:string":1,"minecraft:cobblestone":1,"minecraft:cooked_porkchop":11,"minecraft:cooked_beef":6,"minecraft:dandelion":1},"minecraft:crafted":{"minecraft:cooked_beef":6,"minecraft:oak_planks":20,"minecraft:cooked_porkchop":11,"minecraft:spruce_planks":4,"minecraft:birch_planks":20,"minecraft:air":0,"minecraft:stick":8,"minecraft:iron_ingot":4},"minecraft:picked_up":{"irons_spellbooks:scroll":1,"minecraft:birch_log":5,"minecraft:crafting_table":1,"minecraft:mud_bricks":1,"minecraft:feather":14,"minecraft:chicken":12,"minecraft:leather":12,"minecraft:wooden_pickaxe":1,"minecraft:birch_planks":7,"minecraft:packed_mud":1,"minecraft:oak_log":5,"minecraft:dirt":119,"minecraft:string":5,"irons_spellbooks:nature_rune":1,"minecraft:raw_copper":37,"irons_spellbooks:rare_ink":1,"minecraft:bone":3,"minecraft:wheat_seeds":1,"minecraft:beef":22,"minecraft:oak_planks":11,"minecraft:birch_sapling":1,"irons_spellbooks:inscription_table":1,"minecraft:egg":2,"minecraft:furnace":2,"minecraft:stick":2,"iceandfire:copper_nugget":8,"minecraft:dandelion":1,"minecraft:spruce_stairs":1,"minecraft:porkchop":32,"iceandfire:stymphalian_bird_feather":4,"minecraft:grass_block":1,"minecraft:spruce_log":1,"minecraft:spider_eye":5,"minecraft:arrow":6,"minecraft:rotten_flesh":5,"minecraft:bread":9,"minecraft:mutton":11,"minecraft:white_wool":8,"minecraft:cobblestone":52},"minecraft:custom":{"minecraft:interact_with_furnace":40,"minecraft:mob_kills":64,"minecraft:interact_with_crafting_table":11,"minecraft:open_barrel":3,"minecraft:leave_game":6,"minecraft:time_since_death":89918,"minecraft:climb_one_cm":9290,"minecraft:waystone_activated":1,"minecraft:time_since_rest":89918,"minecraft:sprint_one_cm":521148,"minecraft:damage_taken":1131,"minecraft:walk_one_cm":731557,"minecraft:trigger_trapped_chest":1,"minecraft:drop":30,"minecraft:damage_dealt":7719,"minecraft:damage_dealt_absorbed":80,"minecraft:swim_one_cm":17251,"minecraft:fly_one_cm":706854,"minecraft:open_chest":6,"minecraft:crouch_one_cm":14352,"minecraft:play_time":89918,"minecraft:sneak_time":1260,"minecraft:walk_under_water_one_cm":1894,"minecraft:jump":2124,"minecraft:walk_on_water_one_cm":5373,"minecraft:total_world_time":89918,"minecraft:fall_one_cm":200800},"minecraft:dropped":{"minecraft:furnace":4,"minecraft:brown_mushroom":1,"minecraft:birch_planks":2,"minecraft:wheat_seeds":1,"minecraft:nether_wart":5,"minecraft:stone_sword":1,"minecraft:cooked_porkchop":10,"minecraft:birch_sapling":1,"minecraft:cobblestone":25,"minecraft:feather":14,"minecraft:rotten_flesh":4,"minecraft:fern":6,"minecraft:stick":3,"minecraft:packed_mud":1,"minecraft:spider_eye":2,"minecraft:wooden_pickaxe":1,"minecraft:string":2,"minecraft:egg":2}},"DataVersion":3465}