{"stats":{"minecraft:picked_up":{"minecraft:wooden_axe":1,"minecraft:crafting_table":8,"minecraft:wheat":7,"minecraft:feather":7,"minecraft:chicken":6,"minecraft:salmon":22,"minecraft:leather":12,"minecraft:brown_wool":6,"minecraft:lead":2,"minecraft:wooden_pickaxe":3,"minecraft:potato":4,"minecraft:oak_log":12,"minecraft:gunpowder":2,"minecraft:string":1,"minecraft:dirt":27,"minecraft:wooden_sword":2,"minecraft:cooked_mutton":2,"minecraft:bone":3,"bountiful:bounty":1,"minecraft:acacia_planks":118,"minecraft:bow":2,"minecraft:cobbled_deepslate":2,"minecraft:wheat_seeds":31,"minecraft:smooth_stone":1,"minecraft:raw_gold":1,"minecraft:beef":20,"minecraft:light_gray_wool":1,"minecraft:acacia_sapling":3,"irons_spellbooks:inscription_table":1,"minecraft:oak_planks":91,"minecraft:egg":1,"minecraft:furnace":3,"minecraft:stick":31,"minecraft:torch":22,"minecraft:acacia_log":17,"minecraft:porkchop":52,"minecraft:carrot":38,"minecraft:white_bed":1,"minecraft:spider_eye":1,"minecraft:rotten_flesh":1,"minecraft:arrow":6,"iceandfire:raw_silver":1,"minecraft:bone_meal":1,"minecraft:gray_wool":1,"minecraft:mutton":62,"minecraft:black_wool":5,"minecraft:coal":83,"irons_spellbooks:scroll":1,"minecraft:white_wool":33,"minecraft:cobblestone":152,"minecraft:sunflower":6},"minecraft:dropped":{"bountiful:bounty":1,"minecraft:wheat_seeds":12,"minecraft:feather":4,"minecraft:rotten_flesh":1,"minecraft:cooked_mutton":2,"minecraft:stick":1,"minecraft:charcoal":2,"minecraft:acacia_sapling":3,"minecraft:spider_eye":1,"minecraft:wooden_sword":1,"minecraft:sunflower":6,"minecraft:arrow":4,"minecraft:raw_gold":1,"minecraft:string":1,"minecraft:acacia_planks":16},"minecraft:custom":{"minecraft:interact_with_furnace":76,"minecraft:mob_kills":104,"minecraft:traded_with_villager":2,"minecraft:interact_with_crafting_table":39,"minecraft:open_barrel":19,"minecraft:fill_cauldron":1,"minecraft:leave_game":2,"minecraft:time_since_death":92148,"minecraft:sleep_in_bed":2,"minecraft:climb_one_cm":664,"minecraft:time_since_rest":53652,"minecraft:waystone_activated":1,"minecraft:sprint_one_cm":400330,"minecraft:damage_taken":6332,"minecraft:walk_one_cm":538438,"minecraft:drop":37,"minecraft:damage_dealt":8992,"minecraft:talked_to_villager":12,"minecraft:swim_one_cm":71561,"minecraft:fly_one_cm":732230,"minecraft:open_chest":67,"minecraft:crouch_one_cm":9061,"minecraft:play_time":155678,"minecraft:deaths":16,"minecraft:sneak_time":4282,"minecraft:walk_under_water_one_cm":58636,"minecraft:jump":3673,"minecraft:horse_one_cm":83538,"minecraft:use_cauldron":1,"minecraft:walk_on_water_one_cm":41653,"minecraft:total_world_time":155678,"minecraft:fall_one_cm":127821},"minecraft:mined":{"minecraft:acacia_leaves":2,"minecraft:white_bed":1,"minecraft:crafting_table":6,"minecraft:torch":5,"minecraft:acacia_log":19,"minecraft:grass_block":9,"iceandfire:deepslate_silver_ore":1,"minecraft:tall_grass":7,"minecraft:wall_torch":17,"minecraft:spawner":1,"minecraft:smooth_stone":1,"minecraft:furnace":3,"minecraft:carrots":13,"minecraft:wheat":7,"minecraft:potatoes":1,"minecraft:grass":60,"minecraft:oak_log":8,"minecraft:coal_ore":57,"minecraft:sunflower":7,"minecraft:dirt":5,"minecraft:deepslate":2,"minecraft:cracked_stone_bricks":1,"irons_spellbooks:inscription_table":1,"minecraft:stone":147,"minecraft:stone_bricks":2,"minecraft:netherrack":1,"minecraft:oak_leaves":1},"minecraft:killed":{"minecraft:pig":10,"minecraft:salmon":30,"minecraft:spider":1,"minecraft:creeper":2,"minecraft:sheep":35,"minecraft:skeleton":4,"minecraft:pillager":1,"minecraft:zombie":2,"minecraft:chicken":4,"minecraft:cow":12},"minecraft:used":{"irons_spellbooks:inscription_table":1,"minecraft:cooked_mutton":19,"minecraft:water_bucket":14,"minecraft:stone_sword":202,"minecraft:stone_pickaxe":132,"minecraft:oak_planks":2,"minecraft:wooden_pickaxe":91,"minecraft:cooked_chicken":1,"minecraft:white_wool":7,"minecraft:salmon":1,"minecraft:torch":21,"minecraft:dirt":7,"minecraft:mutton":4,"minecraft:wheat":3,"minecraft:crafting_table":9,"minecraft:carrot":42,"minecraft:white_bed":1,"minecraft:wooden_axe":4,"minecraft:light_weighted_pressure_plate":1,"minecraft:chicken":3,"minecraft:light_gray_wool":1,"minecraft:wooden_sword":57,"minecraft:cobblestone":22,"minecraft:beef":2,"minecraft:furnace":5,"minecraft:cooked_porkchop":18,"minecraft:porkchop":1,"minecraft:bucket":15,"minecraft:potato":4,"minecraft:cooked_beef":2,"minecraft:smooth_stone":1},"minecraft:crafted":{"minecraft:cooked_beef":15,"minecraft:oak_planks":48,"minecraft:emerald":3,"minecraft:cooked_porkchop":18,"minecraft:cooked_chicken":1,"minecraft:cooked_mutton":26,"minecraft:air":0,"minecraft:stick":8,"minecraft:leather_chestplate":1,"minecraft:gold_ingot":1,"minecraft:acacia_planks":68},"minecraft:broken":{"minecraft:wooden_pickaxe":1}},"DataVersion":3465}