{"stats":{"minecraft:used":{"minecraft:map":1,"minecraft:wooden_pickaxe":59,"minecraft:torch":1,"minecraft:dirt":10,"minecraft:dark_oak_planks":4},"minecraft:picked_up":{"minecraft:fishing_rod":1,"minecraft:birch_log":11,"minecraft:raw_iron":2,"minecraft:stick":6,"minecraft:clock":1,"minecraft:feather":4,"minecraft:cooked_porkchop":3,"minecraft:torch":9,"minecraft:wooden_pickaxe":3,"minecraft:filled_map":1,"minecraft:gravel":4,"minecraft:birch_planks":46,"minecraft:white_bed":1,"minecraft:diorite":3,"minecraft:dark_oak_log":1,"minecraft:map":8,"minecraft:dirt":10,"minecraft:compass":1,"minecraft:stone_sword":3,"minecraft:bone":4,"minecraft:arrow":4,"minecraft:rotten_flesh":3,"minecraft:wheat_seeds":9,"minecraft:iron_ingot":5,"minecraft:stone_pickaxe":2,"weaponmaster:tutorialbook":17,"minecraft:iron_pickaxe":2,"minecraft:egg":1,"minecraft:birch_sapling":5,"iceandfire:raw_silver":4,"minecraft:cobblestone":64},"minecraft:mined":{"minecraft:birch_log":1,"minecraft:dirt":10,"minecraft:stone":59},"minecraft:custom":{"minecraft:sprint_one_cm":106131,"minecraft:interact_with_furnace":9,"minecraft:walk_one_cm":370294,"minecraft:mob_kills":2,"minecraft:drop":90,"minecraft:damage_dealt":290,"minecraft:swim_one_cm":1617,"minecraft:interact_with_crafting_table":1,"minecraft:fly_one_cm":282166,"minecraft:player_kills":1,"minecraft:crouch_one_cm":4022,"minecraft:play_time":75590,"minecraft:deaths":2,"minecraft:sneak_time":601,"minecraft:walk_under_water_one_cm":17005,"minecraft:jump":914,"minecraft:leave_game":6,"minecraft:time_since_death":0,"minecraft:walk_on_water_one_cm":8603,"minecraft:total_world_time":75590,"minecraft:damage_taken":1290,"minecraft:fall_one_cm":43007,"minecraft:time_since_rest":0},"minecraft:broken":{"minecraft:wooden_pickaxe":1},"minecraft:dropped":{"minecraft:gravel":4,"minecraft:iron_ingot":5,"iceandfire:raw_silver":4,"minecraft:birch_planks":29,"minecraft:wheat_seeds":9,"minecraft:diorite":3,"minecraft:cooked_beef":1,"minecraft:stone_sword":3,"minecraft:torch":6,"weaponmaster:tutorialbook":12,"minecraft:cooked_porkchop":3,"minecraft:birch_sapling":5,"minecraft:raw_iron":2,"minecraft:feather":4,"minecraft:cobblestone":33,"minecraft:rotten_flesh":3,"minecraft:stone_pickaxe":2,"minecraft:wooden_pickaxe":2,"minecraft:iron_pickaxe":2,"minecraft:fishing_rod":1,"minecraft:white_bed":1,"minecraft:birch_log":10,"minecraft:egg":1,"minecraft:bone":4,"minecraft:stick":6},"minecraft:crafted":{"minecraft:cooked_beef":1,"minecraft:dark_oak_planks":4,"minecraft:birch_planks":4,"minecraft:air":0},"minecraft:killed":{"minecraft:skeleton":1,"minecraft:zombie":1}},"DataVersion":3465}