{"stats":{"minecraft:mined":{"minecraft:dark_oak_log":8,"minecraft:crafting_table":1,"minecraft:grass_block":65,"minecraft:cobblestone":10,"minecraft:spruce_leaves":1,"minecraft:birch_planks":7,"minecraft:spruce_stairs":1,"minecraft:furnace":1,"minecraft:packed_mud":1,"minecraft:birch_log":5,"minecraft:spruce_log":1,"minecraft:birch_leaves":3,"minecraft:grass":4,"minecraft:oak_log":5,"minecraft:vine":1,"minecraft:dirt":66,"minecraft:stone_bricks":2,"irons_spellbooks:inscription_table":2,"minecraft:stone":1,"minecraft:oak_leaves":1,"minecraft:dark_oak_planks":1},"minecraft:killed":{"minecraft:pig":19,"minecraft:spider":4,"iceandfire:stymphalian_bird":1,"minecraft:sheep":8,"minecraft:skeleton":4,"minecraft:zombie":5,"iceandfire:ghost":3,"minecraft:chicken":10,"minecraft:llama":2,"irons_spellbooks:summoned_skeleton":1,"minecraft:cow":21},"minecraft:used":{"minecraft:stone_sword":185,"minecraft:birch_planks":19,"minecraft:oak_planks":3,"minecraft:stone_pickaxe":16,"minecraft:dirt":92,"minecraft:mutton":1,"minecraft:crafting_table":3,"minecraft:spruce_stairs":1,"minecraft:white_bed":1,"minecraft:dark_oak_planks":1,"minecraft:bread":9,"minecraft:grass_block":1,"minecraft:string":1,"minecraft:cobblestone":1,"minecraft:cooked_porkchop":12,"minecraft:cooked_beef":10,"minecraft:dandelion":1,"irons_spellbooks:inscription_table":1},"minecraft:crafted":{"minecraft:cooked_beef":31,"minecraft:oak_planks":20,"minecraft:cooked_porkchop":11,"minecraft:spruce_planks":4,"minecraft:birch_planks":20,"minecraft:air":0,"minecraft:stick":8,"minecraft:iron_ingot":4,"minecraft:dark_oak_planks":32},"minecraft:picked_up":{"irons_spellbooks:scroll":1,"minecraft:birch_log":5,"minecraft:crafting_table":1,"minecraft:mud_bricks":1,"minecraft:feather":14,"minecraft:chicken":12,"minecraft:leather":18,"minecraft:wooden_pickaxe":1,"minecraft:birch_planks":7,"minecraft:packed_mud":1,"minecraft:oak_log":5,"minecraft:dirt":120,"minecraft:string":5,"irons_spellbooks:nature_rune":1,"minecraft:raw_copper":37,"irons_spellbooks:rare_ink":1,"minecraft:bone":3,"minecraft:stone_bricks":2,"minecraft:wheat_seeds":1,"minecraft:beef":32,"minecraft:oak_planks":11,"minecraft:birch_sapling":1,"irons_spellbooks:inscription_table":2,"minecraft:egg":2,"minecraft:furnace":3,"minecraft:stick":2,"iceandfire:copper_nugget":8,"minecraft:cooked_porkchop":1,"minecraft:dandelion":1,"minecraft:spruce_stairs":1,"minecraft:porkchop":38,"iceandfire:stymphalian_bird_feather":4,"minecraft:grass_block":1,"minecraft:spruce_log":1,"minecraft:dark_oak_log":8,"minecraft:spider_eye":5,"minecraft:dark_oak_planks":1,"minecraft:arrow":6,"minecraft:rotten_flesh":5,"minecraft:bread":9,"minecraft:mutton":13,"minecraft:white_wool":9,"minecraft:cobblestone":52},"minecraft:custom":{"minecraft:interact_with_furnace":101,"minecraft:mob_kills":78,"minecraft:interact_with_crafting_table":11,"minecraft:open_barrel":3,"minecraft:leave_game":7,"minecraft:time_since_death":107540,"minecraft:climb_one_cm":9290,"minecraft:waystone_activated":2,"minecraft:time_since_rest":107540,"minecraft:sprint_one_cm":781454,"minecraft:damage_taken":1386,"minecraft:walk_one_cm":914959,"minecraft:trigger_trapped_chest":4,"minecraft:drop":32,"minecraft:damage_dealt":9629,"minecraft:damage_dealt_absorbed":140,"minecraft:swim_one_cm":40522,"minecraft:fly_one_cm":910756,"minecraft:open_chest":6,"minecraft:crouch_one_cm":14626,"minecraft:play_time":107540,"minecraft:sneak_time":1274,"minecraft:walk_under_water_one_cm":2347,"minecraft:jump":2631,"minecraft:walk_on_water_one_cm":8618,"minecraft:total_world_time":107540,"minecraft:fall_one_cm":265289},"minecraft:dropped":{"minecraft:furnace":4,"minecraft:brown_mushroom":1,"minecraft:birch_planks":2,"minecraft:wheat_seeds":1,"minecraft:nether_wart":5,"minecraft:stone_sword":1,"minecraft:cooked_porkchop":10,"minecraft:birch_sapling":1,"minecraft:cobblestone":25,"minecraft:feather":14,"minecraft:rotten_flesh":4,"minecraft:fern":6,"minecraft:stick":7,"minecraft:packed_mud":1,"minecraft:spider_eye":5,"minecraft:wooden_pickaxe":1,"minecraft:string":2,"minecraft:egg":2}},"DataVersion":3465}