{"stats":{"minecraft:used":{"epicfight:skillbook":3,"minecraft:stone_sword":258,"minecraft:oak_planks":3,"minecraft:birch_planks":19,"minecraft:stone_pickaxe":37,"minecraft:birch_boat":1,"minecraft:dirt":112,"minecraft:mutton":1,"minecraft:crafting_table":4,"minecraft:spruce_stairs":1,"minecraft:white_bed":2,"minecraft:dark_oak_planks":1,"minecraft:string":1,"minecraft:bread":9,"minecraft:grass_block":1,"minecraft:pink_petals":4,"minecraft:cobblestone":1,"minecraft:furnace":1,"minecraft:cooked_porkchop":12,"minecraft:cooked_beef":27,"minecraft:dandelion":1,"irons_spellbooks:inscription_table":1},"minecraft:picked_up":{"minecraft:birch_log":8,"minecraft:pink_petals":4,"minecraft:seagrass":3,"minecraft:crafting_table":1,"minecraft:mud_bricks":1,"minecraft:feather":14,"minecraft:cooked_beef":8,"minecraft:chicken":36,"minecraft:leather":54,"minecraft:enchanted_book":2,"minecraft:potion":2,"minecraft:wooden_pickaxe":1,"minecraft:birch_planks":7,"minecraft:packed_mud":1,"minecraft:oak_log":5,"iceandfire:ectoplasm":7,"iceandfire:manuscript":32,"minecraft:dirt":198,"minecraft:string":6,"irons_spellbooks:nature_rune":3,"minecraft:raw_copper":75,"irons_spellbooks:rare_ink":5,"irons_spellbooks:common_ink":2,"minecraft:bone":3,"minecraft:stone_bricks":2,"irons_spellbooks:arcane_essence":45,"minecraft:wheat_seeds":1,"irons_spellbooks:blood_vial":8,"minecraft:iron_ingot":20,"minecraft:spruce_planks":40,"minecraft:stone_pickaxe":2,"minecraft:beef":34,"weaponmaster:tutorialbook":2,"minecraft:iron_pickaxe":2,"irons_spellbooks:blank_rune":3,"minecraft:iron_sword":2,"minecraft:oak_planks":11,"minecraft:birch_sapling":1,"irons_spellbooks:inscription_table":4,"iceandfire:pixie_dust":1,"minecraft:furnace":5,"minecraft:egg":2,"minecraft:stick":2,"iceandfire:copper_nugget":8,"minecraft:cooked_porkchop":1,"minecraft:dandelion":1,"minecraft:spruce_stairs":1,"epicfight:skillbook":1,"minecraft:porkchop":85,"iceandfire:stymphalian_bird_feather":12,"minecraft:grass_block":1,"minecraft:spruce_log":1,"minecraft:dark_oak_log":8,"minecraft:spider_eye":5,"minecraft:dark_oak_planks":17,"iceandfire:silver_ingot":2,"iceandfire:cyclops_eye":1,"minecraft:stone_sword":1,"minecraft:arrow":18,"minecraft:rotten_flesh":6,"minecraft:diamond":2,"minecraft:gold_ingot":8,"minecraft:bread":9,"minecraft:mutton":37,"minecraft:white_wool":17,"minecraft:cobblestone":52,"irons_spellbooks:scroll":6},"minecraft:mined":{"minecraft:dark_oak_planks":1,"minecraft:dark_oak_log":8,"minecraft:crafting_table":1,"minecraft:grass_block":68,"minecraft:cobblestone":10,"minecraft:spruce_leaves":1,"minecraft:spruce_stairs":1,"minecraft:birch_planks":7,"minecraft:furnace":1,"minecraft:packed_mud":1,"minecraft:birch_log":5,"minecraft:spruce_log":1,"minecraft:birch_leaves":3,"minecraft:grass":4,"minecraft:oak_log":5,"minecraft:vine":2,"minecraft:dirt":79,"minecraft:stone_bricks":2,"irons_spellbooks:inscription_table":2,"minecraft:stone":1,"minecraft:oak_leaves":1},"minecraft:custom":{"minecraft:interact_with_furnace":103,"minecraft:mob_kills":90,"minecraft:interact_with_crafting_table":18,"minecraft:open_barrel":3,"minecraft:leave_game":10,"minecraft:time_since_death":5314,"minecraft:climb_one_cm":9290,"minecraft:waystone_activated":3,"minecraft:time_since_rest":5464,"minecraft:sprint_one_cm":1100331,"minecraft:damage_taken":3005,"minecraft:walk_one_cm":1183678,"minecraft:trigger_trapped_chest":5,"minecraft:drop":48,"minecraft:damage_dealt":12334,"minecraft:damage_dealt_absorbed":164,"minecraft:swim_one_cm":42087,"minecraft:fly_one_cm":1348077,"minecraft:open_chest":17,"minecraft:crouch_one_cm":15180,"minecraft:play_time":153197,"minecraft:deaths":2,"minecraft:sneak_time":1372,"minecraft:walk_under_water_one_cm":12445,"minecraft:boat_one_cm":130628,"minecraft:jump":3609,"minecraft:walk_on_water_one_cm":15428,"minecraft:total_world_time":153197,"minecraft:fall_one_cm":363231},"minecraft:broken":{"minecraft:stone_sword":1},"minecraft:dropped":{"minecraft:furnace":4,"minecraft:brown_mushroom":1,"minecraft:birch_planks":5,"minecraft:wheat_seeds":1,"minecraft:cooked_beef":4,"minecraft:nether_wart":5,"minecraft:stone_sword":1,"weaponmaster:tutorialbook":2,"minecraft:cooked_porkchop":10,"minecraft:birch_sapling":1,"minecraft:cobblestone":25,"minecraft:feather":14,"minecraft:rotten_flesh":5,"minecraft:fern":6,"iceandfire:cyclops_eye":1,"minecraft:stick":7,"minecraft:packed_mud":1,"iceandfire:copper_nugget":8,"minecraft:spruce_planks":15,"minecraft:seagrass":3,"irons_spellbooks:arcane_essence":1,"minecraft:spider_eye":5,"minecraft:wooden_pickaxe":1,"minecraft:string":3,"minecraft:birch_log":1,"minecraft:egg":2},"minecraft:crafted":{"minecraft:cooked_beef":31,"minecraft:oak_planks":20,"minecraft:cooked_porkchop":11,"minecraft:spruce_planks":4,"minecraft:birch_planks":28,"minecraft:air":0,"minecraft:stick":8,"minecraft:iron_ingot":4,"minecraft:dark_oak_planks":32},"minecraft:killed":{"minecraft:pig":21,"minecraft:spider":4,"iceandfire:stymphalian_bird":1,"minecraft:sheep":8,"minecraft:skeleton":4,"minecraft:zombie":10,"iceandfire:ghost":3,"minecraft:chicken":10,"minecraft:llama":2,"iceandfire:pixie":2,"minecraft:turtle":2,"irons_spellbooks:summoned_skeleton":1,"minecraft:cow":22}},"DataVersion":3465}