{"stats":{"minecraft:picked_up":{"minecraft:wooden_axe":1,"minecraft:crafting_table":5,"minecraft:feather":6,"minecraft:chicken":5,"minecraft:salmon":22,"minecraft:leather":1,"minecraft:brown_wool":6,"minecraft:wooden_pickaxe":3,"minecraft:oak_log":12,"minecraft:dirt":16,"minecraft:wooden_sword":2,"minecraft:bone":1,"minecraft:acacia_planks":118,"minecraft:wheat_seeds":12,"minecraft:beef":5,"minecraft:acacia_sapling":3,"irons_spellbooks:inscription_table":1,"minecraft:oak_planks":90,"minecraft:furnace":2,"minecraft:stick":31,"minecraft:torch":4,"minecraft:acacia_log":17,"minecraft:porkchop":49,"minecraft:white_bed":1,"minecraft:arrow":1,"minecraft:mutton":48,"minecraft:black_wool":5,"minecraft:coal":78,"minecraft:white_wool":22,"minecraft:cobblestone":151,"minecraft:sunflower":6},"minecraft:dropped":{"minecraft:wheat_seeds":11,"minecraft:feather":4,"minecraft:stick":1,"minecraft:acacia_sapling":3,"minecraft:sunflower":6,"minecraft:acacia_planks":16},"minecraft:custom":{"minecraft:interact_with_furnace":12,"minecraft:mob_kills":72,"minecraft:interact_with_crafting_table":12,"minecraft:open_barrel":10,"minecraft:leave_game":1,"minecraft:time_since_death":20684,"minecraft:sleep_in_bed":1,"minecraft:climb_one_cm":461,"minecraft:time_since_rest":2365,"minecraft:waystone_activated":1,"minecraft:sprint_one_cm":234336,"minecraft:damage_taken":4972,"minecraft:walk_one_cm":221553,"minecraft:drop":25,"minecraft:damage_dealt":5244,"minecraft:talked_to_villager":2,"minecraft:swim_one_cm":68728,"minecraft:fly_one_cm":409049,"minecraft:open_chest":4,"minecraft:crouch_one_cm":8258,"minecraft:play_time":84214,"minecraft:deaths":16,"minecraft:sneak_time":4076,"minecraft:walk_under_water_one_cm":44218,"minecraft:jump":1913,"minecraft:walk_on_water_one_cm":29021,"minecraft:total_world_time":84214,"minecraft:fall_one_cm":80403},"minecraft:mined":{"minecraft:acacia_leaves":2,"minecraft:white_bed":1,"minecraft:crafting_table":4,"minecraft:acacia_log":19,"minecraft:grass_block":9,"minecraft:tall_grass":6,"minecraft:wall_torch":4,"minecraft:furnace":2,"minecraft:grass":56,"minecraft:oak_log":8,"minecraft:coal_ore":57,"minecraft:sunflower":7,"minecraft:dirt":5,"irons_spellbooks:inscription_table":1,"minecraft:stone":146,"minecraft:stone_bricks":1,"minecraft:oak_leaves":1},"minecraft:killed":{"minecraft:pig":8,"minecraft:salmon":30,"minecraft:creeper":1,"minecraft:sheep":24,"minecraft:skeleton":2,"minecraft:zombie":1,"minecraft:chicken":3,"minecraft:cow":3},"minecraft:used":{"minecraft:cooked_mutton":2,"minecraft:stone_sword":81,"minecraft:stone_pickaxe":117,"minecraft:wooden_pickaxe":91,"minecraft:salmon":1,"minecraft:torch":4,"minecraft:dirt":7,"minecraft:mutton":4,"minecraft:crafting_table":5,"minecraft:wooden_axe":4,"minecraft:chicken":3,"minecraft:wooden_sword":51,"minecraft:cobblestone":20,"minecraft:beef":2,"minecraft:furnace":2,"minecraft:cooked_porkchop":14,"minecraft:porkchop":1},"minecraft:crafted":{"minecraft:oak_planks":48,"minecraft:cooked_porkchop":15,"minecraft:cooked_mutton":6,"minecraft:air":0,"minecraft:acacia_planks":68},"minecraft:broken":{"minecraft:wooden_pickaxe":1}},"DataVersion":3465}