{"stats":{"minecraft:picked_up":{"minecraft:wooden_axe":1,"irons_spellbooks:scroll":1,"minecraft:crafting_table":9,"minecraft:wheat":8,"minecraft:chicken":6,"minecraft:lead":2,"minecraft:wooden_pickaxe":3,"minecraft:string":6,"minecraft:wooden_sword":2,"minecraft:smooth_stone":1,"minecraft:cobbled_deepslate":2,"minecraft:beef":20,"minecraft:light_gray_wool":1,"irons_spellbooks:inscription_table":1,"minecraft:egg":2,"minecraft:furnace":3,"minecraft:stick":31,"minecraft:raw_iron":7,"minecraft:torch":38,"minecraft:acacia_log":17,"minecraft:porkchop":52,"minecraft:diorite":1,"minecraft:carrot":84,"minecraft:arrow":8,"minecraft:rotten_flesh":7,"minecraft:mutton":62,"minecraft:white_wool":33,"minecraft:cobblestone":207,"minecraft:feather":7,"minecraft:salmon":22,"minecraft:leather":12,"minecraft:brown_wool":6,"minecraft:potato":4,"minecraft:oak_log":12,"minecraft:gunpowder":2,"minecraft:lapis_lazuli":55,"minecraft:dirt":29,"minecraft:cooked_mutton":3,"minecraft:bone":4,"minecraft:acacia_planks":118,"bountiful:bounty":2,"minecraft:bow":3,"minecraft:wheat_seeds":37,"minecraft:raw_gold":1,"minecraft:oak_planks":91,"minecraft:acacia_sapling":3,"minecraft:cooked_porkchop":1,"minecraft:white_bed":2,"minecraft:spider_eye":1,"minecraft:mossy_cobblestone":1,"minecraft:bone_meal":1,"minecraft:gray_wool":1,"minecraft:sunflower":6,"minecraft:coal":99,"minecraft:black_wool":5,"iceandfire:raw_silver":11},"minecraft:dropped":{"minecraft:wheat_seeds":18,"minecraft:feather":4,"minecraft:stick":1,"minecraft:wooden_sword":1,"minecraft:sunflower":6,"minecraft:string":1,"minecraft:acacia_planks":16,"bountiful:bounty":3,"minecraft:rotten_flesh":1,"minecraft:cooked_mutton":2,"minecraft:charcoal":2,"minecraft:acacia_sapling":3,"minecraft:spider_eye":1,"minecraft:arrow":4,"minecraft:raw_gold":1,"minecraft:egg":2},"minecraft:custom":{"minecraft:mob_kills":115,"minecraft:interact_with_crafting_table":40,"minecraft:open_barrel":19,"minecraft:fill_cauldron":1,"minecraft:bell_ring":2,"minecraft:leave_game":2,"minecraft:time_since_death":133157,"minecraft:climb_one_cm":664,"minecraft:sprint_one_cm":556547,"minecraft:walk_one_cm":759003,"minecraft:drop":42,"minecraft:talked_to_villager":13,"minecraft:play_time":196687,"minecraft:deaths":16,"minecraft:sneak_time":5163,"minecraft:walk_under_water_one_cm":65724,"minecraft:jump":4856,"minecraft:walk_on_water_one_cm":56625,"minecraft:total_world_time":196687,"minecraft:interact_with_furnace":85,"minecraft:traded_with_villager":2,"minecraft:sleep_in_bed":2,"minecraft:time_since_rest":94661,"minecraft:waystone_activated":1,"minecraft:damage_taken":7220,"minecraft:damage_dealt":11200,"minecraft:swim_one_cm":75654,"minecraft:fly_one_cm":913021,"minecraft:open_chest":82,"minecraft:crouch_one_cm":12825,"minecraft:use_cauldron":1,"minecraft:fall_one_cm":154636,"minecraft:horse_one_cm":83538},"minecraft:mined":{"minecraft:white_bed":2,"iceandfire:silver_ore":10,"minecraft:mossy_cobblestone":1,"minecraft:acacia_log":19,"minecraft:grass_block":11,"iceandfire:deepslate_silver_ore":1,"minecraft:spawner":3,"minecraft:smooth_stone":1,"minecraft:furnace":3,"minecraft:carrots":26,"minecraft:iron_ore":7,"minecraft:potatoes":1,"irons_spellbooks:inscription_table":1,"minecraft:stone":197,"minecraft:tripwire":1,"minecraft:acacia_leaves":2,"minecraft:crafting_table":7,"minecraft:torch":14,"minecraft:tall_grass":7,"minecraft:cobblestone":7,"minecraft:lapis_ore":9,"minecraft:diorite":1,"minecraft:wall_torch":19,"minecraft:wheat":8,"minecraft:grass":60,"minecraft:coal_ore":73,"minecraft:oak_log":8,"minecraft:sunflower":7,"minecraft:dirt":5,"minecraft:cobweb":4,"minecraft:cracked_stone_bricks":1,"minecraft:stone_bricks":2,"minecraft:netherrack":1,"minecraft:oak_leaves":1,"minecraft:deepslate":2},"minecraft:killed":{"minecraft:spider":2,"minecraft:skeleton":6,"minecraft:chicken":4,"minecraft:pig":10,"minecraft:salmon":30,"minecraft:creeper":2,"minecraft:sheep":35,"minecraft:pillager":1,"minecraft:zombie":10,"minecraft:cow":12},"minecraft:used":{"minecraft:stone_sword":274,"minecraft:cooked_chicken":1,"minecraft:rotten_flesh":6,"minecraft:torch":31,"minecraft:dirt":7,"minecraft:mutton":5,"minecraft:wheat":3,"minecraft:carrot":74,"minecraft:wooden_axe":4,"minecraft:light_weighted_pressure_plate":1,"minecraft:light_gray_wool":1,"minecraft:beef":2,"minecraft:furnace":5,"minecraft:cooked_beef":9,"minecraft:potato":4,"minecraft:cooked_mutton":27,"minecraft:water_bucket":31,"minecraft:stone_pickaxe":236,"minecraft:oak_planks":2,"minecraft:wooden_pickaxe":91,"minecraft:salmon":1,"minecraft:white_wool":7,"minecraft:crafting_table":10,"minecraft:white_bed":2,"minecraft:chicken":3,"minecraft:string":5,"minecraft:wooden_sword":57,"minecraft:cobblestone":61,"minecraft:cooked_porkchop":19,"minecraft:porkchop":1,"minecraft:bucket":32,"minecraft:smooth_stone":1,"irons_spellbooks:inscription_table":1},"minecraft:crafted":{"minecraft:oak_planks":48,"minecraft:cooked_chicken":1,"minecraft:cooked_mutton":26,"minecraft:cooked_beef":15,"minecraft:emerald":3,"minecraft:cooked_porkchop":18,"minecraft:air":0,"minecraft:stick":8,"minecraft:leather_chestplate":1,"minecraft:gold_ingot":1,"minecraft:acacia_planks":68},"minecraft:broken":{"minecraft:stone_sword":1,"minecraft:wooden_pickaxe":1,"minecraft:stone_pickaxe":1}},"DataVersion":3465}