{"stats":{"minecraft:broken":{"minecraft:wooden_pickaxe":1},"minecraft:killed":{"minecraft:pig":8,"minecraft:salmon":30,"minecraft:creeper":1,"minecraft:sheep":19,"minecraft:skeleton":2,"minecraft:zombie":1,"minecraft:chicken":3,"minecraft:cow":3},"minecraft:picked_up":{"minecraft:wooden_axe":1,"minecraft:crafting_table":4,"minecraft:feather":6,"minecraft:chicken":5,"minecraft:salmon":22,"minecraft:brown_wool":6,"minecraft:leather":1,"minecraft:wooden_pickaxe":3,"minecraft:oak_log":12,"minecraft:dirt":16,"minecraft:wooden_sword":2,"minecraft:bone":1,"minecraft:acacia_planks":118,"minecraft:wheat_seeds":12,"minecraft:beef":5,"minecraft:oak_planks":90,"minecraft:acacia_sapling":3,"minecraft:furnace":1,"minecraft:stick":31,"minecraft:torch":2,"minecraft:acacia_log":17,"minecraft:porkchop":49,"minecraft:arrow":1,"minecraft:black_wool":3,"minecraft:mutton":41,"minecraft:coal":72,"minecraft:white_wool":19,"minecraft:cobblestone":95,"minecraft:sunflower":6},"minecraft:custom":{"minecraft:interact_with_furnace":5,"minecraft:mob_kills":67,"minecraft:interact_with_crafting_table":10,"minecraft:time_since_death":3940,"minecraft:climb_one_cm":461,"minecraft:time_since_rest":4044,"minecraft:sprint_one_cm":160330,"minecraft:damage_taken":4790,"minecraft:walk_one_cm":173105,"minecraft:drop":25,"minecraft:damage_dealt":4574,"minecraft:swim_one_cm":57605,"minecraft:fly_one_cm":286503,"minecraft:crouch_one_cm":7710,"minecraft:play_time":67470,"minecraft:deaths":16,"minecraft:sneak_time":3932,"minecraft:walk_under_water_one_cm":43714,"minecraft:jump":1428,"minecraft:walk_on_water_one_cm":27961,"minecraft:total_world_time":67470,"minecraft:fall_one_cm":65873},"minecraft:dropped":{"minecraft:wheat_seeds":11,"minecraft:feather":4,"minecraft:stick":1,"minecraft:acacia_sapling":3,"minecraft:sunflower":6,"minecraft:acacia_planks":16},"minecraft:crafted":{"minecraft:oak_planks":48,"minecraft:cooked_porkchop":7,"minecraft:air":0,"minecraft:acacia_planks":68},"minecraft:mined":{"minecraft:acacia_leaves":2,"minecraft:crafting_table":3,"minecraft:acacia_log":19,"minecraft:grass_block":9,"minecraft:tall_grass":6,"minecraft:wall_torch":2,"minecraft:furnace":1,"minecraft:grass":56,"minecraft:oak_log":8,"minecraft:coal_ore":57,"minecraft:sunflower":7,"minecraft:dirt":5,"minecraft:stone":90,"minecraft:oak_leaves":1},"minecraft:used":{"minecraft:stone_sword":81,"minecraft:stone_pickaxe":59,"minecraft:wooden_pickaxe":91,"minecraft:salmon":1,"minecraft:torch":2,"minecraft:dirt":7,"minecraft:mutton":4,"minecraft:crafting_table":5,"minecraft:wooden_axe":4,"minecraft:chicken":3,"minecraft:wooden_sword":31,"minecraft:cobblestone":20,"minecraft:beef":2,"minecraft:porkchop":1,"minecraft:furnace":2,"minecraft:cooked_porkchop":7}},"DataVersion":3465}