{"stats":{"minecraft:broken":{"minecraft:wooden_pickaxe":1},"minecraft:killed":{"minecraft:skeleton":2,"minecraft:sheep":16,"minecraft:pig":5,"minecraft:chicken":1,"minecraft:salmon":29,"minecraft:cow":2,"minecraft:creeper":1},"minecraft:picked_up":{"minecraft:wooden_axe":1,"minecraft:stick":12,"minecraft:crafting_table":4,"minecraft:feather":2,"minecraft:chicken":1,"minecraft:salmon":21,"minecraft:leather":1,"minecraft:brown_wool":6,"minecraft:torch":2,"minecraft:wooden_pickaxe":1,"minecraft:acacia_log":10,"minecraft:porkchop":23,"minecraft:oak_log":6,"minecraft:dirt":4,"minecraft:arrow":1,"minecraft:bone":1,"minecraft:acacia_planks":6,"minecraft:wheat_seeds":9,"minecraft:beef":3,"minecraft:black_wool":3,"minecraft:mutton":27,"minecraft:oak_planks":24,"minecraft:coal":63,"minecraft:white_wool":12,"minecraft:cobblestone":70,"minecraft:furnace":1},"minecraft:custom":{"minecraft:time_since_rest":13673,"minecraft:interact_with_furnace":4,"minecraft:sprint_one_cm":84363,"minecraft:damage_taken":1645,"minecraft:walk_one_cm":119186,"minecraft:mob_kills":56,"minecraft:drop":11,"minecraft:damage_dealt":3565,"minecraft:swim_one_cm":40957,"minecraft:interact_with_crafting_table":7,"minecraft:fly_one_cm":133177,"minecraft:crouch_one_cm":5350,"minecraft:play_time":43470,"minecraft:deaths":6,"minecraft:sneak_time":2032,"minecraft:walk_under_water_one_cm":30074,"minecraft:jump":768,"minecraft:walk_on_water_one_cm":19599,"minecraft:time_since_death":13648,"minecraft:total_world_time":43470,"minecraft:climb_one_cm":461,"minecraft:fall_one_cm":24574},"minecraft:dropped":{"minecraft:wheat_seeds":8,"minecraft:feather":2,"minecraft:acacia_planks":16},"minecraft:crafted":{"minecraft:oak_planks":24,"minecraft:cooked_porkchop":7,"minecraft:acacia_planks":40,"minecraft:air":0},"minecraft:mined":{"minecraft:acacia_leaves":1,"minecraft:furnace":1,"minecraft:crafting_table":3,"minecraft:grass":50,"minecraft:acacia_log":11,"minecraft:coal_ore":48,"minecraft:grass_block":4,"minecraft:oak_log":2,"minecraft:tall_grass":3,"minecraft:stone":69,"minecraft:wall_torch":2},"minecraft:used":{"minecraft:wooden_axe":4,"minecraft:stone_sword":81,"minecraft:chicken":1,"minecraft:stone_pickaxe":59,"minecraft:wooden_pickaxe":59,"minecraft:torch":2,"minecraft:cobblestone":20,"minecraft:dirt":1,"minecraft:mutton":4,"minecraft:crafting_table":3,"minecraft:cooked_porkchop":7,"minecraft:furnace":1}},"DataVersion":3465}