{"stats":{"minecraft:picked_up":{"minecraft:wooden_axe":1,"minecraft:crafting_table":7,"minecraft:feather":6,"minecraft:chicken":5,"minecraft:salmon":22,"minecraft:leather":1,"minecraft:brown_wool":6,"minecraft:wooden_pickaxe":3,"minecraft:oak_log":12,"minecraft:dirt":16,"minecraft:wooden_sword":2,"minecraft:bone":1,"minecraft:acacia_planks":118,"minecraft:wheat_seeds":12,"minecraft:beef":5,"minecraft:acacia_sapling":3,"irons_spellbooks:inscription_table":1,"minecraft:oak_planks":90,"minecraft:furnace":3,"minecraft:stick":31,"minecraft:torch":9,"minecraft:acacia_log":17,"minecraft:porkchop":49,"minecraft:white_bed":1,"minecraft:arrow":1,"minecraft:mutton":48,"minecraft:black_wool":5,"minecraft:coal":83,"minecraft:white_wool":22,"minecraft:cobblestone":152,"minecraft:sunflower":6},"minecraft:dropped":{"minecraft:wheat_seeds":11,"minecraft:feather":4,"minecraft:stick":1,"minecraft:acacia_sapling":3,"minecraft:wooden_sword":1,"minecraft:sunflower":6,"minecraft:acacia_planks":16},"minecraft:custom":{"minecraft:interact_with_furnace":26,"minecraft:mob_kills":75,"minecraft:interact_with_crafting_table":17,"minecraft:open_barrel":19,"minecraft:leave_game":1,"minecraft:time_since_death":32684,"minecraft:sleep_in_bed":1,"minecraft:climb_one_cm":664,"minecraft:time_since_rest":14365,"minecraft:waystone_activated":1,"minecraft:sprint_one_cm":259829,"minecraft:damage_taken":5137,"minecraft:walk_one_cm":268965,"minecraft:drop":26,"minecraft:damage_dealt":5655,"minecraft:talked_to_villager":3,"minecraft:swim_one_cm":70261,"minecraft:fly_one_cm":471949,"minecraft:open_chest":11,"minecraft:crouch_one_cm":8468,"minecraft:play_time":96214,"minecraft:deaths":16,"minecraft:sneak_time":4201,"minecraft:walk_under_water_one_cm":45079,"minecraft:jump":2245,"minecraft:walk_on_water_one_cm":32137,"minecraft:total_world_time":96214,"minecraft:fall_one_cm":87064},"minecraft:mined":{"minecraft:acacia_leaves":2,"minecraft:white_bed":1,"minecraft:crafting_table":6,"minecraft:torch":1,"minecraft:acacia_log":19,"minecraft:grass_block":9,"minecraft:tall_grass":6,"minecraft:wall_torch":9,"minecraft:spawner":1,"minecraft:furnace":3,"minecraft:grass":56,"minecraft:oak_log":8,"minecraft:coal_ore":57,"minecraft:sunflower":7,"minecraft:dirt":5,"minecraft:cracked_stone_bricks":1,"irons_spellbooks:inscription_table":1,"minecraft:stone":147,"minecraft:stone_bricks":2,"minecraft:netherrack":1,"minecraft:oak_leaves":1},"minecraft:killed":{"minecraft:pig":9,"minecraft:salmon":30,"minecraft:creeper":1,"minecraft:sheep":24,"minecraft:skeleton":2,"minecraft:pillager":1,"minecraft:zombie":1,"minecraft:chicken":3,"minecraft:cow":3},"minecraft:used":{"minecraft:cooked_mutton":9,"minecraft:stone_sword":88,"minecraft:stone_pickaxe":126,"minecraft:oak_planks":1,"minecraft:wooden_pickaxe":91,"minecraft:white_wool":1,"minecraft:salmon":1,"minecraft:torch":10,"minecraft:dirt":7,"minecraft:mutton":4,"minecraft:crafting_table":7,"minecraft:wooden_axe":4,"minecraft:chicken":3,"minecraft:wooden_sword":57,"minecraft:cobblestone":20,"minecraft:beef":2,"minecraft:furnace":3,"minecraft:cooked_porkchop":15,"minecraft:porkchop":1},"minecraft:crafted":{"minecraft:oak_planks":48,"minecraft:cooked_porkchop":15,"minecraft:cooked_mutton":13,"minecraft:air":0,"minecraft:stick":8,"minecraft:acacia_planks":68},"minecraft:broken":{"minecraft:wooden_pickaxe":1}},"DataVersion":3465}