{"stats":{"minecraft:picked_up":{"minecraft:wooden_axe":1,"minecraft:crafting_table":7,"minecraft:wheat":7,"minecraft:feather":6,"minecraft:chicken":5,"minecraft:salmon":22,"minecraft:leather":9,"minecraft:brown_wool":6,"minecraft:wooden_pickaxe":3,"minecraft:potato":4,"minecraft:oak_log":12,"minecraft:string":1,"minecraft:dirt":16,"minecraft:wooden_sword":2,"minecraft:cooked_mutton":1,"minecraft:bone":1,"minecraft:acacia_planks":118,"minecraft:bow":1,"minecraft:wheat_seeds":30,"minecraft:smooth_stone":1,"minecraft:raw_gold":1,"minecraft:beef":12,"minecraft:acacia_sapling":3,"irons_spellbooks:inscription_table":1,"minecraft:oak_planks":90,"minecraft:furnace":3,"minecraft:stick":31,"minecraft:torch":20,"minecraft:acacia_log":17,"minecraft:porkchop":52,"minecraft:carrot":30,"minecraft:white_bed":1,"minecraft:spider_eye":1,"minecraft:rotten_flesh":1,"minecraft:arrow":5,"minecraft:bone_meal":1,"minecraft:mutton":52,"minecraft:black_wool":5,"minecraft:coal":83,"minecraft:white_wool":28,"minecraft:cobblestone":152,"minecraft:sunflower":6},"minecraft:dropped":{"minecraft:wheat_seeds":12,"minecraft:feather":4,"minecraft:rotten_flesh":1,"minecraft:cooked_mutton":1,"minecraft:stick":1,"minecraft:charcoal":2,"minecraft:acacia_sapling":3,"minecraft:spider_eye":1,"minecraft:wooden_sword":1,"minecraft:sunflower":6,"minecraft:arrow":4,"minecraft:raw_gold":1,"minecraft:string":1,"minecraft:acacia_planks":16},"minecraft:custom":{"minecraft:interact_with_furnace":39,"minecraft:mob_kills":89,"minecraft:traded_with_villager":2,"minecraft:interact_with_crafting_table":28,"minecraft:open_barrel":19,"minecraft:leave_game":1,"minecraft:time_since_death":68684,"minecraft:sleep_in_bed":2,"minecraft:climb_one_cm":664,"minecraft:time_since_rest":30188,"minecraft:waystone_activated":1,"minecraft:sprint_one_cm":331414,"minecraft:damage_taken":5599,"minecraft:walk_one_cm":419375,"minecraft:drop":35,"minecraft:damage_dealt":7601,"minecraft:talked_to_villager":11,"minecraft:swim_one_cm":70261,"minecraft:fly_one_cm":607445,"minecraft:open_chest":41,"minecraft:crouch_one_cm":8471,"minecraft:play_time":132214,"minecraft:deaths":16,"minecraft:sneak_time":4215,"minecraft:walk_under_water_one_cm":45372,"minecraft:jump":3022,"minecraft:walk_on_water_one_cm":35672,"minecraft:total_world_time":132214,"minecraft:fall_one_cm":112744},"minecraft:mined":{"minecraft:acacia_leaves":2,"minecraft:white_bed":1,"minecraft:crafting_table":6,"minecraft:torch":5,"minecraft:acacia_log":19,"minecraft:grass_block":9,"minecraft:tall_grass":7,"minecraft:wall_torch":15,"minecraft:spawner":1,"minecraft:smooth_stone":1,"minecraft:furnace":3,"minecraft:carrots":10,"minecraft:wheat":7,"minecraft:potatoes":1,"minecraft:grass":59,"minecraft:oak_log":8,"minecraft:coal_ore":57,"minecraft:sunflower":7,"minecraft:dirt":5,"minecraft:cracked_stone_bricks":1,"irons_spellbooks:inscription_table":1,"minecraft:stone":147,"minecraft:stone_bricks":2,"minecraft:netherrack":1,"minecraft:oak_leaves":1},"minecraft:killed":{"minecraft:pig":10,"minecraft:salmon":30,"minecraft:spider":1,"minecraft:creeper":1,"minecraft:sheep":28,"minecraft:skeleton":3,"minecraft:pillager":1,"minecraft:zombie":2,"minecraft:chicken":3,"minecraft:cow":7},"minecraft:used":{"irons_spellbooks:inscription_table":1,"minecraft:cooked_mutton":17,"minecraft:water_bucket":10,"minecraft:stone_sword":149,"minecraft:stone_pickaxe":127,"minecraft:oak_planks":1,"minecraft:wooden_pickaxe":91,"minecraft:white_wool":7,"minecraft:salmon":1,"minecraft:torch":18,"minecraft:dirt":7,"minecraft:mutton":4,"minecraft:wheat":3,"minecraft:crafting_table":8,"minecraft:carrot":18,"minecraft:white_bed":1,"minecraft:wooden_axe":4,"minecraft:light_weighted_pressure_plate":1,"minecraft:chicken":3,"minecraft:wooden_sword":57,"minecraft:cobblestone":20,"minecraft:beef":2,"minecraft:furnace":4,"minecraft:cooked_porkchop":15,"minecraft:porkchop":1,"minecraft:bucket":11,"minecraft:potato":4,"minecraft:cooked_beef":2,"minecraft:smooth_stone":1},"minecraft:crafted":{"minecraft:cooked_beef":2,"minecraft:oak_planks":48,"minecraft:emerald":3,"minecraft:cooked_porkchop":18,"minecraft:cooked_mutton":17,"minecraft:air":0,"minecraft:stick":8,"minecraft:leather_chestplate":1,"minecraft:gold_ingot":1,"minecraft:acacia_planks":68},"minecraft:broken":{"minecraft:wooden_pickaxe":1}},"DataVersion":3465}