{"stats":{"minecraft:mined":{"minecraft:dark_oak_log":8,"minecraft:crafting_table":1,"minecraft:grass_block":65,"minecraft:cobblestone":10,"minecraft:spruce_leaves":1,"minecraft:spruce_stairs":1,"minecraft:birch_planks":7,"minecraft:furnace":1,"minecraft:packed_mud":1,"minecraft:birch_log":5,"minecraft:spruce_log":1,"minecraft:birch_leaves":3,"minecraft:grass":4,"minecraft:oak_log":5,"minecraft:vine":1,"minecraft:dirt":76,"minecraft:stone_bricks":2,"irons_spellbooks:inscription_table":2,"minecraft:stone":1,"minecraft:oak_leaves":1,"minecraft:dark_oak_planks":1},"minecraft:killed":{"minecraft:pig":21,"minecraft:spider":4,"iceandfire:stymphalian_bird":1,"minecraft:sheep":8,"minecraft:skeleton":4,"minecraft:zombie":6,"iceandfire:ghost":3,"minecraft:chicken":10,"minecraft:llama":2,"minecraft:turtle":2,"irons_spellbooks:summoned_skeleton":1,"minecraft:cow":21},"minecraft:used":{"epicfight:skillbook":3,"minecraft:stone_sword":204,"minecraft:oak_planks":3,"minecraft:birch_planks":19,"minecraft:stone_pickaxe":17,"minecraft:birch_boat":1,"minecraft:dirt":92,"minecraft:mutton":1,"minecraft:crafting_table":4,"minecraft:spruce_stairs":1,"minecraft:white_bed":2,"minecraft:dark_oak_planks":1,"minecraft:string":1,"minecraft:bread":9,"minecraft:grass_block":1,"minecraft:cobblestone":1,"minecraft:cooked_porkchop":12,"minecraft:cooked_beef":15,"minecraft:dandelion":1,"irons_spellbooks:inscription_table":1},"minecraft:crafted":{"minecraft:cooked_beef":31,"minecraft:oak_planks":20,"minecraft:cooked_porkchop":11,"minecraft:spruce_planks":4,"minecraft:birch_planks":28,"minecraft:air":0,"minecraft:stick":8,"minecraft:iron_ingot":4,"minecraft:dark_oak_planks":32},"minecraft:picked_up":{"irons_spellbooks:scroll":1,"minecraft:birch_log":8,"minecraft:seagrass":3,"minecraft:crafting_table":1,"minecraft:mud_bricks":1,"minecraft:feather":14,"minecraft:chicken":12,"minecraft:leather":18,"minecraft:wooden_pickaxe":1,"minecraft:birch_planks":7,"minecraft:packed_mud":1,"minecraft:oak_log":5,"minecraft:dirt":131,"minecraft:string":5,"irons_spellbooks:nature_rune":1,"minecraft:raw_copper":37,"irons_spellbooks:rare_ink":1,"minecraft:bone":3,"minecraft:stone_bricks":2,"minecraft:wheat_seeds":1,"minecraft:spruce_planks":28,"minecraft:beef":32,"minecraft:oak_planks":11,"minecraft:birch_sapling":1,"irons_spellbooks:inscription_table":2,"minecraft:furnace":3,"minecraft:egg":2,"minecraft:stick":2,"iceandfire:copper_nugget":8,"minecraft:cooked_porkchop":1,"minecraft:dandelion":1,"minecraft:spruce_stairs":1,"epicfight:skillbook":1,"minecraft:porkchop":43,"iceandfire:stymphalian_bird_feather":4,"minecraft:grass_block":1,"minecraft:spruce_log":1,"minecraft:dark_oak_log":8,"minecraft:spider_eye":5,"minecraft:dark_oak_planks":1,"minecraft:arrow":6,"minecraft:rotten_flesh":5,"minecraft:bread":9,"minecraft:mutton":13,"minecraft:white_wool":9,"minecraft:cobblestone":52},"minecraft:custom":{"minecraft:interact_with_furnace":101,"minecraft:mob_kills":83,"minecraft:interact_with_crafting_table":14,"minecraft:open_barrel":3,"minecraft:leave_game":9,"minecraft:time_since_death":119389,"minecraft:climb_one_cm":9290,"minecraft:waystone_activated":3,"minecraft:time_since_rest":119389,"minecraft:sprint_one_cm":862103,"minecraft:damage_taken":1601,"minecraft:walk_one_cm":977130,"minecraft:trigger_trapped_chest":4,"minecraft:drop":42,"minecraft:damage_dealt":10442,"minecraft:damage_dealt_absorbed":140,"minecraft:swim_one_cm":42087,"minecraft:fly_one_cm":1023936,"minecraft:open_chest":6,"minecraft:crouch_one_cm":15050,"minecraft:play_time":119389,"minecraft:sneak_time":1309,"minecraft:walk_under_water_one_cm":11012,"minecraft:boat_one_cm":130628,"minecraft:jump":2844,"minecraft:walk_on_water_one_cm":11721,"minecraft:total_world_time":119389,"minecraft:fall_one_cm":291717},"minecraft:dropped":{"minecraft:furnace":4,"minecraft:brown_mushroom":1,"minecraft:birch_planks":5,"minecraft:wheat_seeds":1,"minecraft:cooked_beef":4,"minecraft:nether_wart":5,"minecraft:stone_sword":1,"minecraft:cooked_porkchop":10,"minecraft:birch_sapling":1,"minecraft:cobblestone":25,"minecraft:feather":14,"minecraft:rotten_flesh":4,"minecraft:fern":6,"minecraft:stick":7,"minecraft:packed_mud":1,"iceandfire:copper_nugget":8,"minecraft:spruce_planks":15,"minecraft:seagrass":3,"minecraft:spider_eye":5,"minecraft:wooden_pickaxe":1,"minecraft:string":2,"minecraft:birch_log":1,"minecraft:egg":2}},"DataVersion":3465}