{"stats":{"minecraft:picked_up":{"minecraft:seagrass":3,"minecraft:crafting_table":1,"minecraft:chicken":48,"minecraft:wooden_pickaxe":1,"minecraft:potion":3,"minecraft:enchanted_book":3,"iceandfire:manuscript":59,"minecraft:string":6,"minecraft:raw_copper":94,"irons_spellbooks:nature_rune":4,"irons_spellbooks:arcane_essence":67,"minecraft:spruce_planks":40,"minecraft:beef":35,"minecraft:iron_pickaxe":3,"irons_spellbooks:blank_rune":4,"minecraft:birch_sapling":1,"irons_spellbooks:inscription_table":5,"minecraft:egg":4,"minecraft:furnace":5,"iceandfire:pixie_dust":1,"minecraft:stick":2,"minecraft:spruce_stairs":1,"epicfight:skillbook":1,"minecraft:porkchop":97,"iceandfire:rotten_egg":1,"minecraft:dark_oak_planks":17,"minecraft:rotten_flesh":6,"minecraft:stone_sword":1,"iceandfire:silver_ingot":2,"minecraft:arrow":24,"iceandfire:cyclops_eye":1,"minecraft:gold_ingot":12,"minecraft:mutton":49,"minecraft:white_wool":21,"minecraft:cobblestone":52,"minecraft:birch_log":8,"minecraft:pink_petals":4,"minecraft:feather":14,"minecraft:mud_bricks":1,"minecraft:cooked_beef":8,"minecraft:leather":72,"minecraft:brown_wool":1,"minecraft:birch_planks":7,"minecraft:packed_mud":1,"minecraft:oak_log":5,"iceandfire:ectoplasm":12,"minecraft:dirt":206,"irons_spellbooks:rare_ink":7,"irons_spellbooks:common_ink":3,"minecraft:bone":3,"minecraft:stone_bricks":2,"minecraft:wheat_seeds":2,"irons_spellbooks:blood_vial":12,"minecraft:iron_ingot":30,"minecraft:stone_pickaxe":3,"weaponmaster:tutorialbook":3,"minecraft:oak_planks":11,"minecraft:iron_sword":3,"iceandfire:copper_nugget":8,"minecraft:cooked_porkchop":8,"minecraft:dandelion":1,"minecraft:sand":1,"iceandfire:stymphalian_bird_feather":16,"minecraft:spruce_log":1,"minecraft:grass_block":1,"minecraft:dark_oak_log":8,"minecraft:spider_eye":5,"minecraft:diamond":3,"minecraft:bread":9,"irons_spellbooks:scroll":8},"minecraft:used":{"irons_spellbooks:inscription_table":1,"minecraft:stone_sword":258,"minecraft:dirt":129,"minecraft:mutton":1,"minecraft:spruce_stairs":1,"minecraft:dark_oak_planks":1,"minecraft:grass_block":1,"minecraft:furnace":1,"minecraft:cooked_beef":27,"epicfight:skillbook":3,"minecraft:birch_planks":19,"minecraft:stone_pickaxe":39,"minecraft:oak_planks":3,"minecraft:birch_boat":1,"minecraft:sand":1,"minecraft:crafting_table":4,"minecraft:white_bed":2,"minecraft:bread":9,"minecraft:string":1,"minecraft:pink_petals":4,"minecraft:cobblestone":1,"minecraft:cooked_porkchop":15,"minecraft:dandelion":1},"minecraft:mined":{"minecraft:dark_oak_planks":1,"minecraft:dark_oak_log":8,"minecraft:grass_block":68,"minecraft:spruce_leaves":1,"minecraft:packed_mud":1,"minecraft:furnace":1,"minecraft:vine":2,"irons_spellbooks:inscription_table":2,"minecraft:stone":1,"minecraft:crafting_table":1,"minecraft:cobblestone":10,"minecraft:spruce_stairs":1,"minecraft:birch_planks":7,"minecraft:birch_log":5,"minecraft:spruce_log":1,"minecraft:birch_leaves":3,"minecraft:grass":14,"minecraft:oak_log":5,"minecraft:dirt":79,"minecraft:sand":1,"minecraft:stone_bricks":2,"minecraft:oak_leaves":1},"minecraft:custom":{"minecraft:mob_kills":90,"minecraft:interact_with_crafting_table":18,"minecraft:open_barrel":3,"minecraft:leave_game":10,"minecraft:time_since_death":3583,"minecraft:climb_one_cm":9290,"minecraft:sprint_one_cm":1216576,"minecraft:walk_one_cm":1284525,"minecraft:drop":52,"minecraft:damage_dealt_absorbed":168,"minecraft:play_time":165197,"minecraft:deaths":4,"minecraft:sneak_time":1416,"minecraft:walk_under_water_one_cm":12445,"minecraft:boat_one_cm":130628,"minecraft:jump":4048,"minecraft:walk_on_water_one_cm":15428,"minecraft:total_world_time":165197,"minecraft:interact_with_furnace":106,"minecraft:time_since_rest":3606,"minecraft:waystone_activated":3,"minecraft:damage_taken":3490,"minecraft:trigger_trapped_chest":5,"minecraft:damage_dealt":12394,"minecraft:swim_one_cm":42087,"minecraft:fly_one_cm":1514549,"minecraft:open_chest":19,"minecraft:crouch_one_cm":15561,"minecraft:fall_one_cm":398007},"minecraft:broken":{"minecraft:stone_sword":1},"minecraft:dropped":{"minecraft:birch_planks":5,"minecraft:brown_mushroom":1,"minecraft:wheat_seeds":2,"minecraft:cooked_beef":4,"weaponmaster:tutorialbook":3,"minecraft:cooked_porkchop":10,"minecraft:feather":14,"minecraft:cobblestone":25,"iceandfire:cyclops_eye":1,"minecraft:stick":7,"minecraft:packed_mud":1,"iceandfire:copper_nugget":8,"minecraft:seagrass":3,"irons_spellbooks:arcane_essence":1,"minecraft:string":3,"minecraft:birch_log":1,"minecraft:furnace":4,"minecraft:nether_wart":5,"minecraft:stone_sword":1,"minecraft:birch_sapling":1,"minecraft:rotten_flesh":5,"minecraft:fern":6,"minecraft:spruce_planks":15,"minecraft:spider_eye":5,"minecraft:wooden_pickaxe":1,"minecraft:egg":4},"minecraft:crafted":{"minecraft:oak_planks":20,"minecraft:dark_oak_planks":32,"minecraft:cooked_beef":31,"minecraft:cooked_porkchop":20,"minecraft:spruce_planks":4,"minecraft:birch_planks":28,"minecraft:air":0,"minecraft:stick":8,"minecraft:iron_ingot":4},"minecraft:killed":{"minecraft:spider":4,"iceandfire:stymphalian_bird":1,"minecraft:skeleton":4,"minecraft:chicken":10,"minecraft:llama":2,"minecraft:turtle":2,"irons_spellbooks:summoned_skeleton":1,"minecraft:pig":21,"minecraft:sheep":8,"minecraft:zombie":10,"iceandfire:ghost":3,"iceandfire:pixie":2,"minecraft:cow":22}},"DataVersion":3465}