{"stats":{"minecraft:used":{"minecraft:wooden_pickaxe":31,"minecraft:stone_axe":2,"minecraft:cooked_beef":6},"minecraft:mined":{"minecraft:seagrass":2,"minecraft:dandelion":2,"minecraft:pumpkin":2,"minecraft:grass":6,"minecraft:grass_block":5,"minecraft:oak_log":6,"minecraft:vine":1,"minecraft:chest":1,"minecraft:dirt":5,"minecraft:tall_grass":5,"minecraft:stone":7,"minecraft:lily_pad":6,"minecraft:oak_leaves":1,"iceandfire:chared_cobblestone":1},"minecraft:picked_up":{"minecraft:wooden_axe":2,"minecraft:crafting_table":2,"minecraft:cooked_beef":11,"minecraft:pumpkin":1,"iceandfire:ash":1,"minecraft:wooden_pickaxe":2,"minecraft:oak_log":9,"minecraft:lily_pad":5,"minecraft:dirt":9,"minecraft:stone_axe":2,"minecraft:wheat_seeds":4,"weaponmaster:tutorialbook":1,"minecraft:oak_sapling":1,"minecraft:chest":2,"minecraft:oak_planks":1,"minecraft:cobblestone":43},"minecraft:custom":{"minecraft:time_since_rest":10021,"minecraft:interact_with_furnace":2,"minecraft:sprint_one_cm":104627,"minecraft:damage_taken":2147483647,"minecraft:walk_one_cm":125989,"minecraft:drop":1,"minecraft:damage_dealt":106,"minecraft:swim_one_cm":20631,"minecraft:fly_one_cm":16121,"minecraft:open_chest":1,"minecraft:crouch_one_cm":73,"minecraft:play_time":19654,"minecraft:deaths":1,"minecraft:sneak_time":7,"minecraft:walk_under_water_one_cm":9117,"minecraft:jump":276,"minecraft:leave_game":1,"minecraft:walk_on_water_one_cm":25084,"minecraft:time_since_death":9993,"minecraft:total_world_time":19654,"minecraft:climb_one_cm":2215,"minecraft:fall_one_cm":1115},"minecraft:dropped":{"minecraft:cooked_beef":1},"minecraft:killed_by":{"iceandfire:gorgon":1}},"DataVersion":3465}