{"stats":{"minecraft:used":{"minecraft:stone_sword":2,"minecraft:chest":1,"minecraft:wooden_pickaxe":32,"minecraft:stone_axe":2,"minecraft:dirt":9,"minecraft:mutton":1,"minecraft:crafting_table":2,"minecraft:furnace":1,"iceandfire:chared_grass":2,"minecraft:cooked_beef":7},"minecraft:mined":{"minecraft:seagrass":2,"minecraft:dandelion":2,"minecraft:pumpkin":2,"minecraft:grass":6,"minecraft:grass_block":7,"minecraft:oak_log":6,"minecraft:vine":1,"minecraft:chest":2,"minecraft:gravel":3,"minecraft:dirt":13,"minecraft:tall_grass":5,"minecraft:stone":10,"minecraft:lily_pad":6,"minecraft:oak_leaves":21,"iceandfire:chared_cobblestone":1},"minecraft:picked_up":{"minecraft:wooden_axe":2,"minecraft:stick":1,"minecraft:crafting_table":2,"minecraft:cooked_beef":12,"minecraft:pumpkin":1,"iceandfire:chared_grass":2,"iceandfire:ash":1,"minecraft:wooden_pickaxe":2,"minecraft:birch_planks":1,"minecraft:gravel":3,"minecraft:oak_log":9,"minecraft:lily_pad":5,"minecraft:dirt":20,"minecraft:bone":12,"minecraft:stone_axe":2,"minecraft:wheat_seeds":4,"weaponmaster:tutorialbook":1,"minecraft:oak_sapling":4,"minecraft:chest":3,"minecraft:mutton":2,"minecraft:oak_planks":5,"minecraft:cobblestone":81},"minecraft:custom":{"minecraft:time_since_rest":19384,"minecraft:interact_with_furnace":6,"minecraft:sprint_one_cm":123374,"minecraft:damage_taken":2147483647,"minecraft:walk_one_cm":210134,"minecraft:drop":1,"minecraft:damage_dealt":30,"minecraft:swim_one_cm":20631,"minecraft:interact_with_crafting_table":12,"minecraft:fly_one_cm":20298,"minecraft:open_chest":2,"minecraft:crouch_one_cm":73,"minecraft:play_time":47333,"minecraft:deaths":2,"minecraft:sneak_time":7,"minecraft:walk_under_water_one_cm":9195,"minecraft:jump":429,"minecraft:leave_game":2,"minecraft:time_since_death":19349,"minecraft:walk_on_water_one_cm":30360,"minecraft:climb_one_cm":2215,"minecraft:total_world_time":47333,"minecraft:fall_one_cm":2288},"minecraft:dropped":{"minecraft:cooked_beef":1},"minecraft:killed_by":{"iceandfire:gorgon":1}},"DataVersion":3465}