{"stats":{"minecraft:used":{"minecraft:mutton":1,"minecraft:beef":1,"minecraft:birch_planks":15},"minecraft:killed":{"minecraft:sheep":1,"minecraft:cow":2},"minecraft:mined":{"minecraft:grass":1,"minecraft:birch_log":6,"minecraft:birch_leaves":3},"minecraft:crafted":{"minecraft:birch_planks":24},"minecraft:picked_up":{"minecraft:birch_log":10,"rpgsmw:class_choose_orb":4,"minecraft:leather":2,"minecraft:birch_planks":17,"minecraft:beef":3,"weaponmaster:tutorialbook":7,"minecraft:mutton":1,"minecraft:white_wool":1},"minecraft:custom":{"minecraft:time_since_rest":0,"minecraft:crouch_one_cm":158,"minecraft:sprint_one_cm":101863,"minecraft:play_time":34861,"minecraft:damage_taken":1520,"minecraft:deaths":5,"minecraft:walk_one_cm":92846,"minecraft:sneak_time":116,"minecraft:walk_under_water_one_cm":2521,"minecraft:mob_kills":3,"minecraft:drop":2,"minecraft:jump":355,"minecraft:aviate_one_cm":266352,"minecraft:damage_dealt":290,"minecraft:leave_game":3,"minecraft:walk_on_water_one_cm":10074,"minecraft:time_since_death":0,"minecraft:total_world_time":34861,"minecraft:swim_one_cm":2012,"minecraft:fall_one_cm":14867,"minecraft:fly_one_cm":57047},"minecraft:dropped":{"weaponmaster:tutorialbook":2},"minecraft:killed_by":{"minecraft:skeleton":1}},"DataVersion":3465}