{"stats":{"minecraft:picked_up":{"minecraft:nautilus_shell":2,"minecraft:crafting_table":6,"minecraft:wheat":4,"minecraft:water_bucket":1,"minecraft:salmon":4,"minecraft:andesite":10,"minecraft:wooden_pickaxe":1,"minecraft:filled_map":1,"minecraft:wither_rose":1,"minecraft:flint":1,"minecraft:oak_log":22,"iceandfire:tide_teal_helmet":1,"minecraft:dirt":32,"minecraft:raw_copper":59,"minecraft:bone":2,"bountiful:bounty":1,"iceandfire:graveyard_soil":2,"minecraft:stone_bricks":1,"minecraft:kelp":55,"minecraft:wheat_seeds":4,"minecraft:cobbled_deepslate":6,"minecraft:mangrove_log":3,"minecraft:egg":1,"minecraft:furnace":3,"minecraft:raw_iron":9,"minecraft:cooked_porkchop":5,"minecraft:pumpkin":1,"minecraft:copper_ingot":2,"minecraft:torch":3,"minecraft:acacia_log":5,"minecraft:spruce_stairs":1,"minecraft:gravel":1,"minecraft:sand":1,"minecraft:jungle_planks":1,"minecraft:white_bed":2,"minecraft:carrot":2,"minecraft:arrow":2,"minecraft:rotten_flesh":11,"minecraft:peony":1,"minecraft:mangrove_roots":8,"irons_spellbooks:cooldown_ring":1,"minecraft:coal":36,"minecraft:cod":5,"iceandfire:raw_silver":1,"minecraft:cobblestone":65,"minecraft:wooden_axe":1},"minecraft:dropped":{"minecraft:kelp":12,"minecraft:lava_bucket":1,"minecraft:wooden_axe":1},"minecraft:custom":{"minecraft:interact_with_furnace":43,"minecraft:mob_kills":20,"minecraft:interact_with_crafting_table":22,"minecraft:leave_game":1,"minecraft:time_since_death":46686,"minecraft:sleep_in_bed":4,"minecraft:time_since_rest":3905,"minecraft:sprint_one_cm":110967,"minecraft:damage_taken":1955,"minecraft:walk_one_cm":172061,"minecraft:trigger_trapped_chest":1,"minecraft:drop":12,"minecraft:damage_dealt":2945,"minecraft:talked_to_villager":2,"minecraft:swim_one_cm":1220336,"minecraft:fly_one_cm":86519,"minecraft:open_chest":16,"minecraft:crouch_one_cm":564,"minecraft:play_time":102365,"minecraft:deaths":4,"minecraft:sneak_time":3592,"minecraft:walk_under_water_one_cm":518320,"minecraft:jump":671,"minecraft:walk_on_water_one_cm":95438,"minecraft:total_world_time":102365,"minecraft:fall_one_cm":10718},"minecraft:mined":{"minecraft:white_bed":2,"iceandfire:graveyard_soil":2,"iceandfire:silver_ore":1,"minecraft:kelp_plant":121,"minecraft:mangrove_roots":8,"minecraft:crafting_table":5,"minecraft:acacia_log":5,"minecraft:grass_block":3,"minecraft:jungle_planks":1,"minecraft:copper_ore":19,"minecraft:kelp":28,"minecraft:seagrass":60,"minecraft:spruce_stairs":1,"minecraft:tall_seagrass":78,"minecraft:furnace":3,"minecraft:iron_ore":10,"minecraft:birch_leaves":2,"minecraft:andesite":10,"minecraft:mangrove_leaves":1,"minecraft:wither_rose":2,"minecraft:peony":2,"minecraft:grass":6,"minecraft:oak_log":8,"minecraft:coal_ore":30,"minecraft:gravel":1,"minecraft:sand":1,"minecraft:dirt":28,"minecraft:mangrove_log":3,"minecraft:stone_bricks":1,"minecraft:stone":45,"minecraft:oak_leaves":4,"minecraft:deepslate":6,"minecraft:suspicious_gravel":3},"minecraft:killed":{"minecraft:salmon":4,"minecraft:cod":6,"minecraft:drowned":10},"minecraft:used":{"minecraft:peony":1,"minecraft:water_bucket":3,"minecraft:stone_sword":10,"minecraft:stone_pickaxe":92,"minecraft:wooden_pickaxe":39,"minecraft:leather_boots":1,"minecraft:cooked_salmon":1,"minecraft:salmon":1,"minecraft:torch":2,"minecraft:dirt":12,"minecraft:crafting_table":7,"minecraft:spruce_stairs":1,"minecraft:carrot":2,"minecraft:white_bed":2,"iceandfire:tide_teal_helmet":1,"minecraft:wooden_axe":45,"minecraft:lava_bucket":5,"iceandfire:graveyard_soil":2,"minecraft:stone_axe":23,"iceandfire:earplugs":1,"minecraft:wooden_sword":32,"minecraft:cooked_porkchop":5,"minecraft:cooked_cod":4,"minecraft:furnace":4,"minecraft:bucket":8,"minecraft:wither_rose":1},"minecraft:crafted":{"minecraft:cooked_cod":5,"minecraft:oak_planks":12,"iceandfire:silver_ingot":0,"minecraft:cooked_salmon":1,"minecraft:copper_ingot":45,"minecraft:air":0,"minecraft:stick":8,"minecraft:iron_ingot":9,"minecraft:acacia_planks":20}},"DataVersion":3465}