{"stats":{"minecraft:picked_up":{"minecraft:nautilus_shell":2,"minecraft:crafting_table":6,"minecraft:wheat":4,"minecraft:salmon":4,"minecraft:andesite":10,"minecraft:wooden_pickaxe":1,"minecraft:filled_map":1,"minecraft:flint":1,"minecraft:oak_log":4,"iceandfire:tide_teal_helmet":1,"minecraft:dirt":9,"minecraft:raw_copper":59,"minecraft:stone_bricks":1,"minecraft:kelp":53,"minecraft:wheat_seeds":1,"minecraft:cobbled_deepslate":6,"minecraft:mangrove_log":3,"minecraft:furnace":3,"minecraft:raw_iron":9,"minecraft:pumpkin":1,"minecraft:copper_ingot":2,"minecraft:acacia_log":5,"minecraft:spruce_stairs":1,"minecraft:gravel":1,"minecraft:jungle_planks":1,"minecraft:rotten_flesh":11,"minecraft:mangrove_roots":8,"irons_spellbooks:cooldown_ring":1,"minecraft:coal":36,"minecraft:cod":5,"iceandfire:raw_silver":1,"minecraft:cobblestone":42,"minecraft:wooden_axe":1},"minecraft:dropped":{"minecraft:kelp":12,"minecraft:wooden_axe":1},"minecraft:custom":{"minecraft:interact_with_furnace":41,"minecraft:mob_kills":20,"minecraft:interact_with_crafting_table":19,"minecraft:leave_game":1,"minecraft:time_since_death":4686,"minecraft:time_since_rest":4711,"minecraft:sprint_one_cm":33268,"minecraft:damage_taken":1391,"minecraft:walk_one_cm":23338,"minecraft:drop":11,"minecraft:damage_dealt":2613,"minecraft:swim_one_cm":1120834,"minecraft:fly_one_cm":29180,"minecraft:open_chest":10,"minecraft:crouch_one_cm":100,"minecraft:play_time":60365,"minecraft:deaths":4,"minecraft:sneak_time":2093,"minecraft:walk_under_water_one_cm":301613,"minecraft:jump":242,"minecraft:walk_on_water_one_cm":47615,"minecraft:total_world_time":60365,"minecraft:fall_one_cm":3619},"minecraft:mined":{"iceandfire:silver_ore":1,"minecraft:kelp_plant":121,"minecraft:mangrove_roots":8,"minecraft:crafting_table":5,"minecraft:acacia_log":5,"minecraft:jungle_planks":1,"minecraft:copper_ore":19,"minecraft:kelp":28,"minecraft:seagrass":60,"minecraft:spruce_stairs":1,"minecraft:tall_seagrass":78,"minecraft:furnace":3,"minecraft:iron_ore":10,"minecraft:andesite":10,"minecraft:mangrove_leaves":1,"minecraft:grass":3,"minecraft:oak_log":4,"minecraft:coal_ore":30,"minecraft:gravel":1,"minecraft:dirt":5,"minecraft:mangrove_log":3,"minecraft:stone_bricks":1,"minecraft:stone":45,"minecraft:deepslate":6,"minecraft:suspicious_gravel":3},"minecraft:killed":{"minecraft:salmon":4,"minecraft:cod":6,"minecraft:drowned":10},"minecraft:used":{"minecraft:stone_sword":10,"minecraft:stone_pickaxe":92,"minecraft:wooden_pickaxe":39,"minecraft:leather_boots":1,"minecraft:cooked_salmon":1,"minecraft:salmon":1,"minecraft:crafting_table":6,"minecraft:spruce_stairs":1,"iceandfire:tide_teal_helmet":1,"minecraft:wooden_axe":45,"minecraft:stone_axe":23,"iceandfire:earplugs":1,"minecraft:wooden_sword":31,"minecraft:cooked_cod":4,"minecraft:furnace":3},"minecraft:crafted":{"minecraft:cooked_cod":5,"iceandfire:silver_ingot":0,"minecraft:cooked_salmon":1,"minecraft:copper_ingot":45,"minecraft:air":0,"minecraft:stick":8,"minecraft:iron_ingot":9,"minecraft:acacia_planks":20}},"DataVersion":3465}