{"stats":{"minecraft:picked_up":{"minecraft:nautilus_shell":2,"minecraft:crafting_table":6,"minecraft:wheat":4,"minecraft:water_bucket":1,"minecraft:salmon":4,"minecraft:andesite":10,"minecraft:wooden_pickaxe":1,"minecraft:filled_map":1,"minecraft:wither_rose":1,"minecraft:flint":1,"minecraft:oak_log":7,"iceandfire:tide_teal_helmet":1,"minecraft:dirt":13,"minecraft:raw_copper":59,"minecraft:bone":2,"iceandfire:graveyard_soil":2,"minecraft:stone_bricks":1,"minecraft:kelp":55,"minecraft:wheat_seeds":2,"minecraft:cobbled_deepslate":6,"minecraft:mangrove_log":3,"minecraft:furnace":3,"minecraft:raw_iron":9,"minecraft:cooked_porkchop":5,"minecraft:pumpkin":1,"minecraft:copper_ingot":2,"minecraft:torch":2,"minecraft:acacia_log":5,"minecraft:spruce_stairs":1,"minecraft:gravel":1,"minecraft:jungle_planks":1,"minecraft:carrot":2,"minecraft:arrow":2,"minecraft:rotten_flesh":11,"minecraft:peony":1,"minecraft:mangrove_roots":8,"irons_spellbooks:cooldown_ring":1,"minecraft:coal":36,"minecraft:cod":5,"iceandfire:raw_silver":1,"minecraft:cobblestone":65,"minecraft:wooden_axe":1},"minecraft:dropped":{"minecraft:kelp":12,"minecraft:wooden_axe":1},"minecraft:custom":{"minecraft:interact_with_furnace":43,"minecraft:mob_kills":20,"minecraft:interact_with_crafting_table":19,"minecraft:leave_game":1,"minecraft:time_since_death":34686,"minecraft:time_since_rest":34711,"minecraft:sprint_one_cm":110967,"minecraft:damage_taken":1656,"minecraft:walk_one_cm":112172,"minecraft:trigger_trapped_chest":1,"minecraft:drop":11,"minecraft:damage_dealt":2801,"minecraft:talked_to_villager":2,"minecraft:swim_one_cm":1220336,"minecraft:fly_one_cm":86385,"minecraft:open_chest":15,"minecraft:crouch_one_cm":355,"minecraft:play_time":90365,"minecraft:deaths":4,"minecraft:sneak_time":3088,"minecraft:walk_under_water_one_cm":465376,"minecraft:jump":609,"minecraft:walk_on_water_one_cm":81336,"minecraft:total_world_time":90365,"minecraft:fall_one_cm":9613},"minecraft:mined":{"iceandfire:graveyard_soil":2,"iceandfire:silver_ore":1,"minecraft:kelp_plant":121,"minecraft:mangrove_roots":8,"minecraft:crafting_table":5,"minecraft:acacia_log":5,"minecraft:jungle_planks":1,"minecraft:copper_ore":19,"minecraft:kelp":28,"minecraft:seagrass":60,"minecraft:spruce_stairs":1,"minecraft:tall_seagrass":78,"minecraft:furnace":3,"minecraft:iron_ore":10,"minecraft:birch_leaves":2,"minecraft:andesite":10,"minecraft:mangrove_leaves":1,"minecraft:wither_rose":2,"minecraft:peony":2,"minecraft:grass":6,"minecraft:oak_log":8,"minecraft:coal_ore":30,"minecraft:gravel":1,"minecraft:dirt":10,"minecraft:mangrove_log":3,"minecraft:stone_bricks":1,"minecraft:stone":45,"minecraft:oak_leaves":4,"minecraft:deepslate":6,"minecraft:suspicious_gravel":3},"minecraft:killed":{"minecraft:salmon":4,"minecraft:cod":6,"minecraft:drowned":10},"minecraft:used":{"minecraft:peony":1,"minecraft:water_bucket":3,"minecraft:stone_sword":10,"minecraft:stone_pickaxe":92,"minecraft:wooden_pickaxe":39,"minecraft:leather_boots":1,"minecraft:cooked_salmon":1,"minecraft:salmon":1,"minecraft:torch":2,"minecraft:dirt":1,"minecraft:crafting_table":6,"minecraft:spruce_stairs":1,"minecraft:carrot":2,"iceandfire:tide_teal_helmet":1,"minecraft:wooden_axe":45,"iceandfire:graveyard_soil":2,"minecraft:stone_axe":23,"iceandfire:earplugs":1,"minecraft:wooden_sword":31,"minecraft:cooked_porkchop":5,"minecraft:cooked_cod":4,"minecraft:furnace":3,"minecraft:bucket":3,"minecraft:wither_rose":1},"minecraft:crafted":{"minecraft:cooked_cod":5,"iceandfire:silver_ingot":0,"minecraft:cooked_salmon":1,"minecraft:copper_ingot":45,"minecraft:air":0,"minecraft:stick":8,"minecraft:iron_ingot":9,"minecraft:acacia_planks":20}},"DataVersion":3465}