{"stats":{"minecraft:killed":{"minecraft:pig":7,"irons_spellbooks:summoned_zombie":1,"iceandfire:gorgon":1,"minecraft:spider":3,"minecraft:frog":1,"minecraft:creeper":2,"minecraft:sheep":7,"minecraft:horse":3,"minecraft:skeleton":2,"minecraft:pillager":3,"minecraft:zombie":5,"minecraft:chicken":1,"minecraft:cow":10},"minecraft:crafted":{"minecraft:cooked_porkchop":10,"iceandfire:blindfold":1,"minecraft:spruce_planks":24,"minecraft:wooden_pickaxe":2,"minecraft:furnace":2,"iceandfire:armor_copper_metal_leggings":1,"minecraft:copper_ingot":16,"minecraft:stone_axe":4,"iceandfire:armor_copper_metal_boots":1,"minecraft:cooked_mutton":11,"minecraft:air":0,"iceandfire:armor_copper_metal_helmet":1,"minecraft:glass":0,"minecraft:stick":16,"iceandfire:armor_copper_metal_chestplate":1,"minecraft:stone_pickaxe":2,"minecraft:wooden_axe":2,"minecraft:stone_sword":1,"minecraft:acacia_planks":44,"minecraft:torch":4},"minecraft:used":{"minecraft:cooked_mutton":5,"minecraft:stone_sword":56,"minecraft:acacia_log":1,"minecraft:birch_planks":1,"minecraft:stone_pickaxe":100,"minecraft:wooden_pickaxe":90,"minecraft:torch":14,"iceandfire:armor_copper_metal_boots":1,"minecraft:dirt":7,"minecraft:crafting_table":3,"minecraft:granite":4,"minecraft:wooden_axe":94,"minecraft:gravel":1,"minecraft:stone_bricks":3,"minecraft:stone_axe":246,"minecraft:cobblestone":16,"minecraft:goat_horn":2,"minecraft:furnace":2,"minecraft:cooked_porkchop":10},"minecraft:mined":{"minecraft:birch_stairs":1,"minecraft:dark_oak_log":3,"minecraft:mangrove_roots":1,"minecraft:crafting_table":4,"minecraft:torch":7,"minecraft:granite":4,"minecraft:dark_oak_fence":5,"minecraft:acacia_log":6,"minecraft:grass_block":11,"minecraft:tall_grass":3,"minecraft:copper_ore":21,"minecraft:cobblestone":21,"minecraft:birch_slab":4,"minecraft:spruce_leaves":5,"minecraft:wall_torch":2,"minecraft:skeleton_skull":1,"minecraft:birch_planks":5,"minecraft:iron_ore":11,"minecraft:spruce_log":8,"minecraft:birch_leaves":2,"minecraft:grass":65,"minecraft:coal_ore":10,"minecraft:vine":1,"minecraft:gravel":1,"minecraft:sand":12,"minecraft:dirt":22,"minecraft:stone_bricks":5,"minecraft:stone":76,"minecraft:oak_leaves":1},"minecraft:custom":{"minecraft:interact_with_furnace":62,"minecraft:mob_kills":47,"minecraft:interact_with_crafting_table":26,"minecraft:leave_game":1,"minecraft:time_since_death":11951,"minecraft:climb_one_cm":1629,"minecraft:time_since_rest":11978,"minecraft:sprint_one_cm":238030,"minecraft:damage_taken":1322,"minecraft:walk_one_cm":173897,"minecraft:drop":42,"minecraft:damage_dealt":7568,"minecraft:swim_one_cm":1418,"minecraft:fly_one_cm":187212,"minecraft:open_chest":5,"minecraft:crouch_one_cm":962,"minecraft:play_time":62765,"minecraft:deaths":2,"minecraft:sneak_time":258,"minecraft:walk_under_water_one_cm":53,"minecraft:jump":1090,"minecraft:walk_on_water_one_cm":663,"minecraft:total_world_time":62765,"minecraft:fall_one_cm":27680},"minecraft:picked_up":{"minecraft:wooden_axe":1,"minecraft:crafting_table":4,"minecraft:birch_slab":5,"minecraft:leather":34,"minecraft:wooden_pickaxe":1,"iceandfire:armor_copper_metal_chestplate":1,"minecraft:birch_planks":14,"iceandfire:armor_copper_metal_helmet":1,"minecraft:gunpowder":6,"minecraft:dirt":30,"minecraft:string":9,"minecraft:raw_copper":65,"minecraft:acacia_planks":10,"minecraft:bone":3,"minecraft:stone_bricks":3,"minecraft:bow":2,"minecraft:wheat_seeds":23,"minecraft:spruce_planks":22,"minecraft:stone_pickaxe":3,"minecraft:beef":35,"minecraft:acacia_sapling":1,"minecraft:raw_iron":11,"minecraft:stick":5,"iceandfire:copper_pickaxe":2,"minecraft:cooked_porkchop":3,"iceandfire:armor_copper_metal_leggings":1,"minecraft:copper_ingot":4,"minecraft:torch":18,"minecraft:acacia_log":13,"minecraft:gravel":1,"minecraft:birch_stairs":1,"minecraft:porkchop":15,"minecraft:sand":31,"minecraft:spruce_sapling":1,"minecraft:carrot":4,"iceandfire:armor_copper_metal_boots":5,"minecraft:spruce_log":6,"minecraft:jungle_slab":1,"minecraft:goat_horn":2,"minecraft:spider_eye":1,"iceandfire:blindfold":1,"minecraft:stone_sword":2,"minecraft:arrow":5,"minecraft:rotten_flesh":22,"minecraft:stone_axe":1,"minecraft:granite":4,"minecraft:gray_wool":6,"iceandfire:gorgon_head":1,"minecraft:netherrack":6,"minecraft:oak_sapling":1,"minecraft:mutton":12,"minecraft:coal":11,"minecraft:skeleton_skull":2,"minecraft:white_wool":8,"minecraft:cobblestone":131},"minecraft:broken":{"minecraft:stone_axe":3,"minecraft:wooden_axe":2,"minecraft:wooden_pickaxe":1},"minecraft:dropped":{"minecraft:wheat_seeds":22,"minecraft:stone_sword":1,"minecraft:cobblestone":2,"minecraft:rotten_flesh":22,"minecraft:leather":1,"iceandfire:gorgon_head":1,"minecraft:cooked_mutton":2,"minecraft:copper_ingot":4,"minecraft:birch_slab":4,"minecraft:stick":1,"minecraft:dirt":17,"iceandfire:armor_copper_metal_boots":2,"minecraft:oak_sapling":1,"minecraft:acacia_sapling":1,"minecraft:spider_eye":1,"iceandfire:copper_pickaxe":2,"minecraft:glass":3,"minecraft:arrow":5,"minecraft:bow":2,"minecraft:stone_pickaxe":1,"minecraft:string":1,"minecraft:white_wool":3,"minecraft:netherrack":3,"minecraft:spruce_sapling":1}},"DataVersion":3465}