{"stats":{"minecraft:killed":{"minecraft:pig":5,"minecraft:frog":1,"minecraft:sheep":7,"minecraft:skeleton":2,"minecraft:zombie":6,"irons_spellbooks:apothecarist":1,"minecraft:chicken":2,"minecraft:llama":1,"minecraft:cow":7},"minecraft:mined":{"minecraft:spruce_planks":1,"minecraft:candle":2,"minecraft:spruce_trapdoor":1,"minecraft:crafting_table":2,"minecraft:torch":5,"minecraft:stone_brick_wall":1,"minecraft:grass_block":9,"minecraft:spruce_fence":1,"minecraft:mud_brick_stairs":1,"minecraft:copper_ore":2,"minecraft:brown_mushroom_block":2,"minecraft:tall_grass":4,"minecraft:spruce_leaves":2,"minecraft:mud_bricks":7,"minecraft:wall_torch":1,"minecraft:hay_block":6,"minecraft:furnace":4,"minecraft:birch_log":12,"minecraft:iron_ore":24,"minecraft:barrel":1,"minecraft:spruce_log":5,"minecraft:birch_leaves":2,"minecraft:azure_bluet":1,"minecraft:grass":31,"minecraft:oak_log":2,"minecraft:coal_ore":32,"minecraft:vine":2,"minecraft:dirt":75,"minecraft:cobweb":1,"minecraft:stone":53,"minecraft:spruce_slab":3,"minecraft:oak_leaves":4},"minecraft:used":{"minecraft:cooked_mutton":3,"epicfight:skillbook":1,"minecraft:stone_sword":207,"minecraft:stone_pickaxe":84,"minecraft:wooden_pickaxe":59,"minecraft:torch":9,"minecraft:dirt":93,"minecraft:crafting_table":3,"minecraft:white_bed":1,"minecraft:chicken":2,"minecraft:stone_axe":91,"minecraft:cobblestone":5,"minecraft:beef":2,"minecraft:furnace":8,"minecraft:cooked_porkchop":16,"minecraft:cooked_beef":5},"minecraft:crafted":{"minecraft:cooked_beef":5,"minecraft:cooked_porkchop":15,"minecraft:crafting_table":1,"minecraft:spruce_planks":20,"minecraft:wooden_pickaxe":1,"minecraft:iron_sword":1,"minecraft:furnace":3,"minecraft:birch_planks":24,"minecraft:stone_axe":2,"minecraft:cooked_mutton":2,"minecraft:air":0,"minecraft:stick":16,"minecraft:iron_ingot":12,"minecraft:iron_pickaxe":1,"minecraft:stone_pickaxe":1,"minecraft:stone_sword":1,"minecraft:white_bed":1,"minecraft:torch":4},"minecraft:broken":{"minecraft:stone_sword":1,"minecraft:wooden_pickaxe":1},"minecraft:picked_up":{"minecraft:birch_log":12,"minecraft:crafting_table":3,"minecraft:mud_bricks":9,"minecraft:feather":22,"minecraft:chicken":2,"minecraft:leather":9,"minecraft:mud_brick_stairs":1,"minecraft:wooden_pickaxe":2,"minecraft:birch_planks":15,"minecraft:oak_log":2,"minecraft:string":5,"minecraft:dirt":175,"minecraft:raw_copper":6,"minecraft:bone":6,"minecraft:wheat_seeds":4,"minecraft:raw_gold":1,"minecraft:spruce_planks":1,"irons_spellbooks:epic_ink":1,"minecraft:beef":19,"minecraft:stone_pickaxe":1,"weaponmaster:tutorialbook":2,"minecraft:wooden_shovel":3,"minecraft:spruce_slab":3,"minecraft:oak_planks":13,"minecraft:spruce_trapdoor":1,"minecraft:furnace":5,"minecraft:raw_iron":24,"minecraft:stick":6,"irons_spellbooks:frozen_bone":4,"minecraft:cooked_porkchop":9,"minecraft:torch":6,"epicfight:skillbook":1,"minecraft:porkchop":11,"minecraft:spruce_log":5,"minecraft:barrel":1,"minecraft:stone_sword":1,"minecraft:rotten_flesh":13,"minecraft:stone_axe":1,"minecraft:iron_helmet":1,"minecraft:hay_block":6,"minecraft:emerald":4,"minecraft:mutton":14,"minecraft:coal":79,"minecraft:white_wool":6,"minecraft:cobblestone":82},"minecraft:custom":{"minecraft:interact_with_furnace":40,"minecraft:mob_kills":33,"minecraft:interact_with_crafting_table":10,"minecraft:open_barrel":1,"minecraft:leave_game":2,"minecraft:time_since_death":41824,"minecraft:climb_one_cm":3446,"minecraft:waystone_activated":1,"minecraft:time_since_rest":41983,"minecraft:sprint_one_cm":530239,"minecraft:damage_taken":2525,"minecraft:walk_one_cm":480079,"minecraft:drop":51,"minecraft:damage_dealt":5337,"minecraft:swim_one_cm":2178,"minecraft:fly_one_cm":323594,"minecraft:open_chest":8,"minecraft:crouch_one_cm":8480,"minecraft:play_time":65370,"minecraft:deaths":3,"minecraft:sneak_time":1071,"minecraft:walk_under_water_one_cm":1275,"minecraft:jump":1155,"minecraft:walk_on_water_one_cm":2097,"minecraft:total_world_time":65370,"minecraft:fall_one_cm":25602},"minecraft:dropped":{"minecraft:stone_axe":1,"minecraft:birch_planks":10,"minecraft:wheat_seeds":2,"minecraft:oak_log":2,"weaponmaster:tutorialbook":1,"minecraft:rotten_flesh":7,"minecraft:feather":6,"minecraft:cobblestone":24,"minecraft:stick":6,"minecraft:dirt":1,"minecraft:mud_bricks":6,"minecraft:spruce_trapdoor":1,"minecraft:mutton":2,"minecraft:mud_brick_stairs":1,"minecraft:wooden_shovel":2,"minecraft:barrel":1,"minecraft:spruce_slab":3,"minecraft:beef":2,"minecraft:wooden_pickaxe":2,"minecraft:white_wool":2}},"DataVersion":3465}