{"stats":{"minecraft:killed":{"minecraft:spider":3,"minecraft:skeleton":3,"irons_spellbooks:apothecarist":1,"minecraft:chicken":7,"minecraft:llama":1,"minecraft:pig":9,"minecraft:frog":1,"minecraft:sheep":8,"minecraft:zombie":8,"iceandfire:ghost":2,"minecraft:cow":8},"minecraft:used":{"minecraft:stone_sword":363,"minecraft:cooked_chicken":2,"minecraft:torch":13,"minecraft:dirt":105,"minecraft:beef":2,"minecraft:furnace":10,"minecraft:cooked_beef":19,"minecraft:pumpkin":1,"minecraft:cooked_mutton":7,"epicfight:skillbook":2,"minecraft:stone_pickaxe":146,"minecraft:wooden_pickaxe":59,"minecraft:crafting_table":8,"minecraft:white_bed":2,"minecraft:chicken":2,"minecraft:bread":9,"minecraft:stone_axe":165,"minecraft:cobblestone":5,"minecraft:porkchop":6,"minecraft:cooked_porkchop":25,"minecraft:oak_boat":1},"minecraft:mined":{"minecraft:spruce_planks":1,"minecraft:dark_oak_leaves":1,"minecraft:candle":2,"minecraft:spruce_trapdoor":1,"minecraft:granite":1,"minecraft:grass_block":12,"minecraft:stone_brick_wall":1,"minecraft:spruce_fence":1,"minecraft:brown_mushroom_block":2,"minecraft:spruce_leaves":2,"minecraft:mud_bricks":7,"minecraft:large_fern":1,"minecraft:hay_block":6,"minecraft:furnace":5,"minecraft:iron_ore":50,"minecraft:barrel":1,"minecraft:andesite":1,"minecraft:pumpkin":1,"minecraft:azure_bluet":1,"minecraft:vine":2,"minecraft:stone":56,"minecraft:spruce_slab":3,"minecraft:crafting_table":6,"minecraft:torch":7,"minecraft:mud_brick_stairs":1,"minecraft:tall_grass":6,"minecraft:copper_ore":28,"minecraft:wall_torch":4,"minecraft:birch_log":18,"minecraft:spruce_log":5,"minecraft:birch_leaves":6,"minecraft:wither_rose":1,"minecraft:grass":46,"minecraft:oak_log":17,"minecraft:coal_ore":32,"minecraft:sand":1,"minecraft:dirt":94,"minecraft:cobweb":1,"minecraft:oak_leaves":15,"minecraft:fern":2},"minecraft:crafted":{"minecraft:oak_planks":36,"minecraft:cooked_chicken":2,"minecraft:furnace":3,"minecraft:raw_copper_block":7,"minecraft:cooked_mutton":5,"minecraft:stone_pickaxe":3,"minecraft:wheat":54,"minecraft:cooked_beef":16,"minecraft:cooked_porkchop":15,"minecraft:crafting_table":3,"minecraft:spruce_planks":20,"minecraft:wooden_pickaxe":1,"minecraft:iron_sword":1,"minecraft:birch_planks":24,"minecraft:stone_axe":2,"minecraft:bread":18,"minecraft:air":0,"minecraft:stick":24,"minecraft:iron_pickaxe":1,"minecraft:iron_ingot":12,"minecraft:stone_sword":2,"minecraft:white_bed":1,"minecraft:torch":4},"minecraft:broken":{"minecraft:stone_sword":2,"minecraft:wooden_pickaxe":1,"minecraft:stone_pickaxe":1},"minecraft:picked_up":{"minecraft:wooden_axe":1,"minecraft:seagrass":3,"minecraft:crafting_table":6,"minecraft:nether_wart":5,"minecraft:chicken":4,"minecraft:wooden_pickaxe":2,"minecraft:string":13,"minecraft:raw_copper":118,"minecraft:spruce_planks":14,"minecraft:beef":20,"irons_spellbooks:epic_ink":1,"minecraft:wooden_shovel":3,"minecraft:spruce_slab":3,"minecraft:sugar_cane":5,"minecraft:spruce_trapdoor":1,"minecraft:egg":7,"minecraft:furnace":7,"minecraft:stick":10,"minecraft:raw_iron":50,"minecraft:torch":10,"epicfight:skillbook":2,"minecraft:porkchop":18,"minecraft:stone_sword":1,"minecraft:rotten_flesh":14,"minecraft:hay_block":12,"minecraft:mutton":14,"minecraft:cobblestone":118,"minecraft:white_wool":7,"minecraft:birch_log":20,"minecraft:feather":28,"minecraft:mud_bricks":9,"minecraft:cooked_beef":4,"minecraft:leather":11,"minecraft:fern":6,"minecraft:mud_brick_stairs":1,"minecraft:birch_planks":15,"minecraft:oak_log":11,"minecraft:dirt":217,"minecraft:bone":21,"minecraft:wheat_seeds":5,"minecraft:raw_gold":1,"minecraft:stone_pickaxe":1,"minecraft:cooked_chicken":1,"weaponmaster:tutorialbook":2,"minecraft:oak_planks":27,"iceandfire:copper_nugget":8,"irons_spellbooks:frozen_bone":4,"minecraft:cooked_porkchop":10,"minecraft:pumpkin":1,"minecraft:sand":1,"minecraft:white_bed":1,"minecraft:spruce_log":5,"minecraft:barrel":1,"minecraft:spider_eye":2,"minecraft:stone_axe":1,"minecraft:iron_helmet":1,"minecraft:emerald":4,"minecraft:coal":79},"minecraft:custom":{"minecraft:mob_kills":53,"minecraft:interact_with_crafting_table":21,"minecraft:open_barrel":1,"minecraft:leave_game":3,"minecraft:time_since_death":1261,"minecraft:climb_one_cm":3512,"minecraft:sprint_one_cm":1260950,"minecraft:walk_one_cm":975943,"minecraft:drop":91,"minecraft:play_time":125219,"minecraft:deaths":4,"minecraft:sneak_time":1992,"minecraft:walk_under_water_one_cm":4995,"minecraft:boat_one_cm":149595,"minecraft:jump":2732,"minecraft:walk_on_water_one_cm":6951,"minecraft:total_world_time":125219,"minecraft:interact_with_furnace":72,"minecraft:time_since_rest":1286,"minecraft:waystone_activated":3,"minecraft:damage_taken":5279,"minecraft:trigger_trapped_chest":3,"minecraft:damage_dealt":9068,"minecraft:swim_one_cm":4793,"minecraft:fly_one_cm":835406,"minecraft:open_chest":8,"minecraft:crouch_one_cm":19329,"minecraft:fall_one_cm":54569},"minecraft:dropped":{"minecraft:bread":9,"minecraft:birch_planks":10,"minecraft:wheat_seeds":3,"minecraft:cooked_beef":1,"minecraft:oak_log":2,"weaponmaster:tutorialbook":1,"minecraft:feather":6,"minecraft:cobblestone":49,"minecraft:stick":14,"minecraft:dirt":23,"iceandfire:copper_nugget":8,"minecraft:mutton":2,"minecraft:mud_brick_stairs":1,"minecraft:birch_log":6,"minecraft:white_wool":2,"minecraft:stone_axe":1,"minecraft:sugar_cane":1,"minecraft:cooked_chicken":1,"minecraft:raw_copper":73,"minecraft:rotten_flesh":10,"minecraft:oak_planks":25,"minecraft:fern":6,"minecraft:mud_bricks":6,"minecraft:spruce_trapdoor":1,"minecraft:spruce_planks":26,"minecraft:wooden_shovel":2,"minecraft:barrel":1,"minecraft:spider_eye":2,"minecraft:spruce_slab":3,"minecraft:wooden_pickaxe":2,"minecraft:beef":2,"minecraft:egg":7}},"DataVersion":3465}