{"stats":{"minecraft:killed":{"minecraft:pig":5,"minecraft:spider":3,"minecraft:frog":1,"minecraft:sheep":7,"minecraft:skeleton":2,"minecraft:zombie":8,"irons_spellbooks:apothecarist":1,"minecraft:chicken":7,"minecraft:llama":1,"minecraft:cow":8},"minecraft:mined":{"minecraft:spruce_planks":1,"minecraft:candle":2,"minecraft:granite":1,"minecraft:spruce_trapdoor":1,"minecraft:crafting_table":5,"minecraft:torch":7,"minecraft:stone_brick_wall":1,"minecraft:grass_block":9,"minecraft:spruce_fence":1,"minecraft:mud_brick_stairs":1,"minecraft:copper_ore":28,"minecraft:brown_mushroom_block":2,"minecraft:tall_grass":6,"minecraft:spruce_leaves":2,"minecraft:mud_bricks":7,"minecraft:wall_torch":2,"minecraft:large_fern":1,"minecraft:hay_block":6,"minecraft:furnace":5,"minecraft:birch_log":12,"minecraft:iron_ore":50,"minecraft:barrel":1,"minecraft:spruce_log":5,"minecraft:andesite":1,"minecraft:birch_leaves":5,"minecraft:wither_rose":1,"minecraft:azure_bluet":1,"minecraft:grass":36,"minecraft:oak_log":17,"minecraft:coal_ore":32,"minecraft:vine":2,"minecraft:dirt":75,"minecraft:cobweb":1,"minecraft:stone":56,"minecraft:fern":1,"minecraft:spruce_slab":3,"minecraft:oak_leaves":12},"minecraft:used":{"minecraft:cooked_mutton":6,"epicfight:skillbook":1,"minecraft:stone_sword":276,"minecraft:stone_pickaxe":142,"minecraft:wooden_pickaxe":59,"minecraft:torch":12,"minecraft:dirt":93,"minecraft:crafting_table":6,"minecraft:white_bed":1,"minecraft:bread":1,"minecraft:chicken":2,"minecraft:stone_axe":133,"minecraft:cobblestone":5,"minecraft:beef":2,"minecraft:furnace":10,"minecraft:cooked_porkchop":25,"minecraft:cooked_beef":5},"minecraft:crafted":{"minecraft:cooked_beef":16,"minecraft:cooked_porkchop":15,"minecraft:crafting_table":2,"minecraft:spruce_planks":20,"minecraft:cooked_chicken":2,"minecraft:wooden_pickaxe":1,"minecraft:iron_sword":1,"minecraft:furnace":3,"minecraft:birch_planks":24,"minecraft:stone_axe":2,"minecraft:raw_copper_block":7,"minecraft:bread":18,"minecraft:cooked_mutton":5,"minecraft:air":0,"minecraft:stick":20,"minecraft:iron_ingot":12,"minecraft:iron_pickaxe":1,"minecraft:stone_pickaxe":3,"minecraft:stone_sword":1,"minecraft:white_bed":1,"minecraft:torch":4,"minecraft:wheat":54},"minecraft:broken":{"minecraft:stone_pickaxe":1,"minecraft:stone_sword":1,"minecraft:wooden_pickaxe":1},"minecraft:picked_up":{"minecraft:birch_log":12,"minecraft:crafting_table":6,"minecraft:mud_bricks":9,"minecraft:feather":26,"minecraft:nether_wart":5,"minecraft:chicken":4,"minecraft:leather":11,"minecraft:fern":6,"minecraft:mud_brick_stairs":1,"minecraft:wooden_pickaxe":2,"minecraft:birch_planks":15,"minecraft:oak_log":11,"minecraft:string":9,"minecraft:dirt":196,"minecraft:raw_copper":118,"minecraft:bone":6,"minecraft:wheat_seeds":5,"minecraft:raw_gold":1,"minecraft:spruce_planks":1,"irons_spellbooks:epic_ink":1,"minecraft:beef":20,"minecraft:stone_pickaxe":1,"weaponmaster:tutorialbook":2,"minecraft:wooden_shovel":3,"minecraft:spruce_slab":3,"minecraft:oak_planks":13,"minecraft:spruce_trapdoor":1,"minecraft:egg":7,"minecraft:furnace":7,"minecraft:raw_iron":50,"minecraft:stick":7,"irons_spellbooks:frozen_bone":4,"minecraft:cooked_porkchop":10,"minecraft:torch":8,"epicfight:skillbook":1,"minecraft:porkchop":11,"minecraft:spruce_log":5,"minecraft:spider_eye":2,"minecraft:barrel":1,"minecraft:stone_sword":1,"minecraft:rotten_flesh":14,"minecraft:stone_axe":1,"minecraft:iron_helmet":1,"minecraft:hay_block":12,"minecraft:emerald":4,"minecraft:mutton":14,"minecraft:coal":79,"minecraft:white_wool":6,"minecraft:cobblestone":115,"minecraft:wooden_axe":1},"minecraft:custom":{"minecraft:interact_with_furnace":62,"minecraft:mob_kills":45,"minecraft:interact_with_crafting_table":18,"minecraft:open_barrel":1,"minecraft:leave_game":2,"minecraft:time_since_death":65824,"minecraft:climb_one_cm":3446,"minecraft:waystone_activated":1,"minecraft:time_since_rest":65983,"minecraft:sprint_one_cm":809455,"minecraft:damage_taken":3065,"minecraft:walk_one_cm":660094,"minecraft:drop":74,"minecraft:damage_dealt":7013,"minecraft:swim_one_cm":2178,"minecraft:fly_one_cm":479745,"minecraft:open_chest":8,"minecraft:crouch_one_cm":17198,"minecraft:play_time":89370,"minecraft:deaths":3,"minecraft:sneak_time":1791,"minecraft:walk_under_water_one_cm":1275,"minecraft:jump":1739,"minecraft:walk_on_water_one_cm":2097,"minecraft:total_world_time":89370,"minecraft:fall_one_cm":36328},"minecraft:dropped":{"minecraft:bread":9,"minecraft:stone_axe":1,"minecraft:birch_planks":10,"minecraft:wheat_seeds":3,"minecraft:oak_log":2,"minecraft:raw_copper":73,"weaponmaster:tutorialbook":1,"minecraft:rotten_flesh":10,"minecraft:feather":6,"minecraft:cobblestone":46,"minecraft:fern":6,"minecraft:oak_planks":11,"minecraft:stick":8,"minecraft:dirt":22,"minecraft:mud_bricks":6,"minecraft:spruce_trapdoor":1,"minecraft:mutton":2,"minecraft:mud_brick_stairs":1,"minecraft:wooden_shovel":2,"minecraft:spider_eye":2,"minecraft:barrel":1,"minecraft:spruce_slab":3,"minecraft:beef":2,"minecraft:wooden_pickaxe":2,"minecraft:white_wool":2,"minecraft:egg":7}},"DataVersion":3465}