{"stats":{"minecraft:killed":{"irons_spellbooks:summoned_zombie":2,"iceandfire:gorgon":1,"minecraft:spider":7,"minecraft:skeleton":4,"minecraft:horse":3,"minecraft:chicken":4,"minecraft:pig":9,"minecraft:frog":1,"minecraft:creeper":2,"minecraft:sheep":11,"minecraft:pillager":3,"minecraft:zombie":8,"iceandfire:ghost":11,"minecraft:cow":10},"minecraft:crafted":{"minecraft:furnace":2,"iceandfire:armor_copper_metal_leggings":1,"minecraft:cooked_mutton":14,"iceandfire:armor_copper_metal_helmet":1,"iceandfire:armor_copper_metal_boots":1,"minecraft:glass":0,"minecraft:stone_pickaxe":2,"iceandfire:armor_copper_metal_chestplate":1,"minecraft:chest":1,"minecraft:cooked_beef":13,"minecraft:cooked_porkchop":15,"iceandfire:blindfold":1,"minecraft:spruce_planks":24,"minecraft:wooden_pickaxe":2,"minecraft:copper_ingot":16,"minecraft:stone_axe":4,"minecraft:air":0,"minecraft:stick":16,"minecraft:wooden_axe":2,"minecraft:stone_sword":4,"travelersbackpack:cow":1,"minecraft:acacia_planks":44,"minecraft:torch":4},"minecraft:used":{"minecraft:stone_sword":368,"minecraft:acacia_log":1,"minecraft:cooked_chicken":1,"minecraft:torch":33,"iceandfire:armor_copper_metal_boots":1,"minecraft:dirt":21,"minecraft:tuff":2,"minecraft:granite":4,"minecraft:wooden_axe":94,"minecraft:stone_brick_stairs":1,"minecraft:stone_bricks":4,"minecraft:basalt":2,"minecraft:furnace":4,"minecraft:goat_horn":2,"minecraft:cooked_beef":11,"minecraft:cobbled_deepslate":1,"minecraft:cooked_mutton":6,"minecraft:water_bucket":2,"travelersbackpack:cow":2,"minecraft:birch_planks":1,"minecraft:stone_pickaxe":172,"minecraft:blackstone":1,"minecraft:wooden_pickaxe":90,"minecraft:deepslate_bricks":1,"minecraft:polished_blackstone_bricks":1,"minecraft:cracked_stone_bricks":1,"minecraft:mossy_cobblestone":1,"minecraft:crafting_table":5,"minecraft:gravel":1,"minecraft:stone_axe":298,"minecraft:cobblestone":45,"travelersbackpack:standard":3,"minecraft:cooked_porkchop":19,"minecraft:bucket":3},"minecraft:mined":{"minecraft:tuff":3,"minecraft:mossy_cobblestone":1,"minecraft:dark_oak_log":3,"minecraft:mangrove_roots":1,"minecraft:granite":4,"minecraft:dark_oak_fence":5,"minecraft:acacia_log":6,"minecraft:grass_block":14,"minecraft:brown_wool":1,"minecraft:deepslate_bricks":2,"minecraft:birch_slab":4,"minecraft:spruce_leaves":5,"minecraft:oxeye_daisy":1,"minecraft:hay_block":9,"minecraft:polished_blackstone_bricks":2,"minecraft:large_fern":1,"minecraft:furnace":2,"minecraft:cobbled_deepslate":1,"minecraft:iron_ore":17,"minecraft:bookshelf":21,"minecraft:vine":1,"minecraft:stone":82,"minecraft:spruce_slab":2,"minecraft:birch_stairs":1,"minecraft:blackstone":1,"minecraft:basalt":2,"minecraft:amethyst_cluster":1,"minecraft:stone_brick_slab":1,"travelersbackpack:standard":1,"minecraft:crafting_table":6,"minecraft:torch":17,"minecraft:andesite_slab":3,"minecraft:campfire":1,"minecraft:cobblestone":25,"minecraft:copper_ore":21,"minecraft:tall_grass":7,"minecraft:oak_planks":2,"minecraft:diorite":2,"minecraft:wall_torch":7,"minecraft:skeleton_skull":1,"minecraft:spruce_stairs":1,"minecraft:birch_planks":5,"minecraft:spruce_log":8,"minecraft:birch_leaves":2,"minecraft:stone_brick_stairs":5,"minecraft:grass":87,"minecraft:oak_log":5,"minecraft:coal_ore":10,"travelersbackpack:cow":1,"minecraft:sand":12,"minecraft:gravel":1,"minecraft:dirt":33,"minecraft:cobweb":2,"minecraft:cracked_stone_bricks":5,"minecraft:acacia_planks":1,"minecraft:stone_bricks":12,"minecraft:mossy_stone_bricks":2,"minecraft:oak_leaves":1,"minecraft:fern":1},"minecraft:custom":{"minecraft:mob_kills":84,"minecraft:interact_with_crafting_table":46,"minecraft:open_barrel":12,"minecraft:leave_game":1,"minecraft:time_since_death":17251,"minecraft:climb_one_cm":2014,"minecraft:sprint_one_cm":550204,"minecraft:walk_one_cm":371346,"minecraft:drop":121,"minecraft:play_time":122765,"minecraft:deaths":3,"minecraft:sneak_time":830,"minecraft:walk_under_water_one_cm":306,"minecraft:jump":1924,"minecraft:walk_on_water_one_cm":2600,"minecraft:total_world_time":122765,"minecraft:interact_with_furnace":83,"minecraft:sleep_in_bed":5,"minecraft:time_since_rest":17277,"minecraft:waystone_activated":1,"minecraft:damage_taken":3060,"minecraft:trigger_trapped_chest":8,"minecraft:damage_dealt":14562,"minecraft:swim_one_cm":3279,"minecraft:fly_one_cm":355586,"minecraft:open_chest":11,"minecraft:crouch_one_cm":2850,"minecraft:fall_one_cm":45720},"minecraft:picked_up":{"minecraft:wooden_axe":1,"irons_spellbooks:scroll":2,"minecraft:charcoal":3,"minecraft:crafting_table":6,"minecraft:chicken":5,"iceandfire:armor_copper_metal_chestplate":2,"minecraft:wooden_pickaxe":2,"minecraft:stone_brick_stairs":9,"minecraft:string":16,"minecraft:raw_copper":65,"minecraft:blackstone":1,"minecraft:cracked_stone_bricks":9,"irons_spellbooks:arcane_essence":7,"minecraft:cobbled_deepslate":1,"minecraft:bucket":2,"minecraft:spruce_planks":22,"minecraft:beef":39,"minecraft:spruce_slab":1,"minecraft:birch_sapling":1,"minecraft:furnace":2,"minecraft:stick":5,"minecraft:raw_iron":17,"iceandfire:copper_pickaxe":4,"iceandfire:armor_copper_metal_leggings":2,"minecraft:copper_ingot":4,"minecraft:torch":37,"minecraft:acacia_log":13,"minecraft:spruce_stairs":1,"minecraft:porkchop":25,"minecraft:polished_blackstone_bricks":2,"iceandfire:rotten_egg":1,"minecraft:diorite":2,"iceandfire:armor_copper_metal_boots":6,"minecraft:carrot":8,"irons_spellbooks:fire_rune":1,"minecraft:goat_horn":2,"iceandfire:blindfold":1,"minecraft:rotten_flesh":27,"minecraft:stone_sword":4,"minecraft:arrow":5,"minecraft:deepslate_bricks":2,"minecraft:hay_block":7,"minecraft:mutton":18,"minecraft:skeleton_skull":3,"minecraft:white_wool":12,"minecraft:cobblestone":177,"minecraft:oxeye_daisy":1,"minecraft:basalt":2,"minecraft:feather":4,"minecraft:cooked_beef":2,"minecraft:water_bucket":1,"minecraft:birch_slab":5,"minecraft:brown_wool":1,"minecraft:leather":38,"minecraft:birch_planks":14,"minecraft:oak_log":2,"minecraft:tuff":4,"iceandfire:ectoplasm":2,"minecraft:gunpowder":9,"iceandfire:armor_copper_metal_helmet":2,"minecraft:wooden_hoe":3,"minecraft:dirt":44,"minecraft:cooked_mutton":3,"minecraft:red_carpet":28,"minecraft:bone":16,"minecraft:acacia_planks":12,"travelersbackpack:cow":1,"minecraft:apple":1,"minecraft:stone_bricks":13,"minecraft:bow":2,"minecraft:wheat_seeds":26,"minecraft:stone_pickaxe":5,"minecraft:cooked_chicken":1,"minecraft:cobweb":1,"minecraft:mossy_stone_bricks":1,"minecraft:acacia_sapling":1,"minecraft:book":66,"minecraft:cooked_porkchop":7,"minecraft:stone_brick_slab":2,"minecraft:gravel":1,"minecraft:birch_stairs":1,"minecraft:sand":31,"minecraft:amethyst_shard":4,"minecraft:spruce_sapling":1,"minecraft:spruce_log":6,"minecraft:jungle_slab":1,"minecraft:spider_eye":4,"minecraft:mossy_cobblestone":1,"travelersbackpack:standard":1,"minecraft:stone_axe":3,"minecraft:polished_blackstone_button":2,"minecraft:granite":4,"minecraft:bone_meal":3,"minecraft:gray_wool":11,"iceandfire:gorgon_head":1,"minecraft:oak_sapling":1,"minecraft:netherrack":6,"minecraft:andesite_slab":3,"minecraft:coal":11},"minecraft:broken":{"minecraft:stone_sword":2,"minecraft:wooden_pickaxe":1,"minecraft:stone_pickaxe":1,"minecraft:stone_axe":3,"minecraft:wooden_axe":2,"iceandfire:armor_copper_metal_helmet":1},"minecraft:dropped":{"minecraft:porkchop":6,"minecraft:birch_planks":4,"minecraft:wheat_seeds":25,"minecraft:cobblestone":21,"minecraft:book":3,"minecraft:leather":13,"minecraft:cracked_stone_bricks":6,"iceandfire:gorgon_head":1,"minecraft:copper_ingot":4,"minecraft:polished_blackstone_button":2,"minecraft:birch_slab":4,"minecraft:red_carpet":20,"minecraft:stick":1,"minecraft:dirt":18,"minecraft:jungle_slab":1,"minecraft:diorite":2,"minecraft:wooden_hoe":2,"minecraft:brown_wool":1,"iceandfire:armor_copper_metal_boots":2,"iceandfire:copper_pickaxe":2,"minecraft:polished_blackstone_bricks":1,"minecraft:string":11,"minecraft:bucket":1,"minecraft:white_wool":6,"minecraft:birch_stairs":1,"minecraft:acacia_planks":2,"minecraft:spruce_sapling":1,"minecraft:stone_brick_slab":1,"minecraft:bone":5,"minecraft:stone_axe":1,"minecraft:stone_sword":1,"minecraft:andesite_slab":3,"minecraft:tuff":1,"minecraft:birch_sapling":1,"minecraft:rotten_flesh":27,"minecraft:cooked_mutton":2,"minecraft:carrot":8,"minecraft:deepslate_bricks":1,"minecraft:gunpowder":3,"minecraft:skeleton_skull":2,"minecraft:mossy_stone_bricks":1,"minecraft:acacia_sapling":1,"minecraft:oak_sapling":1,"minecraft:stone_bricks":7,"minecraft:spider_eye":3,"minecraft:wooden_pickaxe":1,"minecraft:bow":2,"minecraft:arrow":5,"minecraft:glass":3,"minecraft:stone_pickaxe":1,"minecraft:stone_brick_stairs":6,"minecraft:netherrack":3}},"DataVersion":3465}