{"stats":{"minecraft:mined":{"minecraft:birch_log":12,"minecraft:birch_leaves":1,"minecraft:crafting_table":1,"minecraft:grass":9,"minecraft:grass_block":7,"minecraft:coal_ore":32,"minecraft:dirt":56,"minecraft:tall_grass":2,"minecraft:stone":50},"minecraft:killed":{"minecraft:zombie":1,"minecraft:chicken":1},"minecraft:used":{"minecraft:cooked_mutton":1,"minecraft:stone_sword":36,"minecraft:stone_pickaxe":29,"minecraft:wooden_pickaxe":59,"minecraft:stone_axe":9,"minecraft:dirt":5,"minecraft:crafting_table":1,"minecraft:furnace":2,"minecraft:cooked_porkchop":1,"minecraft:cooked_beef":1},"minecraft:crafted":{"minecraft:cooked_beef":1,"minecraft:cooked_porkchop":1,"minecraft:crafting_table":1,"minecraft:stick":8,"minecraft:wooden_pickaxe":1,"minecraft:stone_pickaxe":1,"minecraft:furnace":2,"minecraft:birch_planks":24,"minecraft:stone_axe":1,"minecraft:cooked_mutton":0,"minecraft:air":0},"minecraft:broken":{"minecraft:wooden_pickaxe":1},"minecraft:picked_up":{"minecraft:birch_log":12,"minecraft:crafting_table":1,"minecraft:wooden_pickaxe":2,"minecraft:dirt":69,"minecraft:rotten_flesh":2,"minecraft:wheat_seeds":1,"minecraft:wooden_shovel":1,"minecraft:coal":32,"minecraft:cobblestone":49,"minecraft:furnace":2},"minecraft:custom":{"minecraft:time_since_rest":14800,"minecraft:interact_with_furnace":7,"minecraft:sprint_one_cm":87962,"minecraft:damage_taken":875,"minecraft:walk_one_cm":116211,"minecraft:mob_kills":2,"minecraft:drop":12,"minecraft:damage_dealt":629,"minecraft:swim_one_cm":2178,"minecraft:interact_with_crafting_table":5,"minecraft:fly_one_cm":31910,"minecraft:crouch_one_cm":402,"minecraft:play_time":17113,"minecraft:deaths":2,"minecraft:sneak_time":111,"minecraft:walk_under_water_one_cm":249,"minecraft:jump":172,"minecraft:walk_on_water_one_cm":412,"minecraft:time_since_death":14773,"minecraft:total_world_time":17113,"minecraft:fall_one_cm":4816},"minecraft:dropped":{"minecraft:dirt":1,"minecraft:cobblestone":9,"minecraft:wooden_pickaxe":2}},"DataVersion":3465}