{"stats":{"minecraft:used":{"minecraft:cooked_mutton":4,"epicfight:skillbook":1,"minecraft:stone_sword":95,"minecraft:stone_pickaxe":46,"minecraft:wooden_pickaxe":37,"minecraft:cooked_chicken":3,"minecraft:torch":9,"minecraft:dirt":29,"minecraft:crafting_table":6,"minecraft:white_bed":2,"minecraft:wooden_axe":37,"minecraft:gravel":2,"minecraft:stone_axe":2,"minecraft:cobblestone":2,"minecraft:furnace":6,"minecraft:cooked_porkchop":8},"minecraft:picked_up":{"minecraft:birch_log":69,"minecraft:fishing_rod":3,"minecraft:crafting_table":5,"minecraft:clock":1,"minecraft:feather":16,"minecraft:chicken":5,"minecraft:wooden_pickaxe":6,"minecraft:filled_map":1,"minecraft:birch_planks":18,"minecraft:oak_log":3,"minecraft:gunpowder":4,"minecraft:map":8,"minecraft:dirt":62,"minecraft:string":8,"minecraft:raw_copper":120,"minecraft:cooked_mutton":1,"minecraft:bone":6,"minecraft:wheat_seeds":16,"minecraft:iron_ingot":14,"minecraft:stone_pickaxe":5,"weaponmaster:tutorialbook":21,"minecraft:iron_pickaxe":6,"minecraft:birch_sapling":4,"minecraft:egg":2,"minecraft:furnace":5,"minecraft:stick":20,"minecraft:raw_iron":13,"minecraft:cooked_porkchop":1,"minecraft:torch":26,"minecraft:gravel":13,"epicfight:skillbook":1,"minecraft:porkchop":10,"iceandfire:rotten_egg":1,"minecraft:diorite":7,"minecraft:white_bed":2,"minecraft:dark_oak_log":3,"rpgsmw:class_choose_orb":1,"minecraft:stone_sword":6,"minecraft:arrow":6,"minecraft:rotten_flesh":16,"minecraft:stone_axe":1,"minecraft:mutton":4,"minecraft:coal":95,"minecraft:white_wool":12,"iceandfire:raw_silver":12,"minecraft:cobblestone":88},"minecraft:killed_by":{"minecraft:player":1},"minecraft:mined":{"minecraft:white_bed":1,"iceandfire:silver_ore":2,"minecraft:dark_oak_log":1,"minecraft:crafting_table":5,"minecraft:torch":7,"minecraft:grass_block":9,"minecraft:cobblestone":2,"minecraft:copper_ore":6,"minecraft:diorite":1,"minecraft:wall_torch":2,"minecraft:furnace":4,"minecraft:iron_ore":6,"minecraft:birch_log":15,"minecraft:birch_leaves":10,"minecraft:grass":14,"minecraft:oak_log":3,"minecraft:coal_ore":17,"minecraft:gravel":1,"minecraft:dirt":19,"minecraft:stone":23},"minecraft:custom":{"minecraft:interact_with_furnace":30,"minecraft:mob_kills":22,"minecraft:interact_with_crafting_table":10,"minecraft:time_since_death":8301,"minecraft:sleep_in_bed":4,"minecraft:time_since_rest":8335,"minecraft:sprint_one_cm":273777,"minecraft:damage_taken":3325,"minecraft:walk_one_cm":523405,"minecraft:drop":7,"minecraft:damage_dealt":2788,"minecraft:damage_dealt_absorbed":2,"minecraft:swim_one_cm":4361,"minecraft:fly_one_cm":157025,"minecraft:crouch_one_cm":3097,"minecraft:play_time":74272,"minecraft:deaths":7,"minecraft:sneak_time":514,"minecraft:walk_under_water_one_cm":32544,"minecraft:aviate_one_cm":525666,"minecraft:jump":915,"minecraft:walk_on_water_one_cm":31167,"minecraft:total_world_time":74272,"minecraft:fall_one_cm":19841},"minecraft:broken":{"minecraft:wooden_axe":1},"minecraft:dropped":{"minecraft:wheat_seeds":2,"weaponmaster:tutorialbook":5,"minecraft:birch_sapling":1},"minecraft:crafted":{"minecraft:cooked_porkchop":7,"minecraft:crafting_table":2,"minecraft:wooden_pickaxe":1,"minecraft:cooked_chicken":3,"minecraft:furnace":2,"minecraft:birch_planks":60,"minecraft:stone_axe":1,"minecraft:cooked_mutton":3,"minecraft:air":0,"minecraft:stick":16,"minecraft:iron_ingot":1,"minecraft:iron_pickaxe":1,"minecraft:stone_pickaxe":1,"minecraft:stone_sword":1,"minecraft:torch":4},"minecraft:killed":{"minecraft:pig":6,"minecraft:spider":2,"minecraft:skeleton":1,"minecraft:sheep":3,"minecraft:zombie":5,"minecraft:chicken":5}},"DataVersion":3465}