{"stats":{"minecraft:killed":{"irons_spellbooks:summoned_zombie":1,"iceandfire:gorgon":1,"minecraft:spider":5,"minecraft:skeleton":4,"minecraft:horse":3,"minecraft:chicken":2,"minecraft:pig":7,"minecraft:frog":1,"minecraft:creeper":2,"minecraft:sheep":8,"minecraft:pillager":3,"minecraft:zombie":6,"minecraft:cow":10},"minecraft:crafted":{"minecraft:furnace":2,"iceandfire:armor_copper_metal_leggings":1,"minecraft:cooked_mutton":11,"iceandfire:armor_copper_metal_helmet":1,"iceandfire:armor_copper_metal_boots":1,"minecraft:glass":0,"minecraft:stone_pickaxe":2,"iceandfire:armor_copper_metal_chestplate":1,"minecraft:chest":1,"minecraft:cooked_beef":13,"minecraft:cooked_porkchop":10,"iceandfire:blindfold":1,"minecraft:spruce_planks":24,"minecraft:wooden_pickaxe":2,"minecraft:copper_ingot":16,"minecraft:stone_axe":4,"minecraft:air":0,"minecraft:stick":16,"minecraft:wooden_axe":2,"minecraft:stone_sword":1,"minecraft:acacia_planks":44,"minecraft:torch":4},"minecraft:used":{"minecraft:stone_sword":101,"minecraft:acacia_log":1,"minecraft:torch":16,"iceandfire:armor_copper_metal_boots":1,"minecraft:dirt":7,"minecraft:granite":4,"minecraft:wooden_axe":94,"minecraft:stone_bricks":3,"minecraft:furnace":2,"minecraft:goat_horn":2,"minecraft:cooked_beef":3,"minecraft:cooked_mutton":5,"minecraft:birch_planks":1,"minecraft:stone_pickaxe":113,"minecraft:wooden_pickaxe":90,"minecraft:crafting_table":3,"minecraft:gravel":1,"minecraft:stone_axe":246,"minecraft:cobblestone":16,"travelersbackpack:standard":2,"minecraft:cooked_porkchop":10},"minecraft:mined":{"minecraft:dark_oak_log":3,"minecraft:mangrove_roots":1,"minecraft:granite":4,"minecraft:dark_oak_fence":5,"minecraft:acacia_log":6,"minecraft:grass_block":11,"minecraft:birch_slab":4,"minecraft:spruce_leaves":5,"minecraft:furnace":2,"minecraft:iron_ore":17,"minecraft:vine":1,"minecraft:stone":79,"minecraft:birch_stairs":1,"travelersbackpack:standard":1,"minecraft:crafting_table":4,"minecraft:torch":7,"minecraft:cobblestone":21,"minecraft:copper_ore":21,"minecraft:tall_grass":3,"minecraft:diorite":2,"minecraft:wall_torch":4,"minecraft:skeleton_skull":1,"minecraft:birch_planks":5,"minecraft:spruce_log":8,"minecraft:birch_leaves":2,"minecraft:grass":66,"minecraft:coal_ore":10,"minecraft:sand":12,"minecraft:gravel":1,"minecraft:dirt":22,"minecraft:stone_bricks":5,"minecraft:oak_leaves":1},"minecraft:custom":{"minecraft:mob_kills":54,"minecraft:interact_with_crafting_table":29,"minecraft:leave_game":1,"minecraft:time_since_death":23951,"minecraft:climb_one_cm":1710,"minecraft:sprint_one_cm":302092,"minecraft:walk_one_cm":197631,"minecraft:drop":47,"minecraft:play_time":74765,"minecraft:deaths":2,"minecraft:sneak_time":667,"minecraft:walk_under_water_one_cm":306,"minecraft:jump":1317,"minecraft:walk_on_water_one_cm":915,"minecraft:total_world_time":74765,"minecraft:interact_with_furnace":69,"minecraft:time_since_rest":23978,"minecraft:damage_taken":1722,"minecraft:trigger_trapped_chest":1,"minecraft:damage_dealt":8749,"minecraft:swim_one_cm":3279,"minecraft:fly_one_cm":239721,"minecraft:open_chest":6,"minecraft:crouch_one_cm":2316,"minecraft:fall_one_cm":33289},"minecraft:picked_up":{"minecraft:wooden_axe":1,"minecraft:crafting_table":4,"minecraft:chicken":1,"iceandfire:armor_copper_metal_chestplate":1,"minecraft:wooden_pickaxe":1,"minecraft:string":10,"minecraft:raw_copper":65,"minecraft:spruce_planks":22,"minecraft:beef":35,"minecraft:furnace":2,"minecraft:stick":5,"minecraft:raw_iron":17,"iceandfire:copper_pickaxe":2,"iceandfire:armor_copper_metal_leggings":1,"minecraft:copper_ingot":4,"minecraft:torch":20,"minecraft:acacia_log":13,"minecraft:porkchop":15,"minecraft:diorite":2,"iceandfire:armor_copper_metal_boots":5,"minecraft:carrot":4,"minecraft:goat_horn":2,"iceandfire:blindfold":1,"minecraft:rotten_flesh":23,"minecraft:stone_sword":2,"minecraft:arrow":5,"minecraft:mutton":13,"minecraft:skeleton_skull":2,"minecraft:white_wool":8,"minecraft:cobblestone":134,"minecraft:feather":2,"minecraft:birch_slab":5,"minecraft:leather":34,"minecraft:birch_planks":14,"minecraft:gunpowder":6,"iceandfire:armor_copper_metal_helmet":1,"minecraft:dirt":30,"minecraft:bone":5,"minecraft:acacia_planks":11,"minecraft:stone_bricks":3,"minecraft:bow":2,"minecraft:wheat_seeds":23,"minecraft:stone_pickaxe":3,"minecraft:acacia_sapling":1,"minecraft:cooked_porkchop":3,"minecraft:gravel":1,"minecraft:birch_stairs":1,"minecraft:sand":31,"minecraft:spruce_sapling":1,"minecraft:spruce_log":6,"minecraft:jungle_slab":1,"minecraft:spider_eye":2,"travelersbackpack:standard":1,"minecraft:stone_axe":1,"minecraft:granite":4,"minecraft:gray_wool":7,"iceandfire:gorgon_head":1,"minecraft:oak_sapling":1,"minecraft:netherrack":6,"minecraft:coal":11},"minecraft:broken":{"minecraft:wooden_pickaxe":1,"minecraft:stone_axe":3,"minecraft:wooden_axe":2},"minecraft:dropped":{"minecraft:birch_planks":4,"minecraft:wheat_seeds":22,"minecraft:cobblestone":2,"minecraft:leather":9,"iceandfire:gorgon_head":1,"minecraft:copper_ingot":4,"minecraft:birch_slab":4,"minecraft:stick":1,"minecraft:dirt":18,"minecraft:jungle_slab":1,"iceandfire:armor_copper_metal_boots":2,"iceandfire:copper_pickaxe":2,"minecraft:string":1,"minecraft:white_wool":3,"minecraft:birch_stairs":1,"minecraft:spruce_sapling":1,"minecraft:stone_sword":1,"minecraft:rotten_flesh":22,"minecraft:cooked_mutton":2,"minecraft:acacia_sapling":1,"minecraft:oak_sapling":1,"minecraft:spider_eye":1,"minecraft:bow":2,"minecraft:arrow":5,"minecraft:glass":3,"minecraft:stone_pickaxe":1,"minecraft:netherrack":3}},"DataVersion":3465}