{"stats":{"minecraft:killed":{"minecraft:horse":3,"minecraft:sheep":3,"minecraft:zombie":1,"minecraft:pig":7,"minecraft:frog":1,"minecraft:cow":2},"minecraft:crafted":{"minecraft:cooked_porkchop":10,"minecraft:spruce_planks":24,"minecraft:stick":12,"minecraft:wooden_pickaxe":2,"minecraft:stone_pickaxe":2,"minecraft:wooden_axe":2,"minecraft:furnace":2,"minecraft:acacia_planks":44,"minecraft:stone_axe":1,"minecraft:air":0,"minecraft:cooked_mutton":7},"minecraft:used":{"minecraft:cooked_mutton":3,"minecraft:wooden_axe":94,"minecraft:acacia_log":1,"minecraft:stone_pickaxe":47,"minecraft:wooden_pickaxe":66,"minecraft:gravel":1,"minecraft:stone_axe":58,"minecraft:dirt":7,"minecraft:cooked_porkchop":1,"minecraft:furnace":2,"minecraft:granite":4},"minecraft:mined":{"minecraft:spruce_log":8,"minecraft:mangrove_roots":1,"minecraft:granite":4,"minecraft:grass":53,"minecraft:acacia_log":6,"minecraft:grass_block":8,"minecraft:coal_ore":10,"minecraft:gravel":1,"minecraft:dirt":10,"minecraft:copper_ore":11,"minecraft:tall_grass":2,"minecraft:spruce_leaves":5,"minecraft:stone":65},"minecraft:custom":{"minecraft:time_since_rest":12856,"minecraft:interact_with_furnace":15,"minecraft:sprint_one_cm":54469,"minecraft:damage_taken":350,"minecraft:walk_one_cm":62301,"minecraft:mob_kills":18,"minecraft:drop":12,"minecraft:damage_dealt":2392,"minecraft:interact_with_crafting_table":11,"minecraft:fly_one_cm":63675,"minecraft:crouch_one_cm":425,"minecraft:play_time":20765,"minecraft:deaths":1,"minecraft:sneak_time":126,"minecraft:jump":383,"minecraft:leave_game":1,"minecraft:walk_on_water_one_cm":148,"minecraft:time_since_death":12832,"minecraft:total_world_time":20765,"minecraft:fall_one_cm":11527},"minecraft:picked_up":{"minecraft:wooden_axe":1,"minecraft:stick":5,"minecraft:leather":6,"minecraft:acacia_log":13,"minecraft:gravel":1,"minecraft:porkchop":15,"minecraft:spruce_sapling":1,"minecraft:spruce_log":6,"minecraft:dirt":19,"minecraft:raw_copper":33,"minecraft:rotten_flesh":2,"minecraft:wheat_seeds":10,"minecraft:beef":4,"minecraft:granite":4,"minecraft:coal":10,"minecraft:oak_sapling":1,"minecraft:mutton":4,"minecraft:acacia_sapling":1,"minecraft:white_wool":4,"minecraft:cobblestone":63},"minecraft:broken":{"minecraft:wooden_axe":2},"minecraft:dropped":{"minecraft:wheat_seeds":9,"minecraft:acacia_sapling":1,"minecraft:oak_sapling":1,"minecraft:rotten_flesh":2,"minecraft:cobblestone":2,"minecraft:cooked_mutton":2,"minecraft:spruce_sapling":1}},"DataVersion":3465}