{"stats":{"minecraft:used":{"epicfight:skillbook":1,"minecraft:wooden_axe":37,"minecraft:stone_sword":27,"minecraft:stone_pickaxe":26,"minecraft:wooden_pickaxe":34,"minecraft:cooked_chicken":3,"minecraft:dirt":19,"minecraft:crafting_table":5,"minecraft:cooked_porkchop":6,"minecraft:furnace":4},"minecraft:picked_up":{"minecraft:birch_log":15,"minecraft:crafting_table":4,"minecraft:raw_iron":7,"minecraft:feather":2,"minecraft:chicken":3,"minecraft:cooked_porkchop":1,"minecraft:gravel":3,"epicfight:skillbook":1,"minecraft:porkchop":7,"minecraft:diorite":1,"minecraft:string":1,"minecraft:dirt":21,"minecraft:raw_copper":24,"minecraft:rotten_flesh":2,"minecraft:wheat_seeds":1,"minecraft:iron_ingot":4,"minecraft:mutton":4,"minecraft:coal":58,"iceandfire:raw_silver":2,"minecraft:white_wool":3,"minecraft:cobblestone":23,"minecraft:furnace":3},"minecraft:mined":{"minecraft:furnace":2,"iceandfire:silver_ore":2,"minecraft:birch_log":15,"minecraft:iron_ore":6,"minecraft:birch_leaves":4,"minecraft:crafting_table":4,"minecraft:grass":3,"minecraft:grass_block":7,"minecraft:coal_ore":17,"minecraft:dirt":15,"minecraft:copper_ore":6,"minecraft:stone":20,"minecraft:diorite":1},"minecraft:custom":{"minecraft:time_since_rest":26272,"minecraft:interact_with_furnace":18,"minecraft:sprint_one_cm":91845,"minecraft:damage_taken":745,"minecraft:walk_one_cm":191805,"minecraft:mob_kills":13,"minecraft:damage_dealt":1362,"minecraft:damage_dealt_absorbed":2,"minecraft:swim_one_cm":4361,"minecraft:interact_with_crafting_table":6,"minecraft:fly_one_cm":62679,"minecraft:crouch_one_cm":2,"minecraft:play_time":26272,"minecraft:sneak_time":89,"minecraft:walk_under_water_one_cm":10079,"minecraft:aviate_one_cm":107275,"minecraft:jump":375,"minecraft:time_since_death":26272,"minecraft:walk_on_water_one_cm":12353,"minecraft:total_world_time":26272,"minecraft:fall_one_cm":8278},"minecraft:broken":{"minecraft:wooden_axe":1},"minecraft:crafted":{"minecraft:cooked_porkchop":6,"minecraft:crafting_table":1,"minecraft:iron_pickaxe":1,"minecraft:stick":12,"minecraft:iron_ingot":1,"minecraft:cooked_chicken":3,"minecraft:wooden_pickaxe":1,"minecraft:stone_pickaxe":1,"minecraft:stone_sword":1,"minecraft:furnace":1,"minecraft:torch":4,"minecraft:birch_planks":20,"minecraft:air":0},"minecraft:killed":{"minecraft:sheep":3,"minecraft:zombie":2,"minecraft:pig":4,"minecraft:chicken":3,"minecraft:spider":1}},"DataVersion":3465}