{"stats":{"minecraft:mined":{"minecraft:crafting_table":2,"minecraft:torch":2,"minecraft:grass_block":7,"minecraft:tall_grass":4,"minecraft:spruce_leaves":2,"minecraft:furnace":3,"minecraft:birch_log":12,"minecraft:iron_ore":12,"minecraft:spruce_log":5,"minecraft:birch_leaves":2,"minecraft:azure_bluet":1,"minecraft:grass":23,"minecraft:coal_ore":32,"minecraft:dirt":60,"minecraft:stone":52},"minecraft:killed":{"minecraft:pig":5,"minecraft:skeleton":1,"minecraft:zombie":5,"minecraft:chicken":2,"minecraft:llama":1,"minecraft:cow":4},"minecraft:used":{"minecraft:cooked_mutton":2,"minecraft:stone_sword":139,"minecraft:stone_pickaxe":51,"minecraft:wooden_pickaxe":59,"minecraft:torch":2,"minecraft:dirt":34,"minecraft:crafting_table":3,"minecraft:chicken":2,"minecraft:stone_axe":25,"minecraft:beef":2,"minecraft:furnace":6,"minecraft:cooked_porkchop":5,"minecraft:cooked_beef":5},"minecraft:crafted":{"minecraft:cooked_beef":5,"minecraft:cooked_porkchop":12,"minecraft:crafting_table":1,"minecraft:spruce_planks":20,"minecraft:wooden_pickaxe":1,"minecraft:furnace":2,"minecraft:birch_planks":24,"minecraft:stone_axe":1,"minecraft:cooked_mutton":0,"minecraft:air":0,"minecraft:stick":12,"minecraft:iron_ingot":6,"minecraft:iron_pickaxe":1,"minecraft:stone_pickaxe":1,"minecraft:torch":4},"minecraft:broken":{"minecraft:wooden_pickaxe":1},"minecraft:picked_up":{"minecraft:birch_log":12,"minecraft:crafting_table":3,"minecraft:feather":15,"minecraft:chicken":2,"minecraft:leather":6,"minecraft:wooden_pickaxe":2,"minecraft:birch_planks":13,"minecraft:dirt":148,"minecraft:wheat_seeds":4,"minecraft:beef":9,"minecraft:stone_pickaxe":1,"weaponmaster:tutorialbook":1,"minecraft:wooden_shovel":2,"minecraft:furnace":4,"minecraft:raw_iron":12,"minecraft:stick":1,"minecraft:torch":2,"minecraft:porkchop":11,"minecraft:spruce_log":5,"minecraft:stone_sword":1,"minecraft:rotten_flesh":8,"minecraft:stone_axe":1,"minecraft:coal":79,"minecraft:cobblestone":67},"minecraft:custom":{"minecraft:interact_with_furnace":30,"minecraft:mob_kills":19,"minecraft:interact_with_crafting_table":6,"minecraft:leave_game":2,"minecraft:time_since_death":11824,"minecraft:time_since_rest":11983,"minecraft:sprint_one_cm":275606,"minecraft:damage_taken":1494,"minecraft:walk_one_cm":260343,"minecraft:drop":20,"minecraft:damage_dealt":3032,"minecraft:swim_one_cm":2178,"minecraft:fly_one_cm":189144,"minecraft:crouch_one_cm":781,"minecraft:play_time":35370,"minecraft:deaths":3,"minecraft:sneak_time":276,"minecraft:walk_under_water_one_cm":249,"minecraft:jump":574,"minecraft:walk_on_water_one_cm":412,"minecraft:total_world_time":35370,"minecraft:fall_one_cm":11086},"minecraft:dropped":{"minecraft:wheat_seeds":2,"minecraft:feather":6,"minecraft:cobblestone":9,"minecraft:dirt":1,"minecraft:wooden_pickaxe":2}},"DataVersion":3465}