{"stats":{"minecraft:killed":{"irons_spellbooks:summoned_zombie":2,"iceandfire:gorgon":1,"minecraft:vindicator":1,"minecraft:spider":7,"minecraft:horse":3,"minecraft:skeleton":4,"minecraft:chicken":5,"minecraft:pig":9,"minecraft:frog":1,"minecraft:creeper":3,"minecraft:sheep":12,"minecraft:pillager":8,"irons_spellbooks:summoned_vex":2,"minecraft:zombie":8,"iceandfire:ghost":11,"minecraft:villager":1,"minecraft:cow":10},"minecraft:crafted":{"minecraft:oak_planks":20,"minecraft:furnace":2,"iceandfire:armor_copper_metal_leggings":1,"iceandfire:armor_copper_metal_boots":1,"minecraft:cooked_mutton":14,"iceandfire:armor_copper_metal_helmet":1,"minecraft:glass":0,"minecraft:stone_pickaxe":2,"iceandfire:armor_copper_metal_chestplate":1,"minecraft:chest":1,"minecraft:dark_oak_planks":32,"minecraft:wheat":144,"minecraft:cooked_beef":13,"irons_spellbooks:copper_spell_book":1,"minecraft:cooked_porkchop":15,"minecraft:crafting_table":2,"iceandfire:blindfold":1,"minecraft:spruce_planks":24,"minecraft:wooden_pickaxe":2,"minecraft:copper_ingot":16,"minecraft:stone_axe":4,"minecraft:bread":48,"minecraft:air":0,"minecraft:stick":16,"minecraft:wooden_axe":2,"minecraft:stone_sword":4,"travelersbackpack:cow":1,"minecraft:acacia_planks":44,"minecraft:torch":4},"minecraft:used":{"minecraft:acacia_log":1,"minecraft:stone_sword":406,"minecraft:cooked_chicken":1,"iceandfire:armor_copper_metal_boots":1,"minecraft:torch":33,"minecraft:dirt":21,"minecraft:tuff":2,"minecraft:granite":4,"minecraft:dark_oak_planks":27,"minecraft:wooden_axe":94,"minecraft:stone_brick_stairs":1,"minecraft:stone_bricks":4,"iceandfire:copper_pickaxe":3,"minecraft:basalt":2,"minecraft:goat_horn":2,"minecraft:furnace":4,"minecraft:cooked_beef":13,"minecraft:cobbled_deepslate":1,"minecraft:cooked_mutton":7,"minecraft:water_bucket":3,"travelersbackpack:cow":2,"minecraft:birch_planks":1,"minecraft:stone_pickaxe":176,"minecraft:wooden_pickaxe":90,"minecraft:blackstone":1,"minecraft:deepslate_bricks":1,"minecraft:cracked_stone_bricks":1,"minecraft:polished_blackstone_bricks":1,"minecraft:mossy_cobblestone":1,"minecraft:stripped_dark_oak_log":2,"minecraft:crafting_table":7,"minecraft:apple":4,"minecraft:bread":25,"minecraft:gravel":1,"minecraft:stone_axe":322,"travelersbackpack:standard":3,"minecraft:cobblestone":48,"minecraft:cooked_porkchop":20,"minecraft:bucket":4,"minecraft:cobweb":1},"minecraft:mined":{"minecraft:tuff":3,"minecraft:mossy_cobblestone":1,"minecraft:cobblestone_stairs":1,"minecraft:dark_oak_log":4,"minecraft:mangrove_roots":1,"minecraft:dark_oak_fence":5,"minecraft:granite":4,"minecraft:acacia_log":6,"minecraft:grass_block":14,"minecraft:brown_wool":1,"minecraft:deepslate_bricks":2,"minecraft:spruce_leaves":5,"minecraft:birch_slab":4,"minecraft:oxeye_daisy":1,"minecraft:hay_block":16,"minecraft:large_fern":1,"minecraft:polished_blackstone_bricks":2,"minecraft:furnace":2,"minecraft:iron_ore":17,"minecraft:cobbled_deepslate":1,"minecraft:bookshelf":31,"minecraft:vine":1,"minecraft:stone":82,"minecraft:spruce_slab":2,"minecraft:birch_stairs":1,"minecraft:blackstone":1,"minecraft:stripped_dark_oak_log":2,"minecraft:amethyst_cluster":1,"minecraft:basalt":2,"travelersbackpack:standard":1,"minecraft:stone_brick_slab":1,"minecraft:crafting_table":6,"minecraft:torch":17,"minecraft:andesite_slab":3,"minecraft:campfire":1,"minecraft:copper_ore":21,"minecraft:tall_grass":8,"minecraft:cobblestone":28,"minecraft:oak_planks":3,"minecraft:diorite":2,"minecraft:wall_torch":7,"minecraft:skeleton_skull":1,"minecraft:spruce_stairs":1,"minecraft:birch_planks":5,"minecraft:spruce_log":8,"minecraft:birch_leaves":2,"minecraft:stone_brick_stairs":5,"minecraft:grass":98,"minecraft:coal_ore":10,"minecraft:oak_log":8,"travelersbackpack:cow":2,"minecraft:gravel":1,"minecraft:dirt":33,"minecraft:sand":12,"minecraft:cobweb":2,"minecraft:cracked_stone_bricks":7,"minecraft:acacia_planks":1,"minecraft:stone_bricks":12,"minecraft:oak_leaves":2,"minecraft:mossy_stone_bricks":2,"minecraft:fern":1},"minecraft:custom":{"minecraft:mob_kills":96,"minecraft:interact_with_crafting_table":51,"minecraft:open_barrel":13,"minecraft:bell_ring":1,"minecraft:leave_game":3,"minecraft:time_since_death":2108,"minecraft:climb_one_cm":2662,"minecraft:sprint_one_cm":744001,"minecraft:walk_one_cm":501573,"minecraft:drop":152,"minecraft:talked_to_villager":1,"minecraft:play_time":170306,"minecraft:sneak_time":1770,"minecraft:deaths":7,"minecraft:walk_under_water_one_cm":331,"minecraft:jump":2693,"minecraft:walk_on_water_one_cm":3723,"minecraft:total_world_time":170306,"minecraft:interact_with_furnace":83,"minecraft:sleep_in_bed":6,"minecraft:time_since_rest":2132,"minecraft:waystone_activated":1,"minecraft:damage_taken":5842,"minecraft:trigger_trapped_chest":8,"minecraft:damage_dealt":15735,"minecraft:swim_one_cm":9188,"minecraft:fly_one_cm":534013,"minecraft:open_chest":18,"minecraft:crouch_one_cm":6993,"minecraft:fall_one_cm":67773},"minecraft:picked_up":{"minecraft:wooden_axe":1,"irons_spellbooks:scroll":2,"minecraft:charcoal":32,"minecraft:crafting_table":6,"minecraft:wheat":22,"minecraft:chicken":15,"minecraft:sentry_armor_trim_smithing_template":2,"minecraft:wooden_pickaxe":2,"iceandfire:armor_copper_metal_chestplate":3,"minecraft:stone_brick_stairs":9,"minecraft:string":20,"minecraft:raw_copper":65,"minecraft:blackstone":1,"minecraft:cracked_stone_bricks":9,"irons_spellbooks:arcane_essence":7,"minecraft:cobbled_deepslate":1,"minecraft:bucket":2,"minecraft:spruce_planks":22,"minecraft:beef":39,"minecraft:spruce_slab":1,"minecraft:egg":6,"minecraft:birch_sapling":1,"minecraft:furnace":2,"minecraft:raw_iron":26,"minecraft:stick":5,"iceandfire:copper_pickaxe":7,"iceandfire:armor_copper_metal_leggings":5,"minecraft:copper_ingot":6,"minecraft:torch":37,"minecraft:acacia_log":13,"minecraft:spruce_stairs":1,"minecraft:porkchop":25,"minecraft:polished_blackstone_bricks":2,"iceandfire:rotten_egg":1,"minecraft:diorite":2,"iceandfire:armor_copper_metal_boots":9,"minecraft:carrot":8,"irons_spellbooks:fire_rune":1,"minecraft:dark_oak_planks":10,"minecraft:goat_horn":2,"iceandfire:blindfold":1,"minecraft:stone_sword":10,"minecraft:arrow":21,"minecraft:rotten_flesh":28,"minecraft:deepslate_bricks":2,"minecraft:hay_block":20,"minecraft:blaze_rod":8,"minecraft:mutton":21,"minecraft:skeleton_skull":3,"minecraft:white_wool":15,"irons_spellbooks:copper_spell_book":3,"minecraft:cobblestone":180,"minecraft:oxeye_daisy":3,"minecraft:cooked_beef":2,"minecraft:feather":16,"minecraft:basalt":2,"minecraft:water_bucket":8,"minecraft:birch_slab":5,"minecraft:leather":39,"minecraft:brown_wool":1,"minecraft:potato":21,"minecraft:birch_planks":14,"minecraft:tuff":4,"minecraft:oak_log":5,"iceandfire:ectoplasm":2,"iceandfire:armor_copper_metal_helmet":2,"minecraft:gunpowder":12,"minecraft:cobblestone_stairs":1,"minecraft:wooden_hoe":3,"minecraft:dirt":44,"minecraft:paper":6,"minecraft:cooked_mutton":13,"minecraft:red_carpet":33,"minecraft:bone":16,"minecraft:acacia_planks":12,"travelersbackpack:cow":2,"minecraft:apple":1,"minecraft:stone_bricks":13,"minecraft:bow":2,"minecraft:wheat_seeds":30,"minecraft:stone_pickaxe":8,"minecraft:cooked_chicken":1,"minecraft:cobweb":1,"minecraft:mossy_stone_bricks":1,"minecraft:oak_planks":36,"minecraft:acacia_sapling":1,"minecraft:book":288,"minecraft:cooked_porkchop":7,"minecraft:stone_brick_slab":2,"minecraft:gravel":1,"minecraft:birch_stairs":1,"minecraft:sand":31,"minecraft:amethyst_shard":4,"minecraft:spruce_sapling":1,"minecraft:spruce_log":6,"minecraft:jungle_slab":1,"minecraft:dark_oak_log":9,"minecraft:spider_eye":4,"minecraft:mossy_cobblestone":1,"travelersbackpack:standard":1,"minecraft:stripped_dark_oak_log":2,"minecraft:stone_axe":6,"minecraft:polished_blackstone_button":2,"minecraft:crossbow":3,"minecraft:granite":4,"minecraft:bone_meal":3,"minecraft:gray_wool":23,"minecraft:emerald":7,"minecraft:bread":30,"iceandfire:gorgon_head":1,"minecraft:oak_sapling":1,"minecraft:netherrack":6,"minecraft:black_wool":1,"minecraft:coal":11,"minecraft:andesite_slab":3},"minecraft:broken":{"minecraft:stone_sword":2,"minecraft:wooden_pickaxe":1,"minecraft:stone_pickaxe":1,"minecraft:stone_axe":3,"minecraft:wooden_axe":2,"iceandfire:armor_copper_metal_chestplate":1,"iceandfire:armor_copper_metal_boots":1,"iceandfire:armor_copper_metal_helmet":1},"minecraft:dropped":{"minecraft:water_bucket":1,"minecraft:bread":28,"minecraft:birch_planks":4,"minecraft:porkchop":6,"minecraft:wheat_seeds":29,"minecraft:feather":4,"minecraft:cobblestone":21,"minecraft:book":3,"minecraft:leather":14,"minecraft:cracked_stone_bricks":6,"iceandfire:gorgon_head":1,"minecraft:copper_ingot":4,"minecraft:spruce_stairs":1,"minecraft:polished_blackstone_button":2,"minecraft:birch_slab":4,"minecraft:sentry_armor_trim_smithing_template":2,"minecraft:red_carpet":25,"minecraft:stick":1,"minecraft:cobblestone_stairs":1,"minecraft:oxeye_daisy":3,"minecraft:dirt":18,"minecraft:jungle_slab":1,"minecraft:diorite":2,"minecraft:wooden_hoe":2,"minecraft:brown_wool":1,"iceandfire:armor_copper_metal_boots":2,"iceandfire:copper_pickaxe":2,"minecraft:polished_blackstone_bricks":1,"minecraft:string":12,"minecraft:white_wool":7,"minecraft:bucket":1,"minecraft:birch_stairs":1,"minecraft:acacia_planks":2,"minecraft:bone":5,"minecraft:spruce_sapling":1,"minecraft:stone_brick_slab":1,"minecraft:stone_axe":1,"minecraft:stone_sword":1,"minecraft:andesite_slab":3,"minecraft:tuff":1,"minecraft:birch_sapling":1,"minecraft:rotten_flesh":28,"minecraft:cooked_mutton":2,"minecraft:carrot":8,"minecraft:deepslate_bricks":1,"minecraft:potato":1,"minecraft:gunpowder":6,"minecraft:skeleton_skull":2,"minecraft:mossy_stone_bricks":1,"minecraft:oak_sapling":1,"minecraft:acacia_sapling":1,"minecraft:spider_eye":3,"minecraft:stone_bricks":7,"minecraft:spruce_slab":1,"minecraft:arrow":5,"minecraft:bow":2,"minecraft:glass":3,"minecraft:stone_pickaxe":1,"minecraft:wooden_pickaxe":1,"minecraft:stone_brick_stairs":6,"minecraft:netherrack":3,"minecraft:black_wool":1,"minecraft:egg":6}},"DataVersion":3465}