{"stats":{"minecraft:picked_up":{"minecraft:wooden_axe":1,"irons_spellbooks:scroll":4,"minecraft:wheat":22,"minecraft:sentry_armor_trim_smithing_template":2,"iceandfire:armor_copper_metal_chestplate":3,"minecraft:potion":1,"minecraft:enchanted_book":2,"minecraft:stone_brick_stairs":9,"minecraft:string":29,"minecraft:raw_copper":65,"minecraft:armor_stand":1,"minecraft:experience_bottle":3,"irons_spellbooks:arcane_essence":26,"minecraft:cobbled_deepslate":1,"minecraft:bucket":2,"minecraft:spruce_planks":22,"minecraft:wooden_shovel":1,"minecraft:furnace":11,"minecraft:stick":7,"iceandfire:copper_pickaxe":9,"iceandfire:armor_copper_metal_leggings":6,"irons_spellbooks:shriving_stone":3,"minecraft:oak_fence":2,"minecraft:torch":68,"minecraft:acacia_log":73,"minecraft:spruce_stairs":1,"minecraft:porkchop":26,"iceandfire:rotten_egg":1,"minecraft:diorite":2,"irons_spellbooks:fire_rune":1,"minecraft:goat_horn":3,"minecraft:stone_sword":19,"minecraft:rotten_flesh":35,"minecraft:blaze_rod":8,"irons_spellbooks:copper_spell_book":7,"minecraft:cobblestone":388,"minecraft:feather":21,"minecraft:cooked_beef":2,"minecraft:birch_slab":5,"minecraft:water_bucket":14,"minecraft:brown_wool":1,"minecraft:potato":66,"minecraft:tuff":4,"minecraft:dirt":131,"minecraft:bone":18,"minecraft:acacia_planks":12,"minecraft:bow":3,"minecraft:wheat_seeds":35,"minecraft:bell":3,"minecraft:mossy_stone_bricks":1,"minecraft:oak_planks":202,"minecraft:cooked_porkchop":7,"minecraft:sand":31,"minecraft:barrel":2,"minecraft:jungle_slab":1,"minecraft:dark_oak_log":9,"minecraft:mossy_cobblestone":1,"irons_spellbooks:divine_pearl":5,"minecraft:polished_blackstone_button":2,"minecraft:crossbow":4,"minecraft:granite":4,"minecraft:bone_meal":3,"minecraft:emerald":7,"minecraft:bread":42,"iceandfire:gorgon_head":1,"minecraft:oak_sapling":1,"irons_spellbooks:uncommon_ink":6,"minecraft:netherrack":6,"minecraft:andesite_slab":3,"iceandfire:raw_silver":7,"minecraft:charcoal":71,"minecraft:crafting_table":8,"minecraft:chicken":19,"minecraft:wooden_pickaxe":3,"minecraft:blackstone":1,"minecraft:cracked_stone_bricks":13,"minecraft:beef":64,"minecraft:spruce_slab":1,"minecraft:birch_sapling":1,"minecraft:egg":6,"minecraft:raw_iron":34,"minecraft:copper_ingot":6,"minecraft:polished_blackstone_bricks":2,"iceandfire:armor_copper_metal_boots":12,"minecraft:carrot":8,"minecraft:redstone":4,"minecraft:prismarine_crystals":6,"minecraft:dark_oak_planks":13,"iceandfire:blindfold":1,"minecraft:arrow":65,"minecraft:deepslate_bricks":2,"minecraft:hay_block":20,"minecraft:mutton":26,"minecraft:skeleton_skull":3,"minecraft:white_wool":18,"minecraft:oxeye_daisy":3,"minecraft:basalt":2,"minecraft:leather":39,"irons_spellbooks:silver_ring":1,"minecraft:birch_planks":14,"minecraft:oak_log":5,"iceandfire:ectoplasm":2,"minecraft:gunpowder":19,"iceandfire:armor_copper_metal_helmet":2,"minecraft:cobblestone_stairs":1,"minecraft:wooden_hoe":3,"minecraft:paper":18,"minecraft:white_banner":2,"minecraft:cooked_mutton":13,"minecraft:red_carpet":33,"minecraft:apple":1,"bountiful:bounty":1,"travelersbackpack:cow":4,"minecraft:stone_bricks":15,"minecraft:oak_fence_gate":3,"minecraft:stone_pickaxe":10,"minecraft:cooked_chicken":1,"minecraft:cobweb":1,"minecraft:acacia_sapling":1,"minecraft:book":364,"minecraft:stone_brick_slab":2,"minecraft:gravel":1,"minecraft:birch_stairs":1,"minecraft:amethyst_shard":4,"minecraft:spruce_sapling":1,"minecraft:spruce_log":6,"minecraft:spider_eye":5,"minecraft:leather_helmet":1,"travelersbackpack:standard":1,"minecraft:stone_axe":8,"minecraft:gray_wool":27,"minecraft:baked_potato":1,"minecraft:black_wool":1,"minecraft:stripped_dark_oak_log":2,"minecraft:coal":89},"minecraft:killed_by":{"minecraft:player":2},"minecraft:custom":{"minecraft:interact_with_crafting_table":62,"minecraft:open_barrel":23,"minecraft:bell_ring":11,"minecraft:leave_game":5,"minecraft:time_since_death":13502,"minecraft:sprint_one_cm":1081175,"minecraft:drop":190,"minecraft:talked_to_villager":1,"minecraft:play_time":242322,"minecraft:deaths":14,"minecraft:jump":3883,"minecraft:walk_on_water_one_cm":5528,"minecraft:interact_with_furnace":107,"minecraft:sleep_in_bed":7,"minecraft:waystone_activated":1,"minecraft:damage_dealt":18679,"minecraft:player_kills":1,"minecraft:crouch_one_cm":9055,"minecraft:mob_kills":127,"minecraft:climb_one_cm":3121,"minecraft:walk_one_cm":758318,"minecraft:sneak_time":2354,"minecraft:walk_under_water_one_cm":434,"minecraft:total_world_time":242322,"minecraft:time_since_rest":13532,"minecraft:damage_taken":9242,"minecraft:trigger_trapped_chest":8,"minecraft:swim_one_cm":10889,"minecraft:fly_one_cm":846648,"minecraft:open_chest":36,"minecraft:fall_one_cm":107010},"minecraft:dropped":{"minecraft:birch_planks":4,"minecraft:porkchop":6,"minecraft:diamond":1,"minecraft:crossbow":1,"minecraft:leather":14,"minecraft:cracked_stone_bricks":8,"iceandfire:gorgon_head":1,"minecraft:birch_slab":4,"minecraft:sentry_armor_trim_smithing_template":2,"minecraft:red_carpet":25,"minecraft:cobblestone_stairs":1,"minecraft:dirt":29,"iceandfire:armor_copper_metal_boots":2,"iceandfire:copper_pickaxe":3,"minecraft:polished_blackstone_bricks":1,"minecraft:sugar":1,"irons_spellbooks:shriving_stone":1,"minecraft:white_wool":7,"minecraft:birch_stairs":1,"minecraft:bone":5,"minecraft:stone_axe":1,"minecraft:goat_horn":1,"minecraft:andesite_slab":3,"minecraft:birch_sapling":1,"minecraft:wheat":1,"minecraft:rotten_flesh":28,"minecraft:cooked_mutton":2,"minecraft:carrot":8,"minecraft:oak_fence_gate":2,"minecraft:gunpowder":6,"minecraft:skeleton_skull":2,"minecraft:acacia_sapling":1,"minecraft:spruce_slab":1,"minecraft:arrow":5,"minecraft:beef":4,"minecraft:glass":3,"minecraft:stone_brick_stairs":6,"minecraft:netherrack":3,"minecraft:egg":6,"minecraft:enchanted_book":1,"minecraft:water_bucket":1,"minecraft:iron_ingot":7,"minecraft:bread":28,"minecraft:wheat_seeds":31,"minecraft:feather":4,"minecraft:cobblestone":23,"minecraft:prismarine_crystals":6,"minecraft:book":3,"minecraft:copper_ingot":4,"minecraft:spruce_stairs":1,"minecraft:polished_blackstone_button":2,"minecraft:stick":1,"minecraft:oxeye_daisy":3,"irons_spellbooks:scroll":2,"minecraft:jungle_slab":1,"minecraft:diorite":2,"minecraft:wooden_hoe":2,"minecraft:brown_wool":1,"minecraft:white_banner":2,"minecraft:string":12,"minecraft:bucket":1,"minecraft:acacia_planks":2,"minecraft:spruce_sapling":1,"minecraft:stone_brick_slab":1,"minecraft:redstone":2,"minecraft:stone_sword":2,"minecraft:tuff":1,"irons_spellbooks:uncommon_ink":2,"minecraft:deepslate_bricks":1,"minecraft:potato":1,"minecraft:mossy_stone_bricks":1,"minecraft:oak_sapling":1,"minecraft:spider_eye":3,"minecraft:stone_bricks":7,"minecraft:barrel":2,"minecraft:bow":2,"minecraft:stone_pickaxe":1,"minecraft:wooden_pickaxe":1,"minecraft:black_wool":1},"minecraft:mined":{"minecraft:cobblestone_stairs":1,"minecraft:granite":4,"minecraft:acacia_log":6,"minecraft:grass_block":101,"minecraft:brown_wool":1,"minecraft:deepslate_bricks":2,"minecraft:oxeye_daisy":1,"minecraft:polished_blackstone_bricks":2,"minecraft:iron_ore":21,"minecraft:cobbled_deepslate":1,"minecraft:barrel":1,"minecraft:dirt_path":2,"minecraft:spruce_slab":2,"minecraft:blackstone":1,"minecraft:amethyst_cluster":1,"minecraft:torch":27,"minecraft:cobblestone":32,"minecraft:oak_planks":5,"minecraft:wall_torch":11,"minecraft:skeleton_skull":1,"minecraft:stone_brick_stairs":5,"minecraft:grass":117,"minecraft:oak_log":8,"minecraft:oak_fence_gate":1,"minecraft:sand":12,"minecraft:dirt":35,"minecraft:oak_leaves":2,"minecraft:tuff":3,"iceandfire:silver_ore":5,"minecraft:mossy_cobblestone":1,"minecraft:dark_oak_log":4,"minecraft:mangrove_roots":1,"minecraft:dark_oak_fence":5,"minecraft:birch_slab":4,"minecraft:spruce_leaves":5,"minecraft:large_fern":1,"minecraft:hay_block":16,"minecraft:furnace":2,"minecraft:carrots":1,"minecraft:bookshelf":35,"minecraft:potatoes":9,"minecraft:vine":1,"minecraft:stone":284,"minecraft:birch_stairs":1,"minecraft:stripped_dark_oak_log":2,"minecraft:basalt":2,"minecraft:stone_brick_slab":1,"travelersbackpack:standard":1,"minecraft:oak_fence":2,"minecraft:crafting_table":8,"minecraft:andesite_slab":3,"minecraft:campfire":1,"minecraft:tall_grass":11,"minecraft:copper_ore":21,"minecraft:diorite":2,"minecraft:spruce_stairs":1,"minecraft:birch_planks":5,"minecraft:spruce_log":8,"minecraft:birch_leaves":2,"minecraft:coal_ore":45,"travelersbackpack:cow":3,"minecraft:gravel":1,"minecraft:cobweb":2,"minecraft:cracked_stone_bricks":8,"minecraft:acacia_planks":1,"minecraft:stone_bricks":17,"minecraft:mossy_stone_bricks":2,"minecraft:fern":1,"minecraft:dark_oak_planks":3},"minecraft:killed":{"minecraft:spider":14,"iceandfire:gorgon":1,"minecraft:skeleton":6,"minecraft:chicken":6,"minecraft:pig":10,"minecraft:creeper":9,"minecraft:sheep":13,"minecraft:pillager":11,"irons_spellbooks:summoned_vex":2,"minecraft:zombie":15,"minecraft:cow":10,"irons_spellbooks:summoned_zombie":2,"minecraft:vindicator":1,"minecraft:horse":3,"minecraft:wandering_trader":1,"minecraft:frog":1,"iceandfire:ghost":11,"minecraft:villager":2},"minecraft:used":{"minecraft:bell":1,"minecraft:tuff":2,"minecraft:stone_brick_stairs":1,"iceandfire:copper_pickaxe":3,"minecraft:stone_bricks":6,"minecraft:furnace":7,"minecraft:potato":10,"travelersbackpack:cow":2,"minecraft:stone_pickaxe":377,"minecraft:blackstone":1,"minecraft:wooden_pickaxe":149,"minecraft:bread":42,"minecraft:gravel":1,"minecraft:cobweb":1,"minecraft:stone_sword":514,"minecraft:acacia_log":1,"minecraft:armor_stand":1,"minecraft:wooden_shovel":89,"minecraft:cooked_chicken":1,"minecraft:torch":59,"iceandfire:armor_copper_metal_boots":1,"minecraft:dirt":21,"minecraft:granite":4,"minecraft:dark_oak_planks":29,"minecraft:wooden_axe":94,"minecraft:basalt":2,"minecraft:goat_horn":3,"minecraft:cooked_beef":20,"minecraft:cobbled_deepslate":1,"minecraft:cooked_mutton":9,"minecraft:water_bucket":5,"minecraft:birch_planks":1,"minecraft:baked_potato":6,"minecraft:deepslate_bricks":1,"minecraft:polished_blackstone_bricks":1,"minecraft:cracked_stone_bricks":1,"minecraft:mossy_cobblestone":1,"minecraft:stripped_dark_oak_log":2,"minecraft:crafting_table":8,"minecraft:apple":4,"minecraft:leather_helmet":1,"minecraft:stone_axe":339,"minecraft:cobblestone":55,"travelersbackpack:standard":3,"minecraft:cooked_porkchop":20,"minecraft:bucket":6},"minecraft:crafted":{"minecraft:oak_planks":20,"minecraft:cooked_mutton":16,"iceandfire:armor_copper_metal_boots":1,"minecraft:glass":0,"iceandfire:armor_copper_metal_chestplate":2,"minecraft:chest":1,"minecraft:wooden_shovel":2,"irons_spellbooks:copper_spell_book":1,"minecraft:cooked_porkchop":15,"minecraft:crafting_table":3,"iceandfire:blindfold":1,"minecraft:spruce_planks":24,"minecraft:wooden_pickaxe":3,"minecraft:baked_potato":9,"minecraft:copper_ingot":16,"minecraft:stick":32,"minecraft:stone_sword":4,"travelersbackpack:cow":1,"minecraft:furnace":2,"iceandfire:armor_copper_metal_leggings":1,"iceandfire:armor_copper_metal_helmet":2,"minecraft:stone_pickaxe":3,"minecraft:dark_oak_planks":32,"minecraft:wheat":144,"minecraft:cooked_beef":20,"minecraft:stone_axe":4,"minecraft:bread":67,"minecraft:air":0,"minecraft:wooden_axe":2,"minecraft:acacia_planks":104,"minecraft:torch":36},"minecraft:broken":{"minecraft:wooden_shovel":1,"minecraft:stone_pickaxe":2,"minecraft:stone_axe":3,"minecraft:wooden_axe":2,"iceandfire:armor_copper_metal_helmet":1,"minecraft:stone_sword":2,"minecraft:wooden_pickaxe":2,"iceandfire:armor_copper_metal_chestplate":1,"iceandfire:armor_copper_metal_boots":1}},"DataVersion":3465}