{"stats":{"minecraft:killed":{"irons_spellbooks:summoned_zombie":1,"iceandfire:gorgon":1,"minecraft:spider":7,"minecraft:skeleton":4,"minecraft:horse":3,"minecraft:chicken":4,"minecraft:pig":9,"minecraft:frog":1,"minecraft:creeper":2,"minecraft:sheep":10,"minecraft:pillager":3,"minecraft:zombie":8,"iceandfire:ghost":11,"minecraft:cow":10},"minecraft:crafted":{"minecraft:furnace":2,"iceandfire:armor_copper_metal_leggings":1,"minecraft:cooked_mutton":14,"iceandfire:armor_copper_metal_helmet":1,"iceandfire:armor_copper_metal_boots":1,"minecraft:glass":0,"minecraft:stone_pickaxe":2,"iceandfire:armor_copper_metal_chestplate":1,"minecraft:chest":1,"minecraft:cooked_beef":13,"minecraft:cooked_porkchop":10,"iceandfire:blindfold":1,"minecraft:spruce_planks":24,"minecraft:wooden_pickaxe":2,"minecraft:copper_ingot":16,"minecraft:stone_axe":4,"minecraft:air":0,"minecraft:stick":16,"minecraft:wooden_axe":2,"minecraft:stone_sword":4,"travelersbackpack:cow":1,"minecraft:acacia_planks":44,"minecraft:torch":4},"minecraft:used":{"minecraft:stone_sword":279,"minecraft:acacia_log":1,"minecraft:cooked_chicken":1,"minecraft:torch":23,"iceandfire:armor_copper_metal_boots":1,"minecraft:dirt":7,"minecraft:granite":4,"minecraft:wooden_axe":94,"minecraft:stone_bricks":3,"minecraft:furnace":4,"minecraft:goat_horn":2,"minecraft:cooked_beef":11,"minecraft:cooked_mutton":6,"travelersbackpack:cow":1,"minecraft:birch_planks":1,"minecraft:stone_pickaxe":119,"minecraft:wooden_pickaxe":90,"minecraft:crafting_table":5,"minecraft:gravel":1,"minecraft:stone_axe":255,"minecraft:cobblestone":16,"travelersbackpack:standard":3,"minecraft:cooked_porkchop":10,"minecraft:bucket":1},"minecraft:mined":{"minecraft:dark_oak_log":3,"minecraft:mangrove_roots":1,"minecraft:granite":4,"minecraft:dark_oak_fence":5,"minecraft:acacia_log":6,"minecraft:grass_block":11,"minecraft:brown_wool":1,"minecraft:birch_slab":4,"minecraft:spruce_leaves":5,"minecraft:large_fern":1,"minecraft:furnace":2,"minecraft:iron_ore":17,"minecraft:vine":1,"minecraft:stone":79,"minecraft:birch_stairs":1,"travelersbackpack:standard":1,"minecraft:crafting_table":6,"minecraft:torch":12,"minecraft:cobblestone":21,"minecraft:copper_ore":21,"minecraft:tall_grass":5,"minecraft:diorite":2,"minecraft:wall_torch":5,"minecraft:skeleton_skull":1,"minecraft:birch_planks":5,"minecraft:spruce_log":8,"minecraft:birch_leaves":2,"minecraft:grass":78,"minecraft:coal_ore":10,"minecraft:sand":12,"minecraft:gravel":1,"minecraft:dirt":22,"minecraft:cobweb":1,"minecraft:cracked_stone_bricks":2,"minecraft:stone_bricks":7,"minecraft:mossy_stone_bricks":2,"minecraft:oak_leaves":1,"minecraft:fern":1},"minecraft:custom":{"minecraft:mob_kills":79,"minecraft:interact_with_crafting_table":45,"minecraft:leave_game":1,"minecraft:time_since_death":47951,"minecraft:climb_one_cm":2014,"minecraft:sprint_one_cm":448484,"minecraft:walk_one_cm":296507,"minecraft:drop":67,"minecraft:play_time":98765,"minecraft:deaths":2,"minecraft:sneak_time":685,"minecraft:walk_under_water_one_cm":306,"minecraft:jump":1630,"minecraft:walk_on_water_one_cm":915,"minecraft:total_world_time":98765,"minecraft:interact_with_furnace":78,"minecraft:sleep_in_bed":5,"minecraft:time_since_rest":3585,"minecraft:waystone_activated":1,"minecraft:damage_taken":2161,"minecraft:trigger_trapped_chest":8,"minecraft:damage_dealt":13462,"minecraft:swim_one_cm":3279,"minecraft:fly_one_cm":300085,"minecraft:open_chest":6,"minecraft:crouch_one_cm":2336,"minecraft:fall_one_cm":38491},"minecraft:picked_up":{"minecraft:wooden_axe":1,"minecraft:crafting_table":6,"minecraft:chicken":3,"iceandfire:armor_copper_metal_chestplate":1,"minecraft:wooden_pickaxe":1,"minecraft:string":14,"minecraft:raw_copper":65,"minecraft:cracked_stone_bricks":2,"minecraft:bucket":2,"minecraft:spruce_planks":22,"minecraft:beef":39,"minecraft:birch_sapling":1,"minecraft:furnace":2,"minecraft:stick":5,"minecraft:raw_iron":17,"iceandfire:copper_pickaxe":3,"iceandfire:armor_copper_metal_leggings":1,"minecraft:copper_ingot":4,"minecraft:torch":26,"minecraft:acacia_log":13,"minecraft:porkchop":25,"iceandfire:rotten_egg":1,"minecraft:diorite":2,"iceandfire:armor_copper_metal_boots":5,"minecraft:carrot":4,"minecraft:goat_horn":2,"iceandfire:blindfold":1,"minecraft:rotten_flesh":25,"minecraft:stone_sword":2,"minecraft:arrow":5,"minecraft:mutton":17,"minecraft:skeleton_skull":2,"minecraft:white_wool":11,"minecraft:cobblestone":147,"minecraft:feather":4,"minecraft:birch_slab":5,"minecraft:brown_wool":1,"minecraft:leather":38,"minecraft:birch_planks":14,"iceandfire:ectoplasm":2,"minecraft:gunpowder":6,"iceandfire:armor_copper_metal_helmet":1,"minecraft:dirt":30,"minecraft:bone":16,"minecraft:acacia_planks":11,"minecraft:stone_bricks":4,"minecraft:bow":2,"minecraft:wheat_seeds":25,"minecraft:stone_pickaxe":3,"minecraft:cooked_chicken":1,"minecraft:mossy_stone_bricks":1,"minecraft:acacia_sapling":1,"minecraft:cooked_porkchop":3,"minecraft:gravel":1,"minecraft:birch_stairs":1,"minecraft:sand":31,"minecraft:spruce_sapling":1,"minecraft:spruce_log":6,"minecraft:jungle_slab":1,"minecraft:spider_eye":2,"travelersbackpack:standard":1,"minecraft:stone_axe":1,"minecraft:granite":4,"minecraft:bone_meal":3,"minecraft:gray_wool":7,"iceandfire:gorgon_head":1,"minecraft:oak_sapling":1,"minecraft:netherrack":6,"minecraft:coal":11},"minecraft:broken":{"minecraft:stone_sword":2,"minecraft:wooden_pickaxe":1,"minecraft:stone_axe":3,"minecraft:wooden_axe":2},"minecraft:dropped":{"minecraft:porkchop":6,"minecraft:birch_planks":4,"minecraft:wheat_seeds":24,"minecraft:cobblestone":21,"minecraft:leather":13,"minecraft:cracked_stone_bricks":2,"iceandfire:gorgon_head":1,"minecraft:copper_ingot":4,"minecraft:birch_slab":4,"minecraft:stick":1,"minecraft:dirt":18,"minecraft:jungle_slab":1,"minecraft:diorite":2,"iceandfire:armor_copper_metal_boots":2,"iceandfire:copper_pickaxe":2,"minecraft:string":1,"minecraft:bucket":1,"minecraft:white_wool":6,"minecraft:birch_stairs":1,"minecraft:spruce_sapling":1,"minecraft:bone":5,"minecraft:stone_sword":1,"minecraft:birch_sapling":1,"minecraft:rotten_flesh":25,"minecraft:cooked_mutton":2,"minecraft:mossy_stone_bricks":1,"minecraft:acacia_sapling":1,"minecraft:oak_sapling":1,"minecraft:stone_bricks":1,"minecraft:spider_eye":1,"minecraft:bow":2,"minecraft:arrow":5,"minecraft:glass":3,"minecraft:stone_pickaxe":1,"minecraft:netherrack":3}},"DataVersion":3465}