{"stats":{"minecraft:broken":{"minecraft:stone_sword":3,"iceandfire:armor_copper_metal_leggings":2,"minecraft:wooden_sword":1,"minecraft:wooden_axe":1,"iceandfire:armor_copper_metal_helmet":1},"minecraft:killed":{"irons_spellbooks:summoned_zombie":3,"irons_spellbooks:pyromancer":1,"minecraft:spider":6,"minecraft:skeleton":13,"minecraft:chicken":4,"irons_spellbooks:summoned_skeleton":2,"minecraft:skeleton_horse":4,"minecraft:pig":1,"minecraft:zombie_villager":1,"minecraft:frog":1,"minecraft:creeper":1,"minecraft:sheep":9,"minecraft:pillager":17,"irons_spellbooks:summoned_vex":4,"minecraft:zombie":25,"iceandfire:ghost":13,"minecraft:cow":12},"minecraft:killed_by":{"minecraft:player":1,"irons_spellbooks:summoned_zombie":1,"irons_spellbooks:summoned_vex":1},"minecraft:picked_up":{"minecraft:wooden_axe":1,"irons_spellbooks:scroll":6,"minecraft:charcoal":54,"minecraft:crafting_table":5,"minecraft:wheat":3,"minecraft:chicken":6,"irons_spellbooks:affinity_ring":6,"minecraft:leather_leggings":6,"minecraft:sentry_armor_trim_smithing_template":2,"minecraft:wooden_pickaxe":5,"iceandfire:armor_copper_metal_chestplate":3,"minecraft:enchanted_book":5,"minecraft:shield":2,"minecraft:string":15,"minecraft:raw_copper":34,"minecraft:armor_stand":1,"minecraft:experience_bottle":1,"minecraft:cracked_stone_bricks":9,"irons_spellbooks:arcane_essence":23,"minecraft:bucket":2,"minecraft:spruce_planks":16,"minecraft:beef":51,"irons_spellbooks:epic_ink":6,"minecraft:spruce_slab":1,"minecraft:chest":2,"minecraft:egg":45,"irons_spellbooks:inscription_table":1,"minecraft:furnace":29,"minecraft:raw_iron":5,"minecraft:stick":13,"minecraft:beehive":1,"iceandfire:copper_pickaxe":4,"irons_spellbooks:shriving_stone":4,"iceandfire:armor_copper_metal_leggings":6,"minecraft:copper_ingot":48,"minecraft:torch":9,"minecraft:acacia_log":131,"minecraft:porkchop":7,"iceandfire:rotten_egg":2,"iceandfire:armor_copper_metal_boots":3,"minecraft:carrot":17,"minecraft:golden_chestplate":2,"minecraft:goat_horn":1,"minecraft:dark_oak_planks":10,"iceandfire:blindfold":3,"minecraft:stone_sword":17,"minecraft:arrow":45,"minecraft:rotten_flesh":43,"travelersbackpack:chicken":1,"minecraft:blaze_rod":24,"minecraft:mutton":17,"minecraft:obsidian":8,"minecraft:white_wool":16,"minecraft:skeleton_skull":8,"irons_spellbooks:copper_spell_book":4,"minecraft:cobblestone":39,"minecraft:leather_chestplate":2,"minecraft:cooked_beef":22,"minecraft:feather":4,"minecraft:basalt":8,"minecraft:water_bucket":6,"minecraft:birch_slab":8,"minecraft:leather":20,"minecraft:brown_wool":3,"minecraft:birch_planks":6,"minecraft:potato":52,"minecraft:oak_log":78,"iceandfire:ectoplasm":5,"iceandfire:armor_copper_metal_helmet":3,"minecraft:gunpowder":33,"minecraft:cobblestone_stairs":1,"minecraft:dirt":246,"minecraft:paper":25,"minecraft:white_banner":4,"irons_spellbooks:rare_ink":2,"minecraft:cooked_mutton":24,"irons_spellbooks:common_ink":2,"minecraft:glass":3,"minecraft:bone":34,"minecraft:acacia_planks":122,"bountiful:bounty":4,"minecraft:apple":13,"minecraft:stone_bricks":18,"minecraft:wheat_seeds":23,"minecraft:bell":3,"minecraft:iron_ingot":14,"minecraft:stone_pickaxe":4,"minecraft:cooked_chicken":4,"minecraft:oak_planks":85,"minecraft:acacia_sapling":3,"minecraft:book":64,"minecraft:cooked_porkchop":4,"minecraft:sand":21,"minecraft:jungle_slab":1,"minecraft:dark_oak_log":25,"minecraft:spider_eye":2,"minecraft:barrel":1,"travelersbackpack:white_sleeping_bag":3,"minecraft:sugar":1,"minecraft:diamond":1,"minecraft:stone_axe":5,"irons_spellbooks:divine_pearl":16,"iceandfire:lectern":7,"minecraft:polished_blackstone_button":1,"minecraft:crossbow":8,"minecraft:gray_wool":4,"minecraft:emerald":1,"minecraft:bread":88,"iceandfire:gorgon_head":2,"minecraft:oak_sapling":3,"minecraft:netherrack":10,"irons_spellbooks:uncommon_ink":10,"minecraft:dark_oak_fence":6,"minecraft:coal":227,"minecraft:andesite_slab":8,"iceandfire:raw_silver":8},"minecraft:custom":{"minecraft:mob_kills":122,"minecraft:interact_with_crafting_table":46,"minecraft:open_barrel":18,"minecraft:leave_game":1,"minecraft:time_since_death":34843,"minecraft:climb_one_cm":1056,"minecraft:sprint_one_cm":516180,"minecraft:walk_one_cm":644551,"minecraft:drop":138,"minecraft:talked_to_villager":5,"minecraft:play_time":239891,"minecraft:deaths":12,"minecraft:sneak_time":8115,"minecraft:walk_under_water_one_cm":4719,"minecraft:jump":4842,"minecraft:walk_on_water_one_cm":16319,"minecraft:total_world_time":239891,"minecraft:interact_with_furnace":92,"minecraft:sleep_in_bed":7,"minecraft:time_since_rest":13682,"minecraft:waystone_activated":1,"minecraft:damage_taken":10644,"minecraft:trigger_trapped_chest":6,"minecraft:damage_dealt":21272,"minecraft:player_kills":2,"minecraft:swim_one_cm":9287,"minecraft:fly_one_cm":1022804,"minecraft:open_chest":40,"minecraft:crouch_one_cm":24650,"minecraft:aviate_one_cm":575624,"minecraft:fall_one_cm":141858,"minecraft:horse_one_cm":234423},"minecraft:crafted":{"minecraft:wooden_sword":2,"minecraft:oak_planks":36,"minecraft:cooked_chicken":6,"minecraft:furnace":1,"iceandfire:armor_copper_metal_leggings":1,"minecraft:bone_meal":3,"minecraft:cooked_mutton":7,"iceandfire:armor_copper_metal_boots":1,"iceandfire:armor_copper_metal_helmet":1,"minecraft:glass":7,"minecraft:stone_pickaxe":1,"iceandfire:armor_copper_metal_chestplate":1,"minecraft:chest":2,"minecraft:cooked_beef":20,"irons_spellbooks:copper_spell_book":1,"minecraft:cooked_porkchop":5,"minecraft:crafting_table":1,"iceandfire:blindfold":1,"travelersbackpack:backpack_tank":1,"minecraft:wooden_pickaxe":1,"travelersbackpack:standard":1,"minecraft:baked_potato":2,"minecraft:copper_ingot":27,"minecraft:stone_axe":1,"minecraft:air":0,"minecraft:wooden_hoe":2,"minecraft:charcoal":2,"minecraft:stick":12,"minecraft:iron_ingot":14,"minecraft:iron_pickaxe":1,"minecraft:wooden_axe":2,"minecraft:stone_sword":3,"minecraft:white_bed":1,"minecraft:acacia_planks":48},"minecraft:dropped":{"minecraft:iron_ingot":1,"iceandfire:raw_silver":1,"travelersbackpack:cow":1,"minecraft:wheat_seeds":19,"minecraft:cobblestone":13,"minecraft:prismarine_crystals":6,"minecraft:leather":3,"minecraft:copper_ingot":2,"minecraft:birch_slab":4,"minecraft:coal":22,"minecraft:sentry_armor_trim_smithing_template":2,"minecraft:stick":2,"minecraft:cobblestone_stairs":1,"irons_spellbooks:scroll":1,"minecraft:dirt":5,"iceandfire:blindfold":2,"minecraft:dark_oak_fence":6,"minecraft:wooden_hoe":1,"minecraft:torch":9,"minecraft:brown_wool":1,"iceandfire:armor_copper_metal_boots":4,"minecraft:wooden_sword":1,"minecraft:bone_meal":3,"iceandfire:copper_pickaxe":3,"minecraft:sand":4,"minecraft:paper":7,"minecraft:string":5,"minecraft:white_wool":2,"minecraft:bucket":2,"minecraft:bone":14,"minecraft:stone_axe":3,"minecraft:goat_horn":1,"minecraft:cooked_chicken":1,"minecraft:golden_chestplate":1,"minecraft:stone_sword":1,"minecraft:rotten_flesh":1,"minecraft:oak_planks":20,"minecraft:leather_chestplate":3,"minecraft:shield":2,"iceandfire:rotten_egg":1,"minecraft:oak_sapling":2,"minecraft:acacia_sapling":3,"minecraft:leather_leggings":9,"minecraft:spider_eye":1,"minecraft:arrow":11,"minecraft:stone_pickaxe":1,"minecraft:wooden_pickaxe":3,"minecraft:netherrack":6,"minecraft:egg":7},"minecraft:mined":{"minecraft:spruce_planks":1,"iceandfire:silver_ore":1,"minecraft:jungle_slab":2,"minecraft:cobblestone_stairs":4,"minecraft:dark_oak_fence":15,"minecraft:acacia_log":36,"minecraft:grass_block":16,"iceandfire:lectern":1,"travelersbackpack:white_sleeping_bag":2,"minecraft:furnace":14,"minecraft:carrots":5,"minecraft:iron_ore":1,"minecraft:potatoes":5,"irons_spellbooks:inscription_table":1,"minecraft:stone":17,"minecraft:acacia_leaves":4,"minecraft:basalt":4,"minecraft:torch":1,"minecraft:crafting_table":4,"minecraft:chest":1,"minecraft:andesite_slab":4,"minecraft:copper_ore":8,"minecraft:tall_grass":16,"minecraft:skeleton_skull":4,"minecraft:birch_planks":16,"minecraft:beehive":1,"minecraft:wheat":4,"minecraft:white_wall_banner":1,"minecraft:grass":49,"minecraft:coal_ore":49,"minecraft:oak_log":18,"minecraft:sand":16,"minecraft:dirt":34,"minecraft:cobweb":4,"minecraft:cracked_stone_bricks":6,"minecraft:stone_bricks":15,"minecraft:netherrack":4,"minecraft:oak_leaves":1},"minecraft:used":{"iceandfire:lectern":1,"minecraft:acacia_log":6,"minecraft:stone_sword":478,"iceandfire:armor_copper_metal_leggings":2,"minecraft:spruce_slab":1,"minecraft:chest":2,"minecraft:spruce_planks":5,"minecraft:cooked_chicken":6,"minecraft:rotten_flesh":9,"minecraft:torch":6,"minecraft:dirt":39,"minecraft:carrot":21,"minecraft:beehive":1,"minecraft:wooden_axe":56,"iceandfire:copper_pickaxe":4,"minecraft:beef":2,"minecraft:goat_horn":1,"minecraft:furnace":12,"iceandfire:armor_copper_metal_helmet":2,"minecraft:cooked_beef":17,"minecraft:potato":15,"minecraft:acacia_planks":28,"minecraft:cooked_mutton":19,"minecraft:water_bucket":10,"travelersbackpack:cow":5,"minecraft:baked_potato":2,"minecraft:stone_pickaxe":115,"minecraft:oak_planks":17,"minecraft:wooden_pickaxe":13,"minecraft:crafting_table":8,"minecraft:white_bed":1,"minecraft:wooden_hoe":19,"minecraft:apple":3,"iceandfire:armor_copper_metal_chestplate":2,"minecraft:bread":35,"minecraft:birch_slab":4,"minecraft:brown_wool":1,"travelersbackpack:white_sleeping_bag":2,"minecraft:stone_axe":76,"minecraft:cobblestone":1,"minecraft:wooden_sword":76,"minecraft:white_banner":2,"minecraft:porkchop":1,"minecraft:cooked_porkchop":5,"minecraft:bucket":10,"minecraft:polished_blackstone_button":1,"irons_spellbooks:inscription_table":1}},"DataVersion":3465}