{"stats":{"minecraft:picked_up":{"minecraft:wooden_axe":3,"irons_spellbooks:scroll":6,"minecraft:wheat":12,"irons_spellbooks:affinity_ring":8,"minecraft:sentry_armor_trim_smithing_template":2,"iceandfire:armor_copper_metal_chestplate":3,"minecraft:enchanted_book":5,"iceandfire:sea_serpent_scales_teal":7,"minecraft:string":38,"minecraft:raw_copper":39,"minecraft:armor_stand":1,"minecraft:experience_bottle":1,"irons_spellbooks:arcane_essence":29,"minecraft:bucket":2,"minecraft:spruce_planks":16,"irons_spellbooks:inscription_table":1,"minecraft:furnace":32,"minecraft:beehive":1,"minecraft:stick":16,"iceandfire:copper_pickaxe":4,"iceandfire:armor_copper_metal_leggings":6,"irons_spellbooks:shriving_stone":4,"minecraft:oak_fence":1,"minecraft:torch":23,"minecraft:acacia_log":136,"minecraft:porkchop":32,"iceandfire:rotten_egg":2,"minecraft:diorite":16,"minecraft:golden_chestplate":2,"minecraft:goat_horn":2,"minecraft:stone_sword":19,"minecraft:rotten_flesh":92,"travelersbackpack:chicken":3,"minecraft:blaze_rod":24,"minecraft:obsidian":8,"irons_spellbooks:copper_spell_book":7,"minecraft:cobblestone":599,"minecraft:leather_chestplate":2,"minecraft:feather":4,"minecraft:cooked_beef":22,"minecraft:birch_slab":8,"minecraft:water_bucket":10,"minecraft:andesite":38,"minecraft:brown_wool":5,"minecraft:potato":71,"minecraft:acacia_boat":2,"minecraft:dirt":357,"minecraft:glass":3,"minecraft:bone":60,"minecraft:acacia_planks":148,"minecraft:wheat_seeds":72,"minecraft:bell":3,"minecraft:oak_planks":87,"minecraft:cooked_porkchop":10,"iceandfire:shiny_scales":3,"minecraft:sand":22,"minecraft:jungle_slab":1,"minecraft:dark_oak_log":25,"minecraft:barrel":1,"travelersbackpack:white_sleeping_bag":3,"minecraft:sugar":1,"minecraft:diamond":1,"irons_spellbooks:divine_pearl":16,"iceandfire:lectern":7,"minecraft:polished_blackstone_button":1,"minecraft:crossbow":8,"minecraft:granite":36,"minecraft:bread":88,"minecraft:emerald":1,"iceandfire:gorgon_head":2,"minecraft:oak_sapling":4,"irons_spellbooks:uncommon_ink":10,"minecraft:netherrack":10,"minecraft:dark_oak_fence":9,"minecraft:andesite_slab":8,"iceandfire:raw_silver":13,"minecraft:charcoal":54,"minecraft:crafting_table":11,"minecraft:chicken":7,"minecraft:leather_leggings":8,"minecraft:wooden_pickaxe":5,"iceandfire:frozen_cobblestone":9,"minecraft:shield":2,"iceandfire:frozen_stone":9,"minecraft:cracked_stone_bricks":9,"minecraft:beef":67,"irons_spellbooks:epic_ink":6,"minecraft:spruce_slab":1,"minecraft:chest":2,"minecraft:egg":53,"minecraft:raw_iron":31,"minecraft:copper_ingot":48,"iceandfire:armor_copper_metal_boots":3,"minecraft:carrot":44,"minecraft:dark_oak_planks":10,"iceandfire:blindfold":3,"minecraft:arrow":62,"minecraft:saddle":1,"minecraft:mutton":33,"minecraft:skeleton_skull":8,"minecraft:white_wool":31,"minecraft:basalt":8,"iceandfire:sea_serpent_fang":4,"minecraft:leather":38,"minecraft:birch_planks":6,"minecraft:oak_log":146,"iceandfire:ectoplasm":5,"minecraft:gunpowder":34,"iceandfire:armor_copper_metal_helmet":3,"minecraft:cobblestone_stairs":1,"minecraft:wooden_hoe":2,"minecraft:paper":25,"minecraft:white_banner":4,"irons_spellbooks:rare_ink":2,"minecraft:cooked_mutton":24,"irons_spellbooks:common_ink":2,"bountiful:bounty":4,"minecraft:apple":13,"minecraft:stone_bricks":18,"minecraft:kelp":4,"minecraft:stone_pickaxe":6,"minecraft:iron_ingot":14,"minecraft:cooked_chicken":5,"minecraft:acacia_sapling":3,"minecraft:book":64,"minecraft:gravel":2,"minecraft:spider_eye":8,"minecraft:stone_axe":5,"minecraft:gray_wool":4,"minecraft:coal":278},"minecraft:killed_by":{"irons_spellbooks:summoned_zombie":1,"minecraft:player":1,"irons_spellbooks:summoned_vex":1},"minecraft:custom":{"minecraft:animals_bred":16,"minecraft:interact_with_crafting_table":63,"minecraft:open_barrel":18,"minecraft:bell_ring":1,"minecraft:leave_game":2,"minecraft:time_since_death":56149,"minecraft:sprint_one_cm":859665,"minecraft:drop":180,"minecraft:talked_to_villager":15,"minecraft:play_time":406787,"minecraft:deaths":15,"minecraft:jump":7924,"minecraft:walk_on_water_one_cm":40535,"minecraft:interact_with_furnace":143,"minecraft:traded_with_villager":2,"minecraft:sleep_in_bed":9,"minecraft:waystone_activated":1,"minecraft:damage_dealt":30594,"minecraft:player_kills":2,"minecraft:crouch_one_cm":62638,"minecraft:horse_one_cm":421031,"minecraft:mob_kills":193,"minecraft:climb_one_cm":1264,"minecraft:walk_one_cm":1072914,"minecraft:sneak_time":20005,"minecraft:walk_under_water_one_cm":40262,"minecraft:boat_one_cm":83675,"minecraft:total_world_time":406787,"minecraft:time_since_rest":56177,"minecraft:damage_taken":14910,"minecraft:trigger_trapped_chest":7,"minecraft:swim_one_cm":87087,"minecraft:fly_one_cm":1690003,"minecraft:open_chest":67,"minecraft:aviate_one_cm":836671,"minecraft:fall_one_cm":234133},"minecraft:dropped":{"iceandfire:raw_silver":1,"minecraft:leather":7,"minecraft:birch_slab":4,"minecraft:sentry_armor_trim_smithing_template":2,"minecraft:cobblestone_stairs":1,"minecraft:dirt":5,"iceandfire:blindfold":2,"minecraft:dark_oak_fence":6,"iceandfire:armor_copper_metal_boots":4,"minecraft:wooden_sword":1,"minecraft:bone_meal":3,"iceandfire:copper_pickaxe":3,"minecraft:sand":4,"minecraft:white_wool":2,"minecraft:bone":14,"minecraft:stone_axe":3,"minecraft:goat_horn":1,"minecraft:cooked_chicken":1,"minecraft:golden_chestplate":1,"minecraft:rotten_flesh":1,"minecraft:oak_planks":20,"minecraft:carrot":2,"minecraft:leather_chestplate":3,"minecraft:gunpowder":1,"iceandfire:tide_teal_helmet":1,"minecraft:acacia_sapling":3,"minecraft:leather_leggings":9,"minecraft:arrow":11,"minecraft:netherrack":6,"minecraft:egg":8,"minecraft:iron_ingot":1,"travelersbackpack:cow":1,"minecraft:wheat_seeds":54,"minecraft:cobblestone":13,"minecraft:prismarine_crystals":6,"minecraft:copper_ingot":2,"minecraft:coal":22,"minecraft:stick":2,"irons_spellbooks:scroll":1,"minecraft:torch":10,"minecraft:wooden_hoe":1,"minecraft:brown_wool":1,"minecraft:paper":7,"minecraft:string":5,"minecraft:bucket":2,"irons_spellbooks:copper_spell_book":1,"minecraft:stone_sword":1,"minecraft:shield":2,"iceandfire:rotten_egg":1,"minecraft:oak_sapling":3,"minecraft:spider_eye":1,"minecraft:stone_pickaxe":1,"minecraft:wooden_pickaxe":3},"minecraft:mined":{"minecraft:spruce_planks":1,"minecraft:jungle_slab":2,"minecraft:cobblestone_stairs":4,"minecraft:granite":29,"minecraft:acacia_log":41,"minecraft:grass_block":21,"iceandfire:lectern":1,"minecraft:iron_ore":27,"minecraft:kelp_plant":1,"minecraft:torch":3,"minecraft:chest":1,"minecraft:cobblestone":4,"minecraft:wall_torch":3,"minecraft:skeleton_skull":4,"minecraft:wheat":14,"minecraft:grass":70,"minecraft:oak_log":65,"minecraft:sand":17,"minecraft:dirt":60,"minecraft:netherrack":4,"minecraft:oak_leaves":3,"iceandfire:silver_ore":6,"iceandfire:frozen_cobblestone":9,"minecraft:dark_oak_fence":21,"iceandfire:frozen_stone":9,"travelersbackpack:white_sleeping_bag":2,"minecraft:large_fern":1,"minecraft:furnace":15,"minecraft:carrots":12,"minecraft:andesite":38,"minecraft:potatoes":11,"irons_spellbooks:inscription_table":1,"minecraft:stone":531,"minecraft:white_wool":2,"minecraft:acacia_leaves":4,"minecraft:basalt":4,"minecraft:oak_fence":1,"minecraft:crafting_table":10,"minecraft:andesite_slab":4,"minecraft:tall_grass":22,"minecraft:copper_ore":10,"minecraft:diorite":17,"minecraft:birch_planks":16,"minecraft:beehive":1,"minecraft:white_wall_banner":1,"minecraft:coal_ore":89,"minecraft:gravel":1,"minecraft:cobweb":17,"minecraft:cracked_stone_bricks":6,"minecraft:acacia_planks":2,"minecraft:stone_bricks":15},"minecraft:killed":{"irons_spellbooks:pyromancer":1,"minecraft:spider":13,"minecraft:skeleton":24,"minecraft:chicken":5,"irons_spellbooks:summoned_skeleton":3,"minecraft:skeleton_horse":4,"minecraft:pig":8,"minecraft:zombie_villager":1,"irons_spellbooks:necromancer":1,"minecraft:creeper":3,"minecraft:sheep":15,"minecraft:pillager":18,"irons_spellbooks:summoned_vex":4,"minecraft:zombie":42,"iceandfire:sea_serpent":1,"minecraft:cow":18,"irons_spellbooks:summoned_zombie":5,"minecraft:frog":1,"iceandfire:ghost":14},"minecraft:used":{"iceandfire:lectern":1,"minecraft:spruce_slab":1,"minecraft:chest":2,"minecraft:rotten_flesh":26,"minecraft:carrot":38,"minecraft:beehive":1,"iceandfire:copper_pickaxe":4,"minecraft:furnace":13,"minecraft:potato":21,"travelersbackpack:cow":5,"minecraft:stone_pickaxe":825,"minecraft:oak_planks":17,"minecraft:wooden_pickaxe":13,"minecraft:golden_apple":1,"minecraft:sand":1,"iceandfire:armor_copper_metal_chestplate":2,"minecraft:birch_slab":4,"minecraft:bread":35,"minecraft:brown_wool":2,"minecraft:wooden_sword":140,"minecraft:dark_oak_fence":3,"minecraft:andesite":23,"minecraft:oak_fence":1,"minecraft:stone_sword":685,"minecraft:acacia_log":6,"iceandfire:armor_copper_metal_leggings":2,"minecraft:spruce_planks":5,"minecraft:cooked_chicken":7,"minecraft:torch":28,"minecraft:dirt":85,"minecraft:granite":7,"minecraft:wooden_axe":105,"minecraft:beef":2,"minecraft:goat_horn":1,"iceandfire:armor_copper_metal_helmet":2,"minecraft:cooked_beef":27,"minecraft:acacia_planks":34,"minecraft:cooked_mutton":31,"minecraft:acacia_boat":4,"minecraft:water_bucket":12,"minecraft:baked_potato":18,"minecraft:crafting_table":15,"travelersbackpack:chicken":1,"minecraft:white_bed":1,"minecraft:wooden_hoe":27,"minecraft:apple":3,"travelersbackpack:white_sleeping_bag":2,"minecraft:stone_axe":119,"minecraft:cobblestone":77,"travelersbackpack:standard":3,"minecraft:cooked_porkchop":8,"minecraft:white_banner":2,"minecraft:porkchop":3,"minecraft:bucket":13,"minecraft:polished_blackstone_button":1,"irons_spellbooks:inscription_table":1},"minecraft:crafted":{"minecraft:oak_planks":36,"irons_spellbooks:iron_spell_book":1,"minecraft:cooked_chicken":7,"minecraft:chain":3,"minecraft:cooked_mutton":17,"iceandfire:armor_copper_metal_boots":1,"minecraft:glass":7,"iceandfire:armor_copper_metal_chestplate":1,"minecraft:chest":2,"irons_spellbooks:copper_spell_book":1,"minecraft:cooked_porkchop":18,"minecraft:crafting_table":2,"iceandfire:blindfold":1,"minecraft:wooden_pickaxe":1,"travelersbackpack:standard":1,"minecraft:baked_potato":18,"minecraft:copper_ingot":27,"minecraft:wooden_hoe":2,"minecraft:charcoal":2,"iceandfire:tide_teal_helmet":1,"minecraft:stick":20,"minecraft:iron_ingot":35,"minecraft:iron_pickaxe":1,"minecraft:stone_sword":5,"minecraft:wooden_sword":3,"minecraft:leather_leggings":2,"minecraft:iron_nugget":9,"minecraft:furnace":2,"iceandfire:armor_copper_metal_leggings":1,"minecraft:bone_meal":3,"iceandfire:armor_copper_metal_helmet":1,"minecraft:stone_pickaxe":6,"minecraft:cooked_beef":30,"iceandfire:silver_ingot":7,"travelersbackpack:backpack_tank":1,"minecraft:stone_axe":1,"minecraft:acacia_boat":2,"minecraft:air":0,"minecraft:wooden_axe":3,"minecraft:white_bed":1,"minecraft:acacia_planks":48,"minecraft:torch":16},"minecraft:broken":{"minecraft:leather_leggings":1,"minecraft:stone_pickaxe":6,"minecraft:wooden_sword":2,"minecraft:stone_axe":1,"minecraft:wooden_axe":2,"iceandfire:armor_copper_metal_helmet":1,"minecraft:stone_sword":5,"iceandfire:armor_copper_metal_leggings":2}},"DataVersion":3465}