{"stats":{"minecraft:mined":{"minecraft:birch_log":10,"minecraft:grass":1},"minecraft:crafted":{"minecraft:crafting_table":1,"minecraft:birch_planks":40},"minecraft:picked_up":{"minecraft:birch_log":10,"minecraft:stick":2},"minecraft:custom":{"minecraft:jump":15,"minecraft:crouch_one_cm":1778,"minecraft:leave_game":2,"minecraft:play_time":4039,"minecraft:sprint_one_cm":5251,"minecraft:damage_taken":140,"minecraft:time_since_death":4039,"minecraft:walk_one_cm":15263,"minecraft:sneak_time":259,"minecraft:total_world_time":4039,"minecraft:fall_one_cm":267,"minecraft:fly_one_cm":1612,"minecraft:time_since_rest":4039}},"DataVersion":3465}