{"stats":{"minecraft:used":{"rpgsmw:stone_greatsword":48,"minecraft:stone_sword":329,"minecraft:chest":1,"minecraft:cooked_salmon":11,"weaponmaster:workstation":1,"minecraft:cooked_chicken":4,"minecraft:rotten_flesh":39,"minecraft:torch":41,"minecraft:dirt":15,"minecraft:mutton":4,"minecraft:wooden_axe":19,"iceandfire:dragon_bone_wall":1,"minecraft:beef":2,"minecraft:furnace":3,"minecraft:cooked_beef":3,"minecraft:cooked_mutton":11,"minecraft:water_bucket":101,"epicfight:skillbook":5,"iceandfire:pixie_house_spruce":1,"minecraft:stone_pickaxe":360,"minecraft:wooden_pickaxe":8,"minecraft:birch_boat":1,"minecraft:salmon":9,"minecraft:sand":4,"minecraft:crafting_table":6,"minecraft:spider_eye":1,"weaponmaster:wm_broadswordlarge":6,"epicfight:stone_spear":18,"minecraft:iron_pickaxe":1,"travelersbackpack:white_sleeping_bag":1,"minecraft:stone_axe":50,"minecraft:cobblestone":19,"travelersbackpack:standard":4,"minecraft:porkchop":2,"minecraft:cooked_porkchop":10,"minecraft:chain":2,"minecraft:bucket":102,"minecraft:oak_boat":1,"minecraft:experience_bottle":199},"minecraft:picked_up":{"minecraft:wooden_axe":1,"irons_spellbooks:scroll":19,"minecraft:crafting_table":6,"minecraft:chicken":4,"minecraft:clay_ball":320,"minecraft:wooden_pickaxe":1,"minecraft:potion":1,"minecraft:chain":5,"minecraft:cornflower":2,"minecraft:string":55,"minecraft:moss_carpet":1,"minecraft:raw_copper":10,"irons_spellbooks:arcane_essence":27,"rpgsmw:stone_greatsword":1,"minecraft:cobbled_deepslate":40,"minecraft:bucket":1,"minecraft:beef":5,"minecraft:oak_boat":1,"iceandfire:armor_red_helmet":1,"minecraft:iron_pickaxe":4,"minecraft:birch_sapling":1,"minecraft:furnace":2,"minecraft:egg":2,"minecraft:stick":11,"minecraft:raw_iron":70,"iceandfire:dragonbone":46,"minecraft:copper_ingot":43,"minecraft:big_dripleaf":2,"minecraft:torch":50,"epicfight:skillbook":8,"minecraft:porkchop":12,"minecraft:diorite":29,"iceandfire:cyclops_eye":2,"minecraft:arrow":114,"minecraft:stone_sword":4,"minecraft:rotten_flesh":55,"minecraft:glow_berries":15,"minecraft:mutton":30,"iceandfire:armor_red_leggings":1,"irons_spellbooks:copper_spell_book":1,"minecraft:white_wool":47,"minecraft:cobblestone":515,"minecraft:birch_log":29,"epicfight:stone_spear":1,"minecraft:feather":24,"minecraft:cooked_beef":1,"iceandfire:sea_serpent_fang":16,"minecraft:water_bucket":3,"minecraft:salmon":27,"minecraft:leather":13,"iceandfire:armor_red_chestplate":1,"minecraft:filled_map":3,"minecraft:birch_planks":81,"minecraft:oak_log":3,"minecraft:gunpowder":38,"minecraft:paper":8,"minecraft:dirt":87,"minecraft:bone":98,"minecraft:wheat_seeds":24,"minecraft:stone_pickaxe":3,"minecraft:iron_ingot":137,"weaponmaster:tutorialbook":14,"minecraft:iron_sword":1,"minecraft:moss_block":4,"iceandfire:sea_serpent_scales_deepblue":10,"minecraft:oak_planks":1,"minecraft:cooked_porkchop":1,"minecraft:birch_boat":5,"iceandfire:ash":1,"minecraft:sand":41,"iceandfire:armor_red_boots":1,"minecraft:grass_block":2,"minecraft:spider_eye":11,"rpgsmw:class_choose_orb":1,"travelersbackpack:white_sleeping_bag":1,"iceandfire:pixie_house_spruce":1,"minecraft:stone_axe":5,"minecraft:granite":30,"iceandfire:sea_serpent_scales_red":8,"minecraft:bone_meal":1,"minecraft:coal":279,"minecraft:ender_pearl":4},"minecraft:mined":{"minecraft:granite":15,"minecraft:grass_block":13,"travelersbackpack:white_sleeping_bag":1,"minecraft:moss_block":4,"minecraft:tall_seagrass":1,"minecraft:furnace":2,"minecraft:iron_ore":20,"minecraft:deepslate_iron_ore":18,"iceandfire:pixie_house_spruce":1,"minecraft:stone":165,"minecraft:clay":16,"minecraft:crafting_table":4,"minecraft:torch":11,"minecraft:tall_grass":2,"minecraft:copper_ore":3,"minecraft:cobblestone":13,"minecraft:oak_planks":2,"minecraft:diorite":18,"minecraft:wall_torch":7,"minecraft:big_dripleaf":1,"minecraft:chain":1,"minecraft:birch_log":21,"minecraft:birch_leaves":60,"minecraft:grass":5,"minecraft:oak_log":3,"minecraft:coal_ore":77,"minecraft:sand":14,"minecraft:dirt":15,"minecraft:oak_leaves":17,"minecraft:deepslate":8},"minecraft:custom":{"minecraft:mob_kills":168,"minecraft:interact_with_crafting_table":38,"minecraft:leave_game":4,"minecraft:time_since_death":536,"minecraft:climb_one_cm":1385,"minecraft:damage_resisted":101,"minecraft:sprint_one_cm":1003226,"minecraft:walk_one_cm":1552475,"minecraft:drop":73,"minecraft:damage_dealt_absorbed":434,"minecraft:play_time":288296,"minecraft:deaths":10,"minecraft:sneak_time":19044,"minecraft:walk_under_water_one_cm":228596,"minecraft:boat_one_cm":102465,"minecraft:jump":3796,"minecraft:walk_on_water_one_cm":408067,"minecraft:total_world_time":288296,"minecraft:interact_with_furnace":58,"minecraft:sleep_in_bed":1,"minecraft:time_since_rest":592,"minecraft:waystone_activated":3,"minecraft:damage_taken":4321,"minecraft:damage_absorbed":12141,"minecraft:trigger_trapped_chest":1,"minecraft:damage_dealt":21039,"minecraft:swim_one_cm":419335,"minecraft:fly_one_cm":797903,"minecraft:open_chest":45,"minecraft:crouch_one_cm":95886,"minecraft:fall_one_cm":64709},"minecraft:broken":{"minecraft:stone_sword":2,"minecraft:stone_pickaxe":1,"epicfight:stone_spear":1},"minecraft:dropped":{"minecraft:iron_ingot":109,"minecraft:iron_sword":1,"minecraft:wheat_seeds":13,"weaponmaster:tutorialbook":13,"minecraft:cooked_porkchop":1,"minecraft:copper_ingot":2,"iceandfire:cyclops_eye":1,"minecraft:stick":1,"irons_spellbooks:scroll":14,"minecraft:diorite":3,"minecraft:cornflower":2,"minecraft:wooden_axe":1,"minecraft:potion":1,"irons_spellbooks:arcane_essence":1,"minecraft:bone_meal":1,"iceandfire:ash":1,"minecraft:paper":2,"minecraft:string":1,"iceandfire:dragonbone":8,"minecraft:moss_carpet":1,"minecraft:rotten_flesh":6,"minecraft:oak_planks":1,"minecraft:big_dripleaf":2,"minecraft:spider_eye":4,"minecraft:wooden_pickaxe":1,"minecraft:stone_pickaxe":1,"epicfight:skillbook":1,"minecraft:egg":1},"minecraft:crafted":{"minecraft:oak_planks":12,"iceandfire:dragon_bone_wall":1,"minecraft:birch_boat":1,"minecraft:cooked_chicken":4,"travelersbackpack:blank_upgrade":4,"minecraft:cooked_mutton":7,"minecraft:glass":16,"travelersbackpack:white_sleeping_bag":1,"minecraft:stone_pickaxe":3,"minecraft:chest":1,"rpgsmw:woodenfiber":2,"minecraft:cooked_beef":2,"minecraft:cooked_porkchop":11,"minecraft:crafting_table":2,"travelersbackpack:backpack_tank":4,"minecraft:wooden_pickaxe":1,"minecraft:iron_sword":2,"minecraft:smithing_table":1,"minecraft:cooked_salmon":11,"minecraft:birch_planks":44,"minecraft:bucket":1,"minecraft:stone_axe":1,"minecraft:air":0,"minecraft:oak_boat":1,"minecraft:stick":16,"minecraft:iron_ingot":15,"minecraft:iron_pickaxe":1,"minecraft:wooden_axe":1,"minecraft:stone_sword":4,"minecraft:torch":16},"minecraft:killed":{"minecraft:spider":25,"minecraft:skeleton":38,"minecraft:chicken":4,"minecraft:drowned":1,"minecraft:pig":7,"iceandfire:cyclops":1,"minecraft:zombie_villager":1,"minecraft:salmon":5,"irons_spellbooks:necromancer":3,"minecraft:creeper":8,"minecraft:sheep":15,"minecraft:zombie":46,"iceandfire:ghost":3,"minecraft:cow":4,"minecraft:enderman":2,"iceandfire:sea_serpent":1}},"DataVersion":3465}