{"stats":{"minecraft:mined":{"minecraft:furnace":1,"minecraft:birch_log":10,"minecraft:iron_ore":14,"minecraft:clay":14,"minecraft:crafting_table":2,"minecraft:granite":11,"minecraft:grass":1,"minecraft:grass_block":2,"minecraft:coal_ore":57,"minecraft:deepslate_iron_ore":4,"minecraft:dirt":5,"minecraft:copper_ore":3,"minecraft:stone":112,"minecraft:moss_block":1,"minecraft:deepslate":4,"minecraft:diorite":3},"minecraft:used":{"minecraft:wooden_axe":17,"minecraft:stone_pickaxe":217,"minecraft:wooden_pickaxe":8,"minecraft:torch":3,"minecraft:dirt":1,"minecraft:cobblestone":3,"minecraft:crafting_table":2,"minecraft:furnace":1,"minecraft:cooked_porkchop":2,"minecraft:cooked_mutton":2},"minecraft:killed":{"minecraft:sheep":2,"minecraft:skeleton":1,"minecraft:pig":1,"minecraft:spider":1},"minecraft:crafted":{"minecraft:cooked_porkchop":2,"minecraft:crafting_table":1,"minecraft:stick":4,"minecraft:iron_pickaxe":1,"minecraft:iron_ingot":4,"minecraft:wooden_pickaxe":1,"minecraft:stone_pickaxe":2,"minecraft:wooden_axe":1,"minecraft:torch":16,"minecraft:birch_planks":40,"minecraft:air":0,"minecraft:cooked_mutton":3},"minecraft:broken":{"minecraft:stone_pickaxe":1},"minecraft:picked_up":{"minecraft:wooden_axe":1,"minecraft:birch_log":10,"minecraft:crafting_table":3,"minecraft:stick":4,"minecraft:raw_iron":18,"minecraft:clay_ball":56,"minecraft:copper_ingot":10,"minecraft:wooden_pickaxe":1,"minecraft:birch_planks":28,"minecraft:porkchop":4,"minecraft:diorite":3,"minecraft:dirt":7,"minecraft:string":1,"minecraft:raw_copper":10,"rpgsmw:class_choose_orb":1,"minecraft:bone":3,"minecraft:arrow":6,"minecraft:cobbled_deepslate":4,"minecraft:granite":11,"weaponmaster:tutorialbook":1,"minecraft:moss_block":1,"minecraft:glow_berries":2,"minecraft:mutton":6,"minecraft:coal":57,"minecraft:furnace":1,"minecraft:white_wool":4,"minecraft:cobblestone":112},"minecraft:custom":{"minecraft:time_since_rest":22988,"minecraft:interact_with_furnace":4,"minecraft:sprint_one_cm":22142,"minecraft:damage_taken":475,"minecraft:walk_one_cm":116676,"minecraft:mob_kills":6,"minecraft:damage_dealt":658,"minecraft:swim_one_cm":5578,"minecraft:interact_with_crafting_table":7,"minecraft:fly_one_cm":11234,"minecraft:crouch_one_cm":31764,"minecraft:play_time":29716,"minecraft:deaths":1,"minecraft:sneak_time":6204,"minecraft:walk_under_water_one_cm":995,"minecraft:jump":239,"minecraft:leave_game":3,"minecraft:time_since_death":22973,"minecraft:walk_on_water_one_cm":2187,"minecraft:climb_one_cm":972,"minecraft:total_world_time":29716,"minecraft:fall_one_cm":3859}},"DataVersion":3465}