{"stats":{"minecraft:mined":{"minecraft:clay":16,"minecraft:crafting_table":3,"minecraft:granite":11,"minecraft:grass_block":2,"minecraft:copper_ore":3,"minecraft:tall_grass":1,"minecraft:moss_block":4,"minecraft:diorite":3,"minecraft:wall_torch":1,"minecraft:big_dripleaf":1,"minecraft:furnace":1,"minecraft:birch_log":10,"minecraft:iron_ore":19,"minecraft:grass":1,"minecraft:coal_ore":57,"minecraft:deepslate_iron_ore":18,"minecraft:dirt":5,"minecraft:stone":112,"minecraft:deepslate":8},"minecraft:killed":{"minecraft:pig":3,"minecraft:spider":1,"irons_spellbooks:necromancer":1,"minecraft:creeper":1,"minecraft:sheep":4,"minecraft:skeleton":2,"minecraft:chicken":2,"minecraft:cow":1},"minecraft:used":{"minecraft:cooked_mutton":3,"minecraft:stone_sword":23,"minecraft:stone_pickaxe":250,"minecraft:wooden_pickaxe":8,"minecraft:torch":4,"minecraft:dirt":1,"minecraft:crafting_table":3,"minecraft:wooden_axe":18,"minecraft:cobblestone":3,"minecraft:furnace":2,"minecraft:cooked_porkchop":4},"minecraft:crafted":{"minecraft:cooked_porkchop":6,"minecraft:crafting_table":1,"minecraft:cooked_chicken":2,"minecraft:wooden_pickaxe":1,"minecraft:birch_planks":40,"minecraft:cooked_mutton":7,"minecraft:air":0,"minecraft:stick":4,"minecraft:iron_ingot":5,"minecraft:iron_pickaxe":1,"minecraft:stone_pickaxe":2,"minecraft:wooden_axe":1,"minecraft:stone_sword":1,"minecraft:torch":16,"minecraft:cooked_beef":2},"minecraft:broken":{"minecraft:stone_pickaxe":1},"minecraft:picked_up":{"minecraft:wooden_axe":1,"minecraft:birch_log":10,"minecraft:crafting_table":4,"minecraft:feather":2,"minecraft:chicken":2,"minecraft:clay_ball":64,"minecraft:wooden_pickaxe":1,"minecraft:birch_planks":28,"minecraft:gunpowder":2,"minecraft:string":1,"minecraft:dirt":7,"minecraft:moss_carpet":1,"minecraft:raw_copper":10,"minecraft:bone":4,"irons_spellbooks:arcane_essence":3,"minecraft:cobbled_deepslate":8,"minecraft:beef":2,"weaponmaster:tutorialbook":1,"minecraft:moss_block":2,"minecraft:egg":1,"minecraft:furnace":1,"minecraft:raw_iron":37,"minecraft:stick":4,"minecraft:big_dripleaf":2,"minecraft:copper_ingot":10,"minecraft:torch":1,"minecraft:porkchop":8,"minecraft:diorite":3,"rpgsmw:class_choose_orb":1,"minecraft:arrow":6,"minecraft:granite":11,"minecraft:glow_berries":3,"minecraft:mutton":10,"minecraft:coal":57,"minecraft:white_wool":6,"minecraft:cobblestone":112,"irons_spellbooks:scroll":1},"minecraft:custom":{"minecraft:interact_with_furnace":23,"minecraft:mob_kills":16,"minecraft:interact_with_crafting_table":8,"minecraft:leave_game":3,"minecraft:time_since_death":34973,"minecraft:climb_one_cm":1385,"minecraft:time_since_rest":34988,"minecraft:sprint_one_cm":81067,"minecraft:damage_taken":595,"minecraft:walk_one_cm":155582,"minecraft:drop":3,"minecraft:damage_dealt":1708,"minecraft:swim_one_cm":19854,"minecraft:fly_one_cm":74816,"minecraft:crouch_one_cm":39004,"minecraft:play_time":41716,"minecraft:deaths":1,"minecraft:sneak_time":7643,"minecraft:walk_under_water_one_cm":6373,"minecraft:jump":529,"minecraft:walk_on_water_one_cm":15064,"minecraft:total_world_time":41716,"minecraft:fall_one_cm":10431},"minecraft:dropped":{"minecraft:moss_carpet":1,"minecraft:big_dripleaf":2,"minecraft:egg":1}},"DataVersion":3465}