{"stats":{"minecraft:killed":{"minecraft:spider":2,"minecraft:skeleton":7,"minecraft:chicken":4,"minecraft:zombie_villager":1,"minecraft:frog":1,"minecraft:creeper":1,"minecraft:sheep":5,"minecraft:pillager":4,"minecraft:zombie":14,"iceandfire:ghost":13,"minecraft:cow":9},"minecraft:crafted":{"minecraft:wooden_sword":2,"minecraft:furnace":1,"iceandfire:armor_copper_metal_leggings":1,"minecraft:bone_meal":3,"minecraft:cooked_mutton":5,"iceandfire:armor_copper_metal_helmet":1,"iceandfire:armor_copper_metal_boots":1,"minecraft:glass":7,"minecraft:stone_pickaxe":1,"iceandfire:armor_copper_metal_chestplate":1,"minecraft:cooked_beef":20,"minecraft:cooked_porkchop":5,"minecraft:crafting_table":1,"iceandfire:blindfold":1,"travelersbackpack:backpack_tank":1,"minecraft:wooden_pickaxe":1,"travelersbackpack:standard":1,"minecraft:copper_ingot":27,"minecraft:stone_axe":1,"minecraft:air":0,"minecraft:wooden_hoe":1,"minecraft:charcoal":2,"minecraft:stick":12,"minecraft:iron_ingot":11,"minecraft:wooden_axe":2,"minecraft:stone_sword":3,"minecraft:white_bed":1,"minecraft:acacia_planks":48},"minecraft:used":{"iceandfire:lectern":1,"minecraft:stone_sword":200,"minecraft:acacia_log":3,"iceandfire:armor_copper_metal_leggings":1,"minecraft:spruce_planks":4,"minecraft:rotten_flesh":2,"minecraft:torch":6,"minecraft:dirt":5,"minecraft:beehive":1,"minecraft:wooden_axe":56,"iceandfire:copper_pickaxe":4,"minecraft:furnace":12,"minecraft:goat_horn":1,"iceandfire:armor_copper_metal_helmet":1,"minecraft:potato":3,"minecraft:cooked_beef":13,"minecraft:acacia_planks":19,"minecraft:cooked_mutton":13,"minecraft:water_bucket":5,"travelersbackpack:cow":3,"minecraft:stone_pickaxe":88,"minecraft:wooden_pickaxe":13,"minecraft:crafting_table":8,"minecraft:white_bed":1,"minecraft:wooden_hoe":3,"iceandfire:armor_copper_metal_chestplate":1,"minecraft:birch_slab":4,"minecraft:brown_wool":1,"travelersbackpack:white_sleeping_bag":2,"minecraft:stone_axe":63,"minecraft:wooden_sword":76,"minecraft:white_banner":1,"minecraft:cooked_porkchop":3,"minecraft:bucket":5},"minecraft:mined":{"iceandfire:silver_ore":1,"minecraft:jungle_slab":2,"minecraft:cobblestone_stairs":4,"minecraft:dark_oak_fence":9,"minecraft:acacia_log":36,"minecraft:grass_block":9,"iceandfire:lectern":1,"travelersbackpack:white_sleeping_bag":2,"minecraft:furnace":11,"minecraft:iron_ore":1,"irons_spellbooks:inscription_table":1,"minecraft:stone":14,"minecraft:acacia_leaves":4,"minecraft:basalt":4,"minecraft:crafting_table":4,"minecraft:chest":1,"minecraft:andesite_slab":4,"minecraft:copper_ore":8,"minecraft:tall_grass":4,"minecraft:skeleton_skull":4,"minecraft:birch_planks":16,"minecraft:beehive":1,"minecraft:white_wall_banner":1,"minecraft:grass":10,"minecraft:coal_ore":49,"minecraft:oak_log":12,"minecraft:dirt":17,"minecraft:sand":16,"minecraft:cobweb":3,"minecraft:netherrack":4},"minecraft:custom":{"minecraft:mob_kills":63,"minecraft:interact_with_crafting_table":37,"minecraft:open_barrel":14,"minecraft:time_since_death":4908,"minecraft:climb_one_cm":378,"minecraft:sprint_one_cm":274847,"minecraft:walk_one_cm":351487,"minecraft:drop":67,"minecraft:play_time":118971,"minecraft:deaths":3,"minecraft:sneak_time":4743,"minecraft:walk_under_water_one_cm":1860,"minecraft:jump":2089,"minecraft:walk_on_water_one_cm":10067,"minecraft:total_world_time":118971,"minecraft:interact_with_furnace":74,"minecraft:sleep_in_bed":3,"minecraft:time_since_rest":4938,"minecraft:waystone_activated":1,"minecraft:damage_taken":2947,"minecraft:trigger_trapped_chest":6,"minecraft:damage_dealt":12462,"minecraft:swim_one_cm":2092,"minecraft:fly_one_cm":381986,"minecraft:open_chest":27,"minecraft:crouch_one_cm":14898,"minecraft:aviate_one_cm":218287,"minecraft:fall_one_cm":55393},"minecraft:picked_up":{"minecraft:wooden_axe":1,"irons_spellbooks:scroll":3,"minecraft:charcoal":11,"minecraft:crafting_table":5,"minecraft:wheat":3,"minecraft:chicken":3,"irons_spellbooks:affinity_ring":1,"minecraft:wooden_pickaxe":5,"iceandfire:armor_copper_metal_chestplate":2,"minecraft:enchanted_book":1,"minecraft:shield":1,"minecraft:string":9,"minecraft:raw_copper":34,"minecraft:experience_bottle":1,"irons_spellbooks:arcane_essence":6,"minecraft:bucket":2,"minecraft:spruce_planks":15,"minecraft:beef":15,"minecraft:chest":2,"irons_spellbooks:inscription_table":1,"minecraft:furnace":14,"minecraft:egg":15,"minecraft:beehive":1,"minecraft:stick":11,"minecraft:raw_iron":2,"iceandfire:copper_pickaxe":2,"iceandfire:armor_copper_metal_leggings":2,"minecraft:copper_ingot":48,"minecraft:torch":7,"minecraft:acacia_log":65,"minecraft:porkchop":6,"iceandfire:rotten_egg":1,"iceandfire:armor_copper_metal_boots":2,"iceandfire:blindfold":3,"minecraft:stone_sword":4,"minecraft:arrow":13,"minecraft:rotten_flesh":19,"minecraft:blaze_rod":4,"minecraft:obsidian":4,"minecraft:mutton":10,"minecraft:skeleton_skull":8,"minecraft:white_wool":11,"minecraft:cobblestone":35,"minecraft:basalt":4,"minecraft:cooked_beef":18,"minecraft:birch_slab":8,"minecraft:brown_wool":1,"minecraft:leather":13,"minecraft:potato":3,"minecraft:birch_planks":6,"minecraft:oak_log":40,"iceandfire:ectoplasm":5,"minecraft:gunpowder":17,"iceandfire:armor_copper_metal_helmet":2,"minecraft:cobblestone_stairs":1,"minecraft:dirt":152,"minecraft:paper":12,"minecraft:white_banner":3,"irons_spellbooks:rare_ink":2,"minecraft:cooked_mutton":18,"irons_spellbooks:common_ink":2,"minecraft:glass":3,"minecraft:bone":11,"minecraft:acacia_planks":122,"minecraft:wheat_seeds":5,"minecraft:iron_ingot":4,"minecraft:stone_pickaxe":1,"minecraft:cooked_chicken":1,"minecraft:acacia_sapling":3,"minecraft:cooked_porkchop":2,"minecraft:sand":21,"minecraft:jungle_slab":1,"minecraft:dark_oak_log":10,"minecraft:spider_eye":1,"travelersbackpack:white_sleeping_bag":3,"minecraft:stone_axe":3,"iceandfire:lectern":2,"minecraft:emerald":1,"iceandfire:gorgon_head":2,"minecraft:oak_sapling":2,"minecraft:netherrack":9,"minecraft:dark_oak_fence":6,"minecraft:coal":107,"minecraft:andesite_slab":4,"iceandfire:raw_silver":3},"minecraft:broken":{"minecraft:stone_sword":1,"minecraft:wooden_sword":1,"minecraft:wooden_axe":1},"minecraft:dropped":{"minecraft:iron_ingot":1,"minecraft:wheat_seeds":5,"minecraft:cobblestone":13,"minecraft:leather":3,"minecraft:coal":1,"minecraft:birch_slab":4,"minecraft:cobblestone_stairs":1,"iceandfire:blindfold":2,"minecraft:wooden_hoe":1,"minecraft:dark_oak_fence":6,"minecraft:torch":9,"iceandfire:armor_copper_metal_boots":3,"minecraft:wooden_sword":1,"minecraft:bone_meal":3,"iceandfire:copper_pickaxe":2,"minecraft:sand":4,"minecraft:string":3,"minecraft:bucket":2,"minecraft:white_wool":2,"minecraft:bone":14,"minecraft:stone_axe":2,"minecraft:goat_horn":1,"minecraft:cooked_chicken":1,"iceandfire:rotten_egg":1,"minecraft:oak_sapling":1,"minecraft:acacia_sapling":3,"minecraft:spider_eye":1,"minecraft:arrow":9,"minecraft:wooden_pickaxe":3,"minecraft:netherrack":6,"minecraft:egg":1}},"DataVersion":3465}