{"stats":{"minecraft:used":{"minecraft:wooden_axe":14,"minecraft:apple":1,"minecraft:rotten_flesh":5,"minecraft:wooden_sword":59,"minecraft:beef":4,"minecraft:crafting_table":1},"minecraft:killed":{"minecraft:sheep":4,"minecraft:zombie":3,"minecraft:chicken":5,"minecraft:spider":5,"minecraft:drowned":1,"minecraft:creeper":3,"minecraft:cow":4},"minecraft:mined":{"iceandfire:lightning_lily":1,"minecraft:crafting_table":1,"minecraft:grass":3,"minecraft:oak_log":6,"minecraft:oak_leaves":1},"minecraft:crafted":{"minecraft:wooden_sword":1,"minecraft:oak_planks":24,"minecraft:crafting_table":1,"minecraft:stick":4,"minecraft:wooden_pickaxe":1,"minecraft:wooden_axe":1},"minecraft:broken":{"minecraft:wooden_sword":1},"minecraft:picked_up":{"minecraft:nautilus_shell":2,"minecraft:stick":13,"minecraft:crafting_table":2,"minecraft:feather":14,"minecraft:chicken":10,"minecraft:leather":5,"minecraft:wooden_pickaxe":1,"minecraft:potato":2,"minecraft:oak_log":6,"iceandfire:rotten_egg":1,"minecraft:gunpowder":8,"minecraft:spider_eye":4,"minecraft:string":6,"iceandfire:lightning_lily":1,"minecraft:rotten_flesh":12,"minecraft:apple":1,"minecraft:beef":8,"weaponmaster:tutorialbook":1,"minecraft:oak_sapling":2,"minecraft:mutton":6,"minecraft:oak_planks":8,"minecraft:white_wool":4,"minecraft:wooden_axe":1,"minecraft:egg":8},"minecraft:custom":{"minecraft:time_since_rest":4871,"minecraft:sprint_one_cm":123352,"minecraft:damage_taken":420,"minecraft:walk_one_cm":87215,"minecraft:mob_kills":26,"minecraft:damage_dealt":3482,"minecraft:damage_dealt_absorbed":72,"minecraft:interact_with_crafting_table":1,"minecraft:fly_one_cm":160363,"minecraft:crouch_one_cm":6425,"minecraft:play_time":16442,"minecraft:deaths":1,"minecraft:sneak_time":680,"minecraft:jump":367,"minecraft:time_since_death":4839,"minecraft:total_world_time":16442,"minecraft:fall_one_cm":9930}},"DataVersion":3465}