{"stats":{"minecraft:used":{"minecraft:stone_sword":258,"minecraft:chest":1,"minecraft:cooked_salmon":8,"weaponmaster:workstation":1,"minecraft:cooked_chicken":3,"minecraft:rotten_flesh":13,"minecraft:torch":32,"minecraft:dirt":5,"minecraft:mutton":4,"minecraft:wooden_axe":19,"iceandfire:dragon_bone_wall":1,"minecraft:beef":2,"minecraft:furnace":3,"minecraft:cooked_beef":3,"minecraft:cooked_mutton":7,"minecraft:water_bucket":82,"epicfight:skillbook":5,"minecraft:stone_pickaxe":267,"minecraft:wooden_pickaxe":8,"minecraft:birch_boat":1,"minecraft:salmon":9,"minecraft:crafting_table":5,"epicfight:stone_spear":18,"minecraft:iron_pickaxe":1,"travelersbackpack:white_sleeping_bag":1,"minecraft:stone_axe":14,"minecraft:cobblestone":16,"minecraft:porkchop":2,"minecraft:cooked_porkchop":10,"minecraft:chain":2,"minecraft:bucket":83,"minecraft:experience_bottle":199},"minecraft:picked_up":{"minecraft:wooden_axe":1,"irons_spellbooks:scroll":18,"minecraft:crafting_table":6,"minecraft:chicken":3,"minecraft:clay_ball":256,"minecraft:wooden_pickaxe":1,"minecraft:potion":1,"minecraft:chain":5,"minecraft:cornflower":2,"minecraft:string":46,"minecraft:moss_carpet":1,"minecraft:raw_copper":10,"irons_spellbooks:arcane_essence":24,"minecraft:cobbled_deepslate":32,"minecraft:bucket":1,"minecraft:beef":4,"minecraft:iron_pickaxe":3,"minecraft:furnace":2,"minecraft:egg":1,"minecraft:stick":9,"minecraft:raw_iron":68,"iceandfire:dragonbone":38,"minecraft:copper_ingot":43,"minecraft:big_dripleaf":2,"minecraft:torch":41,"epicfight:skillbook":7,"minecraft:porkchop":12,"minecraft:diorite":6,"minecraft:arrow":65,"minecraft:stone_sword":3,"minecraft:rotten_flesh":33,"minecraft:glow_berries":12,"minecraft:mutton":15,"minecraft:white_wool":35,"minecraft:cobblestone":351,"minecraft:birch_log":11,"epicfight:stone_spear":1,"minecraft:feather":16,"minecraft:cooked_beef":1,"iceandfire:sea_serpent_fang":16,"minecraft:water_bucket":2,"minecraft:salmon":27,"minecraft:leather":2,"minecraft:filled_map":3,"minecraft:birch_planks":81,"minecraft:gunpowder":26,"minecraft:paper":8,"minecraft:dirt":61,"minecraft:bone":50,"minecraft:wheat_seeds":23,"minecraft:stone_pickaxe":2,"minecraft:iron_ingot":137,"weaponmaster:tutorialbook":10,"minecraft:moss_block":4,"iceandfire:sea_serpent_scales_deepblue":10,"minecraft:oak_planks":1,"minecraft:birch_boat":4,"iceandfire:ash":1,"minecraft:sand":1,"minecraft:grass_block":1,"minecraft:spider_eye":4,"rpgsmw:class_choose_orb":1,"travelersbackpack:white_sleeping_bag":1,"minecraft:stone_axe":3,"minecraft:granite":22,"iceandfire:sea_serpent_scales_red":8,"minecraft:bone_meal":1,"minecraft:coal":198,"minecraft:ender_pearl":4},"minecraft:mined":{"minecraft:granite":11,"minecraft:grass_block":8,"travelersbackpack:white_sleeping_bag":1,"minecraft:moss_block":4,"minecraft:furnace":2,"minecraft:iron_ore":19,"minecraft:deepslate_iron_ore":18,"minecraft:stone":112,"minecraft:clay":16,"minecraft:crafting_table":4,"minecraft:torch":8,"minecraft:tall_grass":1,"minecraft:copper_ore":3,"minecraft:cobblestone":13,"minecraft:oak_planks":2,"minecraft:diorite":3,"minecraft:wall_torch":4,"minecraft:big_dripleaf":1,"minecraft:chain":1,"minecraft:birch_log":10,"minecraft:birch_leaves":11,"minecraft:grass":1,"minecraft:coal_ore":57,"minecraft:sand":2,"minecraft:dirt":9,"minecraft:oak_leaves":13,"minecraft:deepslate":8},"minecraft:custom":{"minecraft:mob_kills":103,"minecraft:interact_with_crafting_table":26,"minecraft:leave_game":4,"minecraft:time_since_death":52628,"minecraft:climb_one_cm":1385,"minecraft:sprint_one_cm":495470,"minecraft:walk_one_cm":893014,"minecraft:drop":62,"minecraft:damage_dealt_absorbed":306,"minecraft:play_time":174296,"minecraft:deaths":4,"minecraft:sneak_time":12811,"minecraft:walk_under_water_one_cm":221440,"minecraft:boat_one_cm":50974,"minecraft:jump":1578,"minecraft:walk_on_water_one_cm":315742,"minecraft:total_world_time":174296,"minecraft:interact_with_furnace":42,"minecraft:sleep_in_bed":1,"minecraft:time_since_rest":39524,"minecraft:waystone_activated":3,"minecraft:damage_taken":3060,"minecraft:damage_absorbed":6927,"minecraft:damage_dealt":15344,"minecraft:swim_one_cm":343952,"minecraft:fly_one_cm":308061,"minecraft:open_chest":15,"minecraft:crouch_one_cm":64673,"minecraft:fall_one_cm":30361},"minecraft:broken":{"minecraft:stone_sword":2,"minecraft:stone_pickaxe":1,"epicfight:stone_spear":1},"minecraft:dropped":{"minecraft:iron_ingot":109,"minecraft:iron_sword":1,"minecraft:wheat_seeds":12,"weaponmaster:tutorialbook":7,"minecraft:cooked_porkchop":1,"minecraft:copper_ingot":2,"minecraft:stick":1,"irons_spellbooks:scroll":14,"minecraft:diorite":3,"minecraft:cornflower":2,"minecraft:wooden_axe":1,"minecraft:potion":1,"minecraft:bone_meal":1,"iceandfire:ash":1,"minecraft:paper":2,"minecraft:string":1,"iceandfire:dragonbone":8,"minecraft:moss_carpet":1,"minecraft:rotten_flesh":6,"minecraft:oak_planks":1,"minecraft:big_dripleaf":2,"minecraft:spider_eye":2,"minecraft:wooden_pickaxe":1,"minecraft:stone_pickaxe":1,"epicfight:skillbook":1,"minecraft:egg":1},"minecraft:crafted":{"iceandfire:dragon_bone_wall":1,"minecraft:birch_boat":1,"minecraft:cooked_chicken":3,"minecraft:cooked_mutton":7,"travelersbackpack:white_sleeping_bag":1,"minecraft:stone_pickaxe":3,"minecraft:chest":1,"minecraft:cooked_beef":2,"minecraft:cooked_porkchop":11,"minecraft:crafting_table":1,"minecraft:wooden_pickaxe":1,"minecraft:iron_sword":1,"minecraft:cooked_salmon":11,"minecraft:birch_planks":44,"minecraft:bucket":1,"minecraft:stone_axe":1,"minecraft:air":0,"minecraft:stick":4,"minecraft:iron_ingot":15,"minecraft:iron_pickaxe":1,"minecraft:wooden_axe":1,"minecraft:stone_sword":2,"minecraft:torch":16},"minecraft:killed":{"minecraft:spider":14,"minecraft:skeleton":20,"minecraft:chicken":3,"minecraft:drowned":1,"minecraft:pig":7,"minecraft:salmon":5,"irons_spellbooks:necromancer":2,"minecraft:creeper":6,"minecraft:sheep":9,"minecraft:zombie":29,"iceandfire:ghost":1,"minecraft:cow":2,"minecraft:enderman":2,"iceandfire:sea_serpent":1}},"DataVersion":3465}