{"stats":{"minecraft:mined":{"minecraft:birch_log":5,"minecraft:grass":1},"minecraft:picked_up":{"minecraft:birch_log":5},"minecraft:custom":{"minecraft:jump":6,"minecraft:time_since_rest":1632,"minecraft:crouch_one_cm":481,"minecraft:leave_game":1,"minecraft:sprint_one_cm":5251,"minecraft:play_time":1632,"minecraft:damage_taken":80,"minecraft:time_since_death":1632,"minecraft:walk_one_cm":6958,"minecraft:sneak_time":105,"minecraft:total_world_time":1632,"minecraft:fall_one_cm":267,"minecraft:fly_one_cm":1612}},"DataVersion":3465}