{"stats":{"minecraft:killed":{"minecraft:spider":2,"minecraft:skeleton":7,"minecraft:chicken":2,"minecraft:zombie_villager":1,"minecraft:frog":1,"minecraft:creeper":1,"minecraft:sheep":4,"minecraft:pillager":4,"minecraft:zombie":11,"iceandfire:ghost":4,"minecraft:cow":7},"minecraft:crafted":{"minecraft:wooden_sword":1,"minecraft:furnace":1,"iceandfire:armor_copper_metal_leggings":1,"minecraft:cooked_mutton":3,"iceandfire:armor_copper_metal_helmet":1,"iceandfire:armor_copper_metal_boots":1,"minecraft:glass":7,"minecraft:stone_pickaxe":1,"iceandfire:armor_copper_metal_chestplate":1,"minecraft:cooked_beef":17,"minecraft:cooked_porkchop":5,"minecraft:crafting_table":1,"iceandfire:blindfold":1,"travelersbackpack:backpack_tank":1,"minecraft:wooden_pickaxe":1,"travelersbackpack:standard":1,"minecraft:copper_ingot":27,"minecraft:stone_axe":1,"minecraft:air":0,"minecraft:charcoal":2,"minecraft:stick":12,"minecraft:iron_ingot":11,"minecraft:wooden_axe":2,"minecraft:acacia_planks":48},"minecraft:used":{"minecraft:stone_sword":117,"minecraft:acacia_log":3,"iceandfire:armor_copper_metal_leggings":1,"minecraft:rotten_flesh":2,"minecraft:torch":6,"minecraft:wooden_axe":56,"iceandfire:copper_pickaxe":4,"minecraft:furnace":7,"minecraft:goat_horn":1,"iceandfire:armor_copper_metal_helmet":1,"minecraft:cooked_beef":8,"minecraft:acacia_planks":4,"minecraft:cooked_mutton":9,"minecraft:stone_pickaxe":76,"minecraft:wooden_pickaxe":13,"minecraft:crafting_table":6,"iceandfire:armor_copper_metal_chestplate":1,"minecraft:birch_slab":4,"travelersbackpack:white_sleeping_bag":2,"minecraft:stone_axe":60,"minecraft:wooden_sword":64,"minecraft:white_banner":1,"minecraft:cooked_porkchop":3},"minecraft:mined":{"iceandfire:silver_ore":1,"minecraft:jungle_slab":2,"minecraft:cobblestone_stairs":4,"minecraft:dark_oak_fence":9,"minecraft:acacia_log":36,"minecraft:grass_block":3,"travelersbackpack:white_sleeping_bag":2,"minecraft:furnace":7,"minecraft:iron_ore":1,"minecraft:stone":14,"minecraft:acacia_leaves":4,"minecraft:crafting_table":3,"minecraft:chest":1,"minecraft:copper_ore":8,"minecraft:tall_grass":4,"minecraft:skeleton_skull":4,"minecraft:birch_planks":16,"minecraft:white_wall_banner":1,"minecraft:grass":8,"minecraft:coal_ore":49,"minecraft:oak_log":12,"minecraft:dirt":5,"minecraft:sand":16,"minecraft:cobweb":3,"minecraft:netherrack":4},"minecraft:custom":{"minecraft:mob_kills":45,"minecraft:interact_with_crafting_table":26,"minecraft:time_since_death":24024,"minecraft:climb_one_cm":378,"minecraft:sprint_one_cm":147805,"minecraft:walk_one_cm":224818,"minecraft:drop":40,"minecraft:play_time":82971,"minecraft:deaths":2,"minecraft:sneak_time":4042,"minecraft:walk_under_water_one_cm":380,"minecraft:jump":1574,"minecraft:walk_on_water_one_cm":993,"minecraft:total_world_time":82971,"minecraft:interact_with_furnace":64,"minecraft:sleep_in_bed":1,"minecraft:time_since_rest":24054,"minecraft:damage_taken":2025,"minecraft:damage_dealt":8480,"minecraft:swim_one_cm":1570,"minecraft:fly_one_cm":278703,"minecraft:open_chest":25,"minecraft:crouch_one_cm":13312,"minecraft:aviate_one_cm":210697,"minecraft:fall_one_cm":43672},"minecraft:picked_up":{"minecraft:wooden_axe":1,"irons_spellbooks:scroll":1,"minecraft:charcoal":1,"minecraft:crafting_table":4,"minecraft:wheat":3,"minecraft:chicken":1,"minecraft:wooden_pickaxe":5,"iceandfire:armor_copper_metal_chestplate":1,"minecraft:enchanted_book":1,"minecraft:shield":1,"minecraft:string":7,"minecraft:raw_copper":34,"minecraft:experience_bottle":1,"minecraft:beef":8,"minecraft:chest":2,"minecraft:furnace":10,"minecraft:egg":3,"minecraft:stick":9,"minecraft:raw_iron":2,"iceandfire:copper_pickaxe":2,"iceandfire:armor_copper_metal_leggings":1,"minecraft:copper_ingot":48,"minecraft:torch":7,"minecraft:acacia_log":47,"iceandfire:armor_copper_metal_boots":2,"iceandfire:blindfold":3,"minecraft:stone_sword":1,"minecraft:arrow":11,"minecraft:rotten_flesh":8,"minecraft:mutton":9,"minecraft:skeleton_skull":8,"minecraft:white_wool":7,"minecraft:cobblestone":16,"minecraft:cooked_beef":11,"minecraft:birch_slab":8,"minecraft:brown_wool":1,"minecraft:leather":9,"minecraft:potato":3,"minecraft:birch_planks":6,"minecraft:oak_log":32,"iceandfire:ectoplasm":1,"minecraft:gunpowder":1,"iceandfire:armor_copper_metal_helmet":1,"minecraft:cobblestone_stairs":1,"minecraft:dirt":80,"minecraft:white_banner":3,"minecraft:cooked_mutton":14,"minecraft:glass":3,"minecraft:bone":6,"minecraft:acacia_planks":92,"minecraft:wheat_seeds":5,"minecraft:iron_ingot":4,"minecraft:stone_pickaxe":1,"minecraft:acacia_sapling":3,"minecraft:cooked_porkchop":2,"minecraft:sand":21,"minecraft:jungle_slab":1,"minecraft:dark_oak_log":5,"minecraft:spider_eye":1,"travelersbackpack:white_sleeping_bag":3,"minecraft:stone_axe":3,"iceandfire:gorgon_head":2,"minecraft:oak_sapling":2,"minecraft:netherrack":8,"minecraft:dark_oak_fence":6,"minecraft:coal":83,"iceandfire:raw_silver":2},"minecraft:broken":{"minecraft:wooden_sword":1,"minecraft:wooden_axe":1},"minecraft:dropped":{"minecraft:iron_ingot":1,"minecraft:wheat_seeds":5,"minecraft:coal":1,"minecraft:birch_slab":4,"minecraft:cobblestone_stairs":1,"iceandfire:blindfold":2,"minecraft:dark_oak_fence":6,"minecraft:torch":9,"iceandfire:armor_copper_metal_boots":3,"iceandfire:copper_pickaxe":1,"minecraft:sand":4,"minecraft:string":3,"minecraft:white_wool":1,"minecraft:bone":3,"minecraft:stone_axe":2,"minecraft:goat_horn":1,"minecraft:oak_sapling":1,"minecraft:acacia_sapling":3,"minecraft:spider_eye":1,"minecraft:arrow":9,"minecraft:wooden_pickaxe":3,"minecraft:netherrack":6}},"DataVersion":3465}