{"stats":{"minecraft:picked_up":{"minecraft:wooden_axe":3,"irons_spellbooks:scroll":6,"minecraft:charcoal":54,"minecraft:crafting_table":7,"minecraft:wheat":12,"minecraft:chicken":7,"irons_spellbooks:affinity_ring":8,"minecraft:leather_leggings":8,"minecraft:sentry_armor_trim_smithing_template":2,"minecraft:wooden_pickaxe":5,"iceandfire:armor_copper_metal_chestplate":3,"minecraft:enchanted_book":5,"minecraft:shield":2,"minecraft:string":25,"minecraft:raw_copper":34,"minecraft:armor_stand":1,"minecraft:experience_bottle":1,"minecraft:cracked_stone_bricks":9,"irons_spellbooks:arcane_essence":29,"minecraft:bucket":2,"minecraft:spruce_planks":16,"minecraft:beef":67,"irons_spellbooks:epic_ink":6,"minecraft:spruce_slab":1,"minecraft:chest":2,"minecraft:egg":52,"irons_spellbooks:inscription_table":1,"minecraft:furnace":32,"minecraft:raw_iron":21,"minecraft:stick":16,"minecraft:beehive":1,"iceandfire:copper_pickaxe":4,"irons_spellbooks:shriving_stone":4,"iceandfire:armor_copper_metal_leggings":6,"minecraft:copper_ingot":48,"minecraft:oak_fence":1,"minecraft:torch":21,"minecraft:acacia_log":136,"minecraft:porkchop":32,"iceandfire:rotten_egg":2,"iceandfire:armor_copper_metal_boots":3,"minecraft:carrot":35,"minecraft:golden_chestplate":2,"minecraft:goat_horn":2,"minecraft:dark_oak_planks":10,"iceandfire:blindfold":3,"minecraft:stone_sword":19,"minecraft:arrow":62,"minecraft:rotten_flesh":90,"travelersbackpack:chicken":3,"minecraft:blaze_rod":24,"minecraft:mutton":33,"minecraft:obsidian":8,"minecraft:white_wool":31,"minecraft:skeleton_skull":8,"irons_spellbooks:copper_spell_book":6,"minecraft:cobblestone":158,"minecraft:leather_chestplate":2,"minecraft:cooked_beef":22,"minecraft:feather":4,"minecraft:basalt":8,"minecraft:water_bucket":10,"minecraft:birch_slab":8,"minecraft:leather":38,"minecraft:brown_wool":5,"minecraft:birch_planks":6,"minecraft:potato":61,"minecraft:oak_log":131,"iceandfire:ectoplasm":5,"iceandfire:armor_copper_metal_helmet":3,"minecraft:acacia_boat":2,"minecraft:gunpowder":33,"minecraft:cobblestone_stairs":1,"minecraft:wooden_hoe":2,"minecraft:dirt":338,"minecraft:paper":25,"minecraft:white_banner":4,"irons_spellbooks:rare_ink":2,"minecraft:cooked_mutton":24,"irons_spellbooks:common_ink":2,"minecraft:glass":3,"minecraft:bone":60,"minecraft:acacia_planks":148,"bountiful:bounty":4,"minecraft:apple":13,"minecraft:stone_bricks":18,"minecraft:wheat_seeds":70,"minecraft:bell":3,"minecraft:iron_ingot":14,"minecraft:stone_pickaxe":6,"minecraft:cooked_chicken":5,"minecraft:oak_planks":87,"minecraft:acacia_sapling":3,"minecraft:book":64,"minecraft:cooked_porkchop":10,"minecraft:gravel":2,"minecraft:sand":22,"minecraft:jungle_slab":1,"minecraft:dark_oak_log":25,"minecraft:spider_eye":8,"minecraft:barrel":1,"travelersbackpack:white_sleeping_bag":3,"minecraft:sugar":1,"minecraft:diamond":1,"minecraft:stone_axe":5,"irons_spellbooks:divine_pearl":16,"iceandfire:lectern":7,"minecraft:polished_blackstone_button":1,"minecraft:crossbow":8,"minecraft:granite":14,"minecraft:gray_wool":4,"minecraft:emerald":1,"minecraft:bread":88,"iceandfire:gorgon_head":2,"minecraft:oak_sapling":4,"minecraft:netherrack":10,"irons_spellbooks:uncommon_ink":10,"minecraft:dark_oak_fence":9,"minecraft:coal":252,"minecraft:andesite_slab":8,"iceandfire:raw_silver":10},"minecraft:killed_by":{"minecraft:player":1,"irons_spellbooks:summoned_zombie":1,"irons_spellbooks:summoned_vex":1},"minecraft:custom":{"minecraft:mob_kills":189,"minecraft:animals_bred":16,"minecraft:interact_with_crafting_table":54,"minecraft:open_barrel":18,"minecraft:bell_ring":1,"minecraft:leave_game":2,"minecraft:time_since_death":2149,"minecraft:climb_one_cm":1264,"minecraft:sprint_one_cm":780980,"minecraft:walk_one_cm":967134,"minecraft:drop":174,"minecraft:talked_to_villager":15,"minecraft:play_time":352787,"minecraft:deaths":15,"minecraft:sneak_time":12218,"minecraft:walk_under_water_one_cm":8553,"minecraft:boat_one_cm":83675,"minecraft:jump":7182,"minecraft:walk_on_water_one_cm":23099,"minecraft:total_world_time":352787,"minecraft:interact_with_furnace":133,"minecraft:traded_with_villager":2,"minecraft:sleep_in_bed":9,"minecraft:time_since_rest":2177,"minecraft:waystone_activated":1,"minecraft:damage_taken":13980,"minecraft:trigger_trapped_chest":7,"minecraft:damage_dealt":29186,"minecraft:player_kills":2,"minecraft:swim_one_cm":21662,"minecraft:fly_one_cm":1508986,"minecraft:open_chest":57,"minecraft:crouch_one_cm":33636,"minecraft:aviate_one_cm":780171,"minecraft:fall_one_cm":215376,"minecraft:horse_one_cm":421031},"minecraft:dropped":{"minecraft:iron_ingot":1,"iceandfire:raw_silver":1,"travelersbackpack:cow":1,"minecraft:wheat_seeds":52,"minecraft:cobblestone":13,"minecraft:prismarine_crystals":6,"minecraft:leather":3,"minecraft:copper_ingot":2,"minecraft:birch_slab":4,"minecraft:coal":22,"minecraft:sentry_armor_trim_smithing_template":2,"minecraft:stick":2,"minecraft:cobblestone_stairs":1,"irons_spellbooks:scroll":1,"minecraft:dirt":5,"iceandfire:blindfold":2,"minecraft:dark_oak_fence":6,"minecraft:wooden_hoe":1,"minecraft:torch":10,"minecraft:brown_wool":1,"iceandfire:armor_copper_metal_boots":4,"minecraft:wooden_sword":1,"minecraft:bone_meal":3,"iceandfire:copper_pickaxe":3,"minecraft:sand":4,"minecraft:paper":7,"minecraft:string":5,"minecraft:white_wool":2,"minecraft:bucket":2,"minecraft:bone":14,"minecraft:stone_axe":3,"minecraft:goat_horn":1,"minecraft:cooked_chicken":1,"minecraft:golden_chestplate":1,"minecraft:stone_sword":1,"minecraft:rotten_flesh":1,"minecraft:oak_planks":20,"minecraft:leather_chestplate":3,"minecraft:shield":2,"iceandfire:rotten_egg":1,"minecraft:oak_sapling":3,"minecraft:acacia_sapling":3,"minecraft:leather_leggings":9,"minecraft:spider_eye":1,"minecraft:arrow":11,"minecraft:stone_pickaxe":1,"minecraft:wooden_pickaxe":3,"minecraft:netherrack":6,"minecraft:egg":8},"minecraft:mined":{"minecraft:spruce_planks":1,"iceandfire:silver_ore":3,"minecraft:jungle_slab":2,"minecraft:cobblestone_stairs":4,"minecraft:granite":7,"minecraft:dark_oak_fence":21,"minecraft:acacia_log":41,"minecraft:grass_block":19,"iceandfire:lectern":1,"travelersbackpack:white_sleeping_bag":2,"minecraft:large_fern":1,"minecraft:carrots":9,"minecraft:furnace":15,"minecraft:iron_ore":17,"minecraft:potatoes":8,"irons_spellbooks:inscription_table":1,"minecraft:stone":92,"minecraft:white_wool":2,"minecraft:acacia_leaves":4,"minecraft:basalt":4,"minecraft:oak_fence":1,"minecraft:torch":1,"minecraft:crafting_table":6,"minecraft:chest":1,"minecraft:andesite_slab":4,"minecraft:copper_ore":8,"minecraft:tall_grass":22,"minecraft:wall_torch":2,"minecraft:skeleton_skull":4,"minecraft:birch_planks":16,"minecraft:beehive":1,"minecraft:wheat":13,"minecraft:white_wall_banner":1,"minecraft:grass":66,"minecraft:coal_ore":63,"minecraft:oak_log":49,"minecraft:sand":17,"minecraft:gravel":1,"minecraft:dirt":43,"minecraft:cobweb":4,"minecraft:cracked_stone_bricks":6,"minecraft:acacia_planks":2,"minecraft:stone_bricks":15,"minecraft:netherrack":4,"minecraft:oak_leaves":3},"minecraft:killed":{"irons_spellbooks:summoned_zombie":5,"irons_spellbooks:pyromancer":1,"minecraft:spider":13,"minecraft:skeleton":24,"minecraft:chicken":5,"irons_spellbooks:summoned_skeleton":3,"minecraft:skeleton_horse":4,"minecraft:pig":8,"minecraft:zombie_villager":1,"minecraft:frog":1,"irons_spellbooks:necromancer":1,"minecraft:creeper":2,"minecraft:sheep":15,"minecraft:pillager":17,"irons_spellbooks:summoned_vex":4,"minecraft:zombie":41,"iceandfire:ghost":14,"minecraft:cow":18},"minecraft:used":{"iceandfire:lectern":1,"minecraft:oak_fence":1,"minecraft:acacia_log":6,"minecraft:stone_sword":605,"iceandfire:armor_copper_metal_leggings":2,"minecraft:spruce_slab":1,"minecraft:chest":2,"minecraft:spruce_planks":5,"minecraft:cooked_chicken":6,"minecraft:rotten_flesh":26,"minecraft:torch":20,"minecraft:dirt":48,"minecraft:carrot":31,"minecraft:beehive":1,"minecraft:wooden_axe":83,"iceandfire:copper_pickaxe":4,"minecraft:beef":2,"minecraft:goat_horn":1,"minecraft:furnace":13,"iceandfire:armor_copper_metal_helmet":2,"minecraft:potato":18,"minecraft:cooked_beef":25,"minecraft:acacia_planks":34,"minecraft:cooked_mutton":30,"minecraft:water_bucket":12,"minecraft:acacia_boat":4,"travelersbackpack:cow":5,"minecraft:baked_potato":11,"minecraft:stone_pickaxe":239,"minecraft:oak_planks":17,"minecraft:wooden_pickaxe":13,"minecraft:sand":1,"minecraft:crafting_table":11,"travelersbackpack:chicken":1,"minecraft:white_bed":1,"minecraft:wooden_hoe":22,"minecraft:apple":3,"iceandfire:armor_copper_metal_chestplate":2,"minecraft:birch_slab":4,"minecraft:bread":35,"minecraft:brown_wool":2,"travelersbackpack:white_sleeping_bag":2,"minecraft:stone_axe":119,"minecraft:dark_oak_fence":3,"minecraft:porkchop":3,"minecraft:wooden_sword":140,"minecraft:cobblestone":48,"minecraft:white_banner":2,"minecraft:cooked_porkchop":5,"minecraft:bucket":13,"minecraft:polished_blackstone_button":1,"irons_spellbooks:inscription_table":1},"minecraft:crafted":{"minecraft:wooden_sword":3,"minecraft:oak_planks":36,"minecraft:leather_leggings":2,"minecraft:cooked_chicken":7,"minecraft:furnace":2,"iceandfire:armor_copper_metal_leggings":1,"minecraft:bone_meal":3,"minecraft:cooked_mutton":16,"iceandfire:armor_copper_metal_boots":1,"iceandfire:armor_copper_metal_helmet":1,"minecraft:glass":7,"iceandfire:armor_copper_metal_chestplate":1,"minecraft:stone_pickaxe":2,"minecraft:chest":2,"minecraft:cooked_beef":30,"iceandfire:silver_ingot":7,"irons_spellbooks:copper_spell_book":1,"minecraft:cooked_porkchop":15,"minecraft:crafting_table":2,"iceandfire:blindfold":1,"travelersbackpack:backpack_tank":1,"minecraft:wooden_pickaxe":1,"minecraft:baked_potato":11,"travelersbackpack:standard":1,"minecraft:copper_ingot":27,"minecraft:stone_axe":1,"minecraft:acacia_boat":2,"minecraft:air":0,"minecraft:wooden_hoe":2,"minecraft:charcoal":2,"minecraft:stick":16,"minecraft:iron_ingot":35,"minecraft:iron_pickaxe":1,"minecraft:wooden_axe":3,"minecraft:stone_sword":4,"minecraft:white_bed":1,"minecraft:acacia_planks":48,"minecraft:torch":16},"minecraft:broken":{"minecraft:stone_sword":4,"minecraft:stone_pickaxe":1,"iceandfire:armor_copper_metal_leggings":2,"minecraft:wooden_sword":2,"minecraft:stone_axe":1,"minecraft:wooden_axe":1,"iceandfire:armor_copper_metal_helmet":1}},"DataVersion":3465}