{"stats":{"minecraft:killed":{"irons_spellbooks:summoned_zombie":2,"irons_spellbooks:pyromancer":1,"minecraft:spider":2,"minecraft:skeleton":7,"minecraft:chicken":4,"irons_spellbooks:summoned_skeleton":1,"minecraft:zombie_villager":1,"minecraft:frog":1,"minecraft:creeper":1,"minecraft:sheep":5,"minecraft:pillager":4,"minecraft:zombie":17,"iceandfire:ghost":13,"minecraft:cow":9},"minecraft:crafted":{"minecraft:wooden_sword":2,"minecraft:cooked_chicken":3,"minecraft:furnace":1,"iceandfire:armor_copper_metal_leggings":1,"minecraft:bone_meal":3,"minecraft:cooked_mutton":5,"iceandfire:armor_copper_metal_helmet":1,"iceandfire:armor_copper_metal_boots":1,"minecraft:glass":7,"minecraft:stone_pickaxe":1,"iceandfire:armor_copper_metal_chestplate":1,"minecraft:cooked_beef":20,"minecraft:cooked_porkchop":5,"minecraft:crafting_table":1,"iceandfire:blindfold":1,"travelersbackpack:backpack_tank":1,"minecraft:wooden_pickaxe":1,"travelersbackpack:standard":1,"minecraft:copper_ingot":27,"minecraft:stone_axe":1,"minecraft:air":0,"minecraft:wooden_hoe":1,"minecraft:charcoal":2,"minecraft:stick":12,"minecraft:iron_ingot":11,"minecraft:wooden_axe":2,"minecraft:stone_sword":3,"minecraft:white_bed":1,"minecraft:acacia_planks":48},"minecraft:killed_by":{"irons_spellbooks:summoned_zombie":1},"minecraft:used":{"iceandfire:lectern":1,"minecraft:stone_sword":258,"minecraft:acacia_log":3,"iceandfire:armor_copper_metal_leggings":1,"minecraft:spruce_slab":1,"minecraft:spruce_planks":5,"minecraft:cooked_chicken":3,"minecraft:rotten_flesh":2,"minecraft:torch":6,"minecraft:dirt":5,"minecraft:beehive":1,"minecraft:wooden_axe":56,"iceandfire:copper_pickaxe":4,"minecraft:furnace":12,"minecraft:goat_horn":1,"iceandfire:armor_copper_metal_helmet":2,"minecraft:potato":3,"minecraft:cooked_beef":16,"minecraft:acacia_planks":28,"minecraft:cooked_mutton":16,"minecraft:water_bucket":5,"travelersbackpack:cow":3,"minecraft:stone_pickaxe":91,"minecraft:wooden_pickaxe":13,"minecraft:crafting_table":8,"minecraft:white_bed":1,"minecraft:wooden_hoe":3,"iceandfire:armor_copper_metal_chestplate":1,"minecraft:birch_slab":4,"minecraft:brown_wool":1,"travelersbackpack:white_sleeping_bag":2,"minecraft:stone_axe":63,"minecraft:wooden_sword":76,"minecraft:white_banner":1,"minecraft:cooked_porkchop":3,"minecraft:bucket":6,"minecraft:polished_blackstone_button":1},"minecraft:mined":{"minecraft:spruce_planks":1,"iceandfire:silver_ore":1,"minecraft:jungle_slab":2,"minecraft:cobblestone_stairs":4,"minecraft:dark_oak_fence":9,"minecraft:acacia_log":36,"minecraft:grass_block":9,"iceandfire:lectern":1,"travelersbackpack:white_sleeping_bag":2,"minecraft:furnace":14,"minecraft:iron_ore":1,"irons_spellbooks:inscription_table":1,"minecraft:stone":14,"minecraft:acacia_leaves":4,"minecraft:basalt":4,"minecraft:crafting_table":4,"minecraft:chest":1,"minecraft:andesite_slab":4,"minecraft:copper_ore":8,"minecraft:tall_grass":9,"minecraft:skeleton_skull":4,"minecraft:birch_planks":16,"minecraft:beehive":1,"minecraft:white_wall_banner":1,"minecraft:grass":14,"minecraft:coal_ore":49,"minecraft:oak_log":12,"minecraft:dirt":17,"minecraft:sand":16,"minecraft:cobweb":3,"minecraft:netherrack":4},"minecraft:custom":{"minecraft:mob_kills":70,"minecraft:interact_with_crafting_table":37,"minecraft:open_barrel":15,"minecraft:time_since_death":4412,"minecraft:climb_one_cm":378,"minecraft:sprint_one_cm":288950,"minecraft:walk_one_cm":382527,"minecraft:drop":67,"minecraft:play_time":130971,"minecraft:deaths":4,"minecraft:sneak_time":4994,"minecraft:walk_under_water_one_cm":1860,"minecraft:jump":2345,"minecraft:walk_on_water_one_cm":10067,"minecraft:total_world_time":130971,"minecraft:interact_with_furnace":76,"minecraft:sleep_in_bed":3,"minecraft:time_since_rest":4444,"minecraft:waystone_activated":1,"minecraft:damage_taken":3366,"minecraft:trigger_trapped_chest":6,"minecraft:damage_dealt":13804,"minecraft:swim_one_cm":2092,"minecraft:fly_one_cm":410906,"minecraft:open_chest":27,"minecraft:crouch_one_cm":15750,"minecraft:aviate_one_cm":269791,"minecraft:fall_one_cm":59853},"minecraft:picked_up":{"minecraft:wooden_axe":1,"irons_spellbooks:scroll":5,"minecraft:charcoal":21,"minecraft:crafting_table":5,"minecraft:wheat":3,"minecraft:chicken":3,"irons_spellbooks:affinity_ring":2,"minecraft:wooden_pickaxe":5,"iceandfire:armor_copper_metal_chestplate":3,"minecraft:enchanted_book":1,"minecraft:shield":1,"minecraft:string":11,"minecraft:raw_copper":34,"minecraft:experience_bottle":1,"irons_spellbooks:arcane_essence":6,"minecraft:bucket":2,"minecraft:spruce_planks":16,"minecraft:beef":15,"irons_spellbooks:epic_ink":2,"minecraft:spruce_slab":1,"minecraft:chest":2,"irons_spellbooks:inscription_table":1,"minecraft:furnace":20,"minecraft:egg":22,"minecraft:beehive":1,"minecraft:stick":13,"minecraft:raw_iron":2,"iceandfire:copper_pickaxe":2,"iceandfire:armor_copper_metal_leggings":3,"minecraft:copper_ingot":48,"minecraft:torch":7,"minecraft:acacia_log":83,"minecraft:porkchop":6,"iceandfire:rotten_egg":1,"iceandfire:armor_copper_metal_boots":2,"iceandfire:blindfold":3,"minecraft:stone_sword":7,"minecraft:arrow":15,"minecraft:rotten_flesh":30,"minecraft:blaze_rod":8,"minecraft:obsidian":8,"minecraft:mutton":10,"minecraft:skeleton_skull":8,"minecraft:white_wool":11,"minecraft:cobblestone":35,"minecraft:basalt":8,"minecraft:cooked_beef":22,"minecraft:water_bucket":1,"minecraft:birch_slab":8,"minecraft:brown_wool":3,"minecraft:leather":13,"minecraft:potato":3,"minecraft:birch_planks":6,"minecraft:oak_log":52,"iceandfire:ectoplasm":5,"minecraft:gunpowder":33,"iceandfire:armor_copper_metal_helmet":3,"minecraft:cobblestone_stairs":1,"minecraft:dirt":206,"minecraft:paper":12,"minecraft:white_banner":3,"irons_spellbooks:rare_ink":2,"minecraft:cooked_mutton":18,"irons_spellbooks:common_ink":2,"minecraft:glass":3,"minecraft:bone":11,"minecraft:acacia_planks":122,"minecraft:wheat_seeds":5,"minecraft:iron_ingot":4,"minecraft:stone_pickaxe":2,"minecraft:cooked_chicken":4,"minecraft:acacia_sapling":3,"minecraft:cooked_porkchop":4,"minecraft:sand":21,"minecraft:jungle_slab":1,"minecraft:dark_oak_log":15,"minecraft:spider_eye":1,"travelersbackpack:white_sleeping_bag":3,"minecraft:stone_axe":3,"iceandfire:lectern":3,"minecraft:polished_blackstone_button":1,"minecraft:emerald":1,"iceandfire:gorgon_head":2,"minecraft:oak_sapling":2,"irons_spellbooks:uncommon_ink":2,"minecraft:netherrack":10,"minecraft:dark_oak_fence":6,"minecraft:coal":131,"minecraft:andesite_slab":8,"iceandfire:raw_silver":4},"minecraft:broken":{"minecraft:stone_sword":1,"minecraft:wooden_sword":1,"minecraft:wooden_axe":1},"minecraft:dropped":{"minecraft:iron_ingot":1,"minecraft:wheat_seeds":5,"minecraft:cobblestone":13,"minecraft:leather":3,"minecraft:coal":1,"minecraft:birch_slab":4,"minecraft:cobblestone_stairs":1,"iceandfire:blindfold":2,"minecraft:wooden_hoe":1,"minecraft:dark_oak_fence":6,"minecraft:torch":9,"iceandfire:armor_copper_metal_boots":3,"minecraft:wooden_sword":1,"minecraft:bone_meal":3,"iceandfire:copper_pickaxe":2,"minecraft:sand":4,"minecraft:string":3,"minecraft:bucket":2,"minecraft:white_wool":2,"minecraft:bone":14,"minecraft:stone_axe":2,"minecraft:goat_horn":1,"minecraft:cooked_chicken":1,"iceandfire:rotten_egg":1,"minecraft:oak_sapling":1,"minecraft:acacia_sapling":3,"minecraft:spider_eye":1,"minecraft:arrow":9,"minecraft:wooden_pickaxe":3,"minecraft:netherrack":6,"minecraft:egg":1}},"DataVersion":3465}