{"stats":{"minecraft:killed":{"irons_spellbooks:summoned_zombie":2,"irons_spellbooks:pyromancer":1,"minecraft:spider":3,"minecraft:skeleton":9,"minecraft:chicken":4,"irons_spellbooks:summoned_skeleton":1,"minecraft:skeleton_horse":1,"minecraft:zombie_villager":1,"minecraft:frog":1,"minecraft:creeper":1,"minecraft:sheep":8,"minecraft:pillager":15,"irons_spellbooks:summoned_vex":4,"minecraft:zombie":19,"iceandfire:ghost":13,"minecraft:cow":12},"minecraft:crafted":{"minecraft:wooden_sword":2,"minecraft:cooked_chicken":3,"minecraft:furnace":1,"iceandfire:armor_copper_metal_leggings":1,"minecraft:bone_meal":3,"minecraft:cooked_mutton":5,"iceandfire:armor_copper_metal_helmet":1,"iceandfire:armor_copper_metal_boots":1,"minecraft:glass":7,"minecraft:stone_pickaxe":1,"iceandfire:armor_copper_metal_chestplate":1,"minecraft:cooked_beef":20,"irons_spellbooks:copper_spell_book":1,"minecraft:cooked_porkchop":5,"minecraft:crafting_table":1,"iceandfire:blindfold":1,"travelersbackpack:backpack_tank":1,"minecraft:wooden_pickaxe":1,"travelersbackpack:standard":1,"minecraft:copper_ingot":27,"minecraft:stone_axe":1,"minecraft:air":0,"minecraft:wooden_hoe":1,"minecraft:charcoal":2,"minecraft:stick":12,"minecraft:iron_ingot":11,"minecraft:wooden_axe":2,"minecraft:stone_sword":3,"minecraft:white_bed":1,"minecraft:acacia_planks":48},"minecraft:killed_by":{"irons_spellbooks:summoned_zombie":1},"minecraft:used":{"iceandfire:lectern":1,"minecraft:stone_sword":373,"minecraft:acacia_log":6,"iceandfire:armor_copper_metal_leggings":2,"minecraft:spruce_slab":1,"minecraft:spruce_planks":5,"minecraft:cooked_chicken":3,"minecraft:rotten_flesh":4,"minecraft:torch":6,"minecraft:dirt":33,"minecraft:beehive":1,"minecraft:wooden_axe":56,"iceandfire:copper_pickaxe":4,"minecraft:beef":2,"minecraft:furnace":12,"minecraft:goat_horn":1,"iceandfire:armor_copper_metal_helmet":2,"minecraft:potato":3,"minecraft:cooked_beef":17,"minecraft:acacia_planks":28,"minecraft:cooked_mutton":19,"minecraft:water_bucket":7,"travelersbackpack:cow":3,"minecraft:stone_pickaxe":91,"minecraft:oak_planks":17,"minecraft:wooden_pickaxe":13,"minecraft:crafting_table":8,"minecraft:white_bed":1,"minecraft:wooden_hoe":3,"minecraft:apple":1,"iceandfire:armor_copper_metal_chestplate":2,"minecraft:birch_slab":4,"minecraft:bread":35,"minecraft:brown_wool":1,"travelersbackpack:white_sleeping_bag":2,"minecraft:stone_axe":69,"minecraft:wooden_sword":76,"minecraft:white_banner":2,"minecraft:cooked_porkchop":5,"minecraft:bucket":8,"minecraft:polished_blackstone_button":1,"irons_spellbooks:inscription_table":1},"minecraft:mined":{"minecraft:spruce_planks":1,"iceandfire:silver_ore":1,"minecraft:jungle_slab":2,"minecraft:cobblestone_stairs":4,"minecraft:dark_oak_fence":15,"minecraft:acacia_log":36,"minecraft:grass_block":12,"iceandfire:lectern":1,"travelersbackpack:white_sleeping_bag":2,"minecraft:furnace":14,"minecraft:iron_ore":1,"irons_spellbooks:inscription_table":1,"minecraft:stone":14,"minecraft:acacia_leaves":4,"minecraft:basalt":4,"minecraft:crafting_table":4,"minecraft:chest":1,"minecraft:andesite_slab":4,"minecraft:copper_ore":8,"minecraft:tall_grass":13,"minecraft:skeleton_skull":4,"minecraft:birch_planks":16,"minecraft:beehive":1,"minecraft:white_wall_banner":1,"minecraft:grass":30,"minecraft:coal_ore":49,"minecraft:oak_log":12,"minecraft:dirt":32,"minecraft:sand":16,"minecraft:cobweb":4,"minecraft:netherrack":4},"minecraft:custom":{"minecraft:mob_kills":100,"minecraft:interact_with_crafting_table":41,"minecraft:open_barrel":18,"minecraft:time_since_death":5350,"minecraft:climb_one_cm":1056,"minecraft:sprint_one_cm":431297,"minecraft:walk_one_cm":527674,"minecraft:drop":113,"minecraft:talked_to_villager":5,"minecraft:play_time":190971,"minecraft:deaths":10,"minecraft:sneak_time":7337,"minecraft:walk_under_water_one_cm":3102,"minecraft:jump":3698,"minecraft:walk_on_water_one_cm":15427,"minecraft:total_world_time":190971,"minecraft:interact_with_furnace":76,"minecraft:sleep_in_bed":5,"minecraft:time_since_rest":5390,"minecraft:waystone_activated":1,"minecraft:damage_taken":8129,"minecraft:trigger_trapped_chest":6,"minecraft:damage_dealt":18422,"minecraft:swim_one_cm":7702,"minecraft:fly_one_cm":732643,"minecraft:player_kills":1,"minecraft:open_chest":33,"minecraft:crouch_one_cm":22419,"minecraft:aviate_one_cm":551663,"minecraft:fall_one_cm":104618},"minecraft:picked_up":{"minecraft:wooden_axe":1,"irons_spellbooks:scroll":5,"minecraft:charcoal":54,"minecraft:crafting_table":5,"minecraft:wheat":3,"minecraft:chicken":6,"minecraft:sentry_armor_trim_smithing_template":2,"minecraft:leather_leggings":6,"irons_spellbooks:affinity_ring":6,"minecraft:wooden_pickaxe":5,"iceandfire:armor_copper_metal_chestplate":3,"minecraft:enchanted_book":5,"minecraft:shield":2,"minecraft:string":13,"minecraft:raw_copper":34,"minecraft:experience_bottle":1,"minecraft:cracked_stone_bricks":4,"irons_spellbooks:arcane_essence":21,"minecraft:bucket":2,"minecraft:spruce_planks":16,"minecraft:beef":51,"irons_spellbooks:epic_ink":6,"minecraft:spruce_slab":1,"minecraft:chest":2,"irons_spellbooks:inscription_table":1,"minecraft:furnace":29,"minecraft:egg":39,"minecraft:beehive":1,"minecraft:stick":13,"minecraft:raw_iron":5,"iceandfire:copper_pickaxe":4,"irons_spellbooks:shriving_stone":4,"iceandfire:armor_copper_metal_leggings":6,"minecraft:copper_ingot":48,"minecraft:torch":7,"minecraft:acacia_log":131,"minecraft:porkchop":6,"iceandfire:rotten_egg":2,"iceandfire:armor_copper_metal_boots":3,"minecraft:golden_chestplate":2,"minecraft:dark_oak_planks":10,"iceandfire:blindfold":3,"minecraft:stone_sword":17,"minecraft:arrow":43,"minecraft:rotten_flesh":35,"minecraft:blaze_rod":24,"minecraft:obsidian":8,"minecraft:mutton":16,"irons_spellbooks:copper_spell_book":4,"minecraft:skeleton_skull":8,"minecraft:white_wool":15,"minecraft:cobblestone":35,"minecraft:feather":4,"minecraft:leather_chestplate":2,"minecraft:basalt":8,"minecraft:cooked_beef":22,"minecraft:water_bucket":6,"minecraft:birch_slab":8,"minecraft:brown_wool":3,"minecraft:leather":20,"minecraft:potato":41,"minecraft:birch_planks":6,"minecraft:oak_log":72,"iceandfire:ectoplasm":5,"minecraft:gunpowder":33,"iceandfire:armor_copper_metal_helmet":3,"minecraft:cobblestone_stairs":1,"minecraft:dirt":224,"minecraft:paper":25,"minecraft:white_banner":4,"irons_spellbooks:rare_ink":2,"minecraft:cooked_mutton":24,"irons_spellbooks:common_ink":2,"minecraft:glass":3,"minecraft:bone":25,"bountiful:bounty":4,"minecraft:acacia_planks":122,"minecraft:apple":12,"minecraft:wheat_seeds":13,"minecraft:bell":3,"minecraft:iron_ingot":4,"minecraft:stone_pickaxe":4,"minecraft:cooked_chicken":4,"minecraft:oak_planks":65,"minecraft:acacia_sapling":3,"minecraft:book":64,"minecraft:cooked_porkchop":4,"minecraft:sand":21,"minecraft:jungle_slab":1,"minecraft:dark_oak_log":25,"minecraft:spider_eye":1,"travelersbackpack:white_sleeping_bag":3,"irons_spellbooks:divine_pearl":16,"minecraft:stone_axe":5,"iceandfire:lectern":7,"minecraft:polished_blackstone_button":1,"minecraft:crossbow":7,"minecraft:gray_wool":4,"minecraft:bread":88,"minecraft:emerald":1,"iceandfire:gorgon_head":2,"minecraft:oak_sapling":2,"irons_spellbooks:uncommon_ink":10,"minecraft:netherrack":10,"minecraft:dark_oak_fence":6,"minecraft:coal":227,"minecraft:andesite_slab":8,"iceandfire:raw_silver":8},"minecraft:broken":{"minecraft:stone_sword":2,"iceandfire:armor_copper_metal_leggings":2,"minecraft:wooden_sword":1,"minecraft:wooden_axe":1,"iceandfire:armor_copper_metal_helmet":1},"minecraft:dropped":{"minecraft:iron_ingot":1,"iceandfire:raw_silver":1,"travelersbackpack:cow":1,"minecraft:wheat_seeds":10,"minecraft:cobblestone":13,"minecraft:leather":3,"minecraft:copper_ingot":2,"minecraft:coal":1,"minecraft:birch_slab":4,"minecraft:sentry_armor_trim_smithing_template":2,"minecraft:cobblestone_stairs":1,"minecraft:dirt":5,"iceandfire:blindfold":2,"minecraft:wooden_hoe":1,"minecraft:dark_oak_fence":6,"minecraft:torch":9,"minecraft:brown_wool":1,"iceandfire:armor_copper_metal_boots":4,"minecraft:wooden_sword":1,"minecraft:bone_meal":3,"iceandfire:copper_pickaxe":3,"minecraft:sand":4,"minecraft:paper":7,"minecraft:string":5,"minecraft:bucket":2,"minecraft:white_wool":2,"minecraft:bone":14,"minecraft:stone_axe":3,"minecraft:goat_horn":1,"minecraft:cooked_chicken":1,"minecraft:golden_chestplate":1,"minecraft:stone_sword":1,"minecraft:rotten_flesh":1,"minecraft:leather_chestplate":3,"minecraft:shield":2,"iceandfire:rotten_egg":1,"minecraft:oak_sapling":1,"minecraft:acacia_sapling":3,"minecraft:leather_leggings":9,"minecraft:spider_eye":1,"minecraft:stone_pickaxe":1,"minecraft:arrow":11,"minecraft:wooden_pickaxe":3,"minecraft:netherrack":6,"minecraft:egg":1}},"DataVersion":3465}