{"stats":{"minecraft:used":{"minecraft:wooden_axe":1,"minecraft:wooden_sword":11,"minecraft:crafting_table":1},"minecraft:mined":{"minecraft:grass":3,"minecraft:oak_log":6,"minecraft:crafting_table":1,"minecraft:oak_leaves":1},"minecraft:killed":{"minecraft:spider":1,"minecraft:zombie":1,"minecraft:chicken":3,"minecraft:cow":1},"minecraft:crafted":{"minecraft:wooden_sword":1,"minecraft:oak_planks":24,"minecraft:crafting_table":1,"minecraft:stick":4,"minecraft:wooden_pickaxe":1,"minecraft:wooden_axe":1},"minecraft:picked_up":{"minecraft:feather":2,"minecraft:crafting_table":1,"minecraft:chicken":2,"minecraft:rotten_flesh":2,"minecraft:apple":1,"minecraft:potato":1,"minecraft:beef":3,"minecraft:oak_log":6,"minecraft:spider_eye":1},"minecraft:custom":{"minecraft:time_since_rest":4442,"minecraft:crouch_one_cm":3577,"minecraft:play_time":4442,"minecraft:sprint_one_cm":17819,"minecraft:damage_taken":20,"minecraft:walk_one_cm":22659,"minecraft:sneak_time":366,"minecraft:mob_kills":6,"minecraft:jump":47,"minecraft:damage_dealt":579,"minecraft:time_since_death":4442,"minecraft:total_world_time":4442,"minecraft:damage_dealt_absorbed":18,"minecraft:interact_with_crafting_table":1,"minecraft:fall_one_cm":1103,"minecraft:fly_one_cm":19347}},"DataVersion":3465}