{"stats":{"minecraft:used":{"minecraft:cooked_mutton":5,"minecraft:stone_sword":94,"minecraft:birch_planks":3,"minecraft:stone_pickaxe":24,"minecraft:wooden_pickaxe":13,"minecraft:cooked_chicken":2,"minecraft:rotten_flesh":3,"minecraft:dirt":1,"minecraft:crafting_table":3,"epicfight:stone_spear":40,"minecraft:wooden_axe":15,"minecraft:wooden_hoe":2,"travelersbackpack:white_sleeping_bag":1,"minecraft:gravel":8,"minecraft:beef":2,"minecraft:furnace":2,"minecraft:cooked_porkchop":6,"minecraft:cooked_beef":1},"minecraft:picked_up":{"minecraft:birch_log":19,"minecraft:crafting_table":2,"epicfight:stone_spear":1,"minecraft:feather":5,"minecraft:chicken":3,"minecraft:leather":8,"minecraft:birch_planks":2,"minecraft:flint":2,"minecraft:gunpowder":2,"minecraft:dirt":19,"minecraft:string":9,"minecraft:bone":5,"minecraft:wheat_seeds":1,"minecraft:beef":7,"minecraft:egg":1,"minecraft:furnace":2,"minecraft:cooked_porkchop":12,"minecraft:gravel":14,"epicfight:skillbook":4,"minecraft:porkchop":11,"minecraft:spider_eye":3,"travelersbackpack:white_sleeping_bag":1,"minecraft:arrow":7,"minecraft:rotten_flesh":14,"minecraft:black_wool":1,"minecraft:netherrack":3,"minecraft:mutton":16,"minecraft:coal":19,"minecraft:white_wool":8,"minecraft:cobblestone":14},"minecraft:mined":{"minecraft:crafting_table":2,"minecraft:grass_block":2,"travelersbackpack:white_sleeping_bag":1,"minecraft:birch_planks":2,"minecraft:furnace":2,"minecraft:birch_log":19,"minecraft:birch_leaves":5,"minecraft:grass":21,"minecraft:coal_ore":19,"minecraft:gravel":15,"minecraft:stone":13,"minecraft:netherrack":3},"minecraft:custom":{"minecraft:interact_with_furnace":26,"minecraft:mob_kills":51,"minecraft:interact_with_crafting_table":8,"minecraft:time_since_death":1008,"minecraft:sleep_in_bed":1,"minecraft:time_since_rest":1041,"minecraft:sprint_one_cm":183629,"minecraft:damage_taken":968,"minecraft:walk_one_cm":447930,"minecraft:drop":15,"minecraft:damage_dealt":6293,"minecraft:damage_dealt_absorbed":60,"minecraft:swim_one_cm":31225,"minecraft:fly_one_cm":250319,"minecraft:open_chest":1,"minecraft:crouch_one_cm":71686,"minecraft:play_time":88726,"minecraft:deaths":1,"minecraft:sneak_time":8666,"minecraft:walk_under_water_one_cm":10576,"minecraft:jump":992,"minecraft:walk_on_water_one_cm":29948,"minecraft:total_world_time":88726,"minecraft:fall_one_cm":51775},"minecraft:broken":{"epicfight:stone_spear":1},"minecraft:dropped":{"minecraft:wheat_seeds":1,"weaponmaster:tutorialbook":1,"minecraft:cooked_porkchop":12,"minecraft:cobblestone":1},"minecraft:crafted":{"minecraft:cooked_beef":1,"minecraft:fishing_rod":1,"minecraft:cooked_porkchop":11,"minecraft:crafting_table":1,"minecraft:wooden_pickaxe":1,"minecraft:cooked_chicken":2,"minecraft:furnace":1,"minecraft:birch_planks":32,"minecraft:cooked_mutton":16,"minecraft:air":0,"travelersbackpack:white_sleeping_bag":1,"minecraft:wooden_hoe":1,"minecraft:stick":8,"minecraft:stone_pickaxe":1,"minecraft:wooden_axe":1,"minecraft:stone_sword":1},"minecraft:killed":{"minecraft:pig":4,"minecraft:spider":7,"minecraft:sheep":10,"minecraft:skeleton":4,"minecraft:zombie":8,"minecraft:chicken":3,"minecraft:cow":4}},"DataVersion":3465}