{"stats":{"minecraft:mined":{"minecraft:iron_ore":4,"minecraft:birch_log":10,"minecraft:crafting_table":1,"minecraft:grass":1,"minecraft:grass_block":2,"minecraft:coal_ore":25,"minecraft:dirt":5,"minecraft:stone":19},"minecraft:used":{"minecraft:wooden_axe":16,"minecraft:stone_pickaxe":40,"minecraft:wooden_pickaxe":8,"minecraft:dirt":1,"minecraft:crafting_table":2,"minecraft:furnace":1},"minecraft:killed":{"minecraft:sheep":2,"minecraft:skeleton":1,"minecraft:pig":1,"minecraft:spider":1},"minecraft:crafted":{"minecraft:crafting_table":1,"minecraft:stick":4,"minecraft:wooden_pickaxe":1,"minecraft:stone_pickaxe":1,"minecraft:wooden_axe":1,"minecraft:birch_planks":40},"minecraft:picked_up":{"minecraft:wooden_axe":1,"minecraft:birch_log":10,"minecraft:raw_iron":4,"minecraft:stick":4,"minecraft:crafting_table":2,"minecraft:wooden_pickaxe":1,"minecraft:birch_planks":28,"minecraft:porkchop":4,"minecraft:dirt":7,"minecraft:string":1,"rpgsmw:class_choose_orb":1,"minecraft:arrow":6,"minecraft:bone":3,"weaponmaster:tutorialbook":1,"minecraft:mutton":6,"minecraft:coal":25,"minecraft:white_wool":4,"minecraft:cobblestone":15},"minecraft:custom":{"minecraft:time_since_rest":5779,"minecraft:interact_with_furnace":1,"minecraft:sprint_one_cm":21885,"minecraft:damage_taken":335,"minecraft:walk_one_cm":74106,"minecraft:mob_kills":6,"minecraft:damage_dealt":658,"minecraft:swim_one_cm":5578,"minecraft:interact_with_crafting_table":4,"minecraft:fly_one_cm":11182,"minecraft:crouch_one_cm":10104,"minecraft:play_time":12507,"minecraft:deaths":1,"minecraft:sneak_time":2105,"minecraft:walk_under_water_one_cm":995,"minecraft:jump":64,"minecraft:leave_game":2,"minecraft:time_since_death":5764,"minecraft:walk_on_water_one_cm":2187,"minecraft:total_world_time":12507,"minecraft:fall_one_cm":685}},"DataVersion":3465}