{"stats":{"minecraft:killed":{"minecraft:zombie_villager":1,"minecraft:spider":1,"minecraft:frog":1,"minecraft:sheep":3,"minecraft:skeleton":6,"minecraft:pillager":4,"minecraft:zombie":9,"minecraft:chicken":1,"minecraft:cow":7},"minecraft:crafted":{"minecraft:cooked_beef":17,"minecraft:wooden_sword":1,"minecraft:cooked_porkchop":5,"minecraft:crafting_table":1,"iceandfire:blindfold":1,"travelersbackpack:backpack_tank":1,"minecraft:wooden_pickaxe":1,"minecraft:furnace":1,"iceandfire:armor_copper_metal_leggings":1,"minecraft:copper_ingot":27,"minecraft:stone_axe":1,"iceandfire:armor_copper_metal_boots":1,"minecraft:cooked_mutton":3,"minecraft:air":0,"iceandfire:armor_copper_metal_helmet":1,"minecraft:glass":7,"minecraft:charcoal":2,"minecraft:iron_ingot":11,"minecraft:stick":12,"iceandfire:armor_copper_metal_chestplate":1,"minecraft:stone_pickaxe":1,"minecraft:wooden_axe":2,"minecraft:acacia_planks":48},"minecraft:used":{"minecraft:cooked_mutton":5,"minecraft:stone_sword":59,"minecraft:acacia_log":3,"iceandfire:armor_copper_metal_leggings":1,"minecraft:stone_pickaxe":76,"minecraft:wooden_pickaxe":13,"minecraft:rotten_flesh":2,"minecraft:torch":6,"minecraft:crafting_table":6,"minecraft:wooden_axe":56,"iceandfire:armor_copper_metal_chestplate":1,"minecraft:birch_slab":4,"travelersbackpack:white_sleeping_bag":2,"iceandfire:copper_pickaxe":1,"minecraft:stone_axe":59,"minecraft:wooden_sword":64,"minecraft:white_banner":1,"minecraft:goat_horn":1,"minecraft:cooked_porkchop":3,"minecraft:furnace":4,"iceandfire:armor_copper_metal_helmet":1,"minecraft:acacia_planks":4,"minecraft:cooked_beef":8},"minecraft:mined":{"minecraft:acacia_leaves":4,"iceandfire:silver_ore":1,"minecraft:jungle_slab":2,"minecraft:cobblestone_stairs":4,"minecraft:crafting_table":2,"minecraft:dark_oak_fence":9,"minecraft:acacia_log":36,"minecraft:grass_block":1,"minecraft:chest":1,"minecraft:tall_grass":3,"travelersbackpack:white_sleeping_bag":2,"minecraft:copper_ore":8,"minecraft:skeleton_skull":4,"minecraft:birch_planks":16,"minecraft:furnace":4,"minecraft:iron_ore":1,"minecraft:white_wall_banner":1,"minecraft:grass":7,"minecraft:oak_log":12,"minecraft:coal_ore":49,"minecraft:sand":16,"minecraft:dirt":5,"minecraft:cobweb":3,"minecraft:stone":14,"minecraft:netherrack":4},"minecraft:custom":{"minecraft:interact_with_furnace":64,"minecraft:mob_kills":34,"minecraft:interact_with_crafting_table":25,"minecraft:time_since_death":12024,"minecraft:sleep_in_bed":1,"minecraft:climb_one_cm":378,"minecraft:time_since_rest":12054,"minecraft:sprint_one_cm":115018,"minecraft:damage_taken":1705,"minecraft:walk_one_cm":178390,"minecraft:drop":40,"minecraft:damage_dealt":6196,"minecraft:swim_one_cm":1570,"minecraft:fly_one_cm":222327,"minecraft:open_chest":22,"minecraft:crouch_one_cm":11259,"minecraft:play_time":70971,"minecraft:deaths":2,"minecraft:sneak_time":3618,"minecraft:walk_under_water_one_cm":380,"minecraft:aviate_one_cm":203433,"minecraft:jump":1306,"minecraft:walk_on_water_one_cm":993,"minecraft:total_world_time":70971,"minecraft:fall_one_cm":35715},"minecraft:picked_up":{"minecraft:wooden_axe":1,"irons_spellbooks:scroll":1,"minecraft:wheat":3,"minecraft:charcoal":1,"minecraft:crafting_table":3,"minecraft:cooked_beef":11,"minecraft:birch_slab":8,"minecraft:leather":1,"iceandfire:armor_copper_metal_chestplate":1,"minecraft:wooden_pickaxe":5,"minecraft:potato":3,"minecraft:birch_planks":6,"minecraft:enchanted_book":1,"minecraft:oak_log":32,"minecraft:shield":1,"iceandfire:armor_copper_metal_helmet":1,"minecraft:cobblestone_stairs":1,"minecraft:string":5,"minecraft:dirt":78,"minecraft:white_banner":3,"minecraft:raw_copper":34,"minecraft:glass":3,"minecraft:cooked_mutton":14,"minecraft:experience_bottle":1,"minecraft:bone":4,"minecraft:acacia_planks":92,"minecraft:wheat_seeds":5,"minecraft:iron_ingot":4,"minecraft:beef":8,"minecraft:stone_pickaxe":1,"minecraft:chest":2,"minecraft:acacia_sapling":3,"minecraft:furnace":7,"minecraft:raw_iron":2,"minecraft:stick":9,"iceandfire:copper_pickaxe":2,"minecraft:cooked_porkchop":2,"minecraft:copper_ingot":48,"iceandfire:armor_copper_metal_leggings":1,"minecraft:torch":7,"minecraft:acacia_log":47,"minecraft:sand":21,"iceandfire:armor_copper_metal_boots":2,"minecraft:jungle_slab":1,"minecraft:dark_oak_log":5,"minecraft:spider_eye":1,"minecraft:stone_sword":1,"travelersbackpack:white_sleeping_bag":3,"iceandfire:blindfold":3,"minecraft:arrow":9,"minecraft:rotten_flesh":8,"minecraft:stone_axe":3,"iceandfire:gorgon_head":2,"minecraft:skeleton_skull":8,"minecraft:oak_sapling":2,"minecraft:netherrack":8,"minecraft:dark_oak_fence":6,"minecraft:mutton":8,"minecraft:coal":83,"minecraft:white_wool":7,"iceandfire:raw_silver":2,"minecraft:cobblestone":16},"minecraft:broken":{"minecraft:wooden_sword":1,"minecraft:wooden_axe":1},"minecraft:dropped":{"minecraft:iron_ingot":1,"minecraft:stone_axe":2,"minecraft:goat_horn":1,"minecraft:wheat_seeds":5,"minecraft:birch_slab":4,"minecraft:coal":1,"minecraft:cobblestone_stairs":1,"iceandfire:blindfold":2,"minecraft:torch":9,"minecraft:dark_oak_fence":6,"minecraft:acacia_sapling":3,"minecraft:oak_sapling":1,"iceandfire:armor_copper_metal_boots":3,"minecraft:spider_eye":1,"iceandfire:copper_pickaxe":1,"minecraft:wooden_pickaxe":3,"minecraft:sand":4,"minecraft:arrow":9,"minecraft:string":3,"minecraft:netherrack":6,"minecraft:white_wool":1,"minecraft:bone":3}},"DataVersion":3465}