{"stats":{"minecraft:mined":{"minecraft:clay":16,"minecraft:crafting_table":4,"minecraft:torch":5,"minecraft:granite":11,"minecraft:grass_block":8,"minecraft:cobblestone":9,"minecraft:copper_ore":3,"minecraft:tall_grass":1,"minecraft:oak_planks":2,"minecraft:moss_block":4,"minecraft:diorite":3,"minecraft:wall_torch":4,"minecraft:big_dripleaf":1,"minecraft:furnace":2,"minecraft:birch_log":10,"minecraft:iron_ore":19,"minecraft:birch_leaves":11,"minecraft:grass":1,"minecraft:coal_ore":57,"minecraft:deepslate_iron_ore":18,"minecraft:dirt":9,"minecraft:stone":112,"minecraft:oak_leaves":13,"minecraft:deepslate":8},"minecraft:killed":{"minecraft:pig":6,"minecraft:spider":4,"irons_spellbooks:necromancer":2,"minecraft:creeper":3,"minecraft:sheep":8,"minecraft:skeleton":6,"minecraft:zombie":10,"iceandfire:ghost":1,"minecraft:chicken":3,"minecraft:enderman":1,"iceandfire:sea_serpent":1,"minecraft:cow":2},"minecraft:used":{"minecraft:water_bucket":65,"minecraft:cooked_mutton":7,"epicfight:skillbook":5,"minecraft:stone_sword":146,"minecraft:stone_pickaxe":262,"minecraft:chest":1,"minecraft:birch_boat":1,"minecraft:wooden_pickaxe":8,"minecraft:cooked_salmon":3,"minecraft:cooked_chicken":3,"minecraft:rotten_flesh":10,"minecraft:torch":22,"minecraft:dirt":5,"minecraft:mutton":2,"minecraft:crafting_table":5,"minecraft:wooden_axe":19,"iceandfire:dragon_bone_wall":1,"minecraft:stone_axe":2,"minecraft:cobblestone":14,"minecraft:beef":2,"minecraft:porkchop":2,"minecraft:furnace":3,"minecraft:cooked_porkchop":7,"minecraft:bucket":66,"minecraft:chain":2,"minecraft:cooked_beef":3},"minecraft:crafted":{"iceandfire:dragon_bone_wall":1,"minecraft:cooked_porkchop":11,"minecraft:crafting_table":1,"minecraft:birch_boat":1,"minecraft:cooked_chicken":3,"minecraft:wooden_pickaxe":1,"minecraft:iron_sword":1,"minecraft:cooked_salmon":4,"minecraft:bucket":1,"minecraft:birch_planks":44,"minecraft:stone_axe":1,"minecraft:cooked_mutton":7,"minecraft:air":0,"minecraft:stick":4,"minecraft:iron_ingot":6,"minecraft:iron_pickaxe":1,"minecraft:stone_pickaxe":2,"minecraft:wooden_axe":1,"minecraft:chest":1,"minecraft:stone_sword":2,"minecraft:torch":16,"minecraft:cooked_beef":2},"minecraft:broken":{"minecraft:stone_pickaxe":1,"minecraft:stone_sword":1},"minecraft:picked_up":{"minecraft:wooden_axe":1,"minecraft:birch_log":11,"minecraft:crafting_table":6,"iceandfire:sea_serpent_fang":8,"minecraft:feather":8,"minecraft:cooked_beef":1,"minecraft:chicken":3,"minecraft:clay_ball":128,"minecraft:salmon":4,"minecraft:leather":2,"minecraft:wooden_pickaxe":1,"minecraft:filled_map":1,"minecraft:birch_planks":53,"minecraft:chain":2,"minecraft:gunpowder":12,"minecraft:string":3,"minecraft:dirt":33,"minecraft:moss_carpet":1,"minecraft:raw_copper":10,"minecraft:bone":13,"irons_spellbooks:arcane_essence":10,"minecraft:wheat_seeds":20,"minecraft:cobbled_deepslate":16,"minecraft:bucket":1,"minecraft:iron_ingot":137,"minecraft:beef":4,"weaponmaster:tutorialbook":5,"minecraft:iron_pickaxe":1,"minecraft:moss_block":4,"minecraft:oak_planks":1,"iceandfire:sea_serpent_scales_deepblue":10,"minecraft:egg":1,"minecraft:furnace":2,"minecraft:raw_iron":68,"minecraft:stick":7,"iceandfire:dragonbone":22,"minecraft:birch_boat":2,"minecraft:big_dripleaf":2,"minecraft:copper_ingot":20,"minecraft:torch":20,"epicfight:skillbook":5,"minecraft:porkchop":11,"minecraft:diorite":6,"minecraft:spider_eye":1,"rpgsmw:class_choose_orb":1,"minecraft:stone_sword":1,"minecraft:arrow":20,"minecraft:rotten_flesh":13,"minecraft:stone_axe":1,"iceandfire:sea_serpent_scales_red":8,"minecraft:granite":22,"minecraft:ender_pearl":2,"minecraft:glow_berries":6,"minecraft:mutton":13,"minecraft:coal":104,"minecraft:white_wool":18,"minecraft:cobblestone":219,"irons_spellbooks:scroll":1},"minecraft:custom":{"minecraft:interact_with_furnace":35,"minecraft:mob_kills":48,"minecraft:interact_with_crafting_table":19,"minecraft:leave_game":3,"minecraft:time_since_death":9447,"minecraft:climb_one_cm":1385,"minecraft:waystone_activated":2,"minecraft:time_since_rest":9484,"minecraft:sprint_one_cm":298748,"minecraft:damage_absorbed":3705,"minecraft:damage_taken":2380,"minecraft:walk_one_cm":538379,"minecraft:drop":24,"minecraft:damage_dealt":7635,"minecraft:damage_dealt_absorbed":88,"minecraft:swim_one_cm":236852,"minecraft:fly_one_cm":192028,"minecraft:open_chest":3,"minecraft:crouch_one_cm":54889,"minecraft:play_time":107716,"minecraft:deaths":2,"minecraft:sneak_time":11002,"minecraft:walk_under_water_one_cm":106222,"minecraft:boat_one_cm":50974,"minecraft:jump":1145,"minecraft:walk_on_water_one_cm":218911,"minecraft:total_world_time":107716,"minecraft:fall_one_cm":22059},"minecraft:dropped":{"minecraft:iron_sword":1,"minecraft:iron_ingot":108,"minecraft:moss_carpet":1,"minecraft:wheat_seeds":10,"weaponmaster:tutorialbook":3,"minecraft:cooked_porkchop":1,"minecraft:oak_planks":1,"minecraft:big_dripleaf":2,"minecraft:diorite":3,"minecraft:wooden_axe":1,"minecraft:spider_eye":1,"minecraft:wooden_pickaxe":1,"minecraft:stone_pickaxe":1,"minecraft:string":1,"iceandfire:dragonbone":8,"epicfight:skillbook":1,"minecraft:egg":1}},"DataVersion":3465}