{"stats":{"minecraft:used":{"minecraft:wooden_axe":6,"minecraft:dirt":1,"minecraft:crafting_table":1,"minecraft:stone_pickaxe":12,"minecraft:wooden_pickaxe":13},"minecraft:picked_up":{"minecraft:birch_log":14,"minecraft:coal":12,"minecraft:spider_eye":1,"minecraft:dirt":1,"minecraft:cobblestone":13},"minecraft:mined":{"minecraft:grass":5,"minecraft:coal_ore":12,"minecraft:birch_log":14,"minecraft:stone":13,"minecraft:birch_leaves":5},"minecraft:custom":{"minecraft:time_since_rest":28726,"minecraft:crouch_one_cm":34892,"minecraft:play_time":28726,"minecraft:sprint_one_cm":2448,"minecraft:damage_taken":78,"minecraft:walk_one_cm":97423,"minecraft:sneak_time":4641,"minecraft:walk_under_water_one_cm":154,"minecraft:mob_kills":1,"minecraft:jump":119,"minecraft:damage_dealt":190,"minecraft:walk_on_water_one_cm":437,"minecraft:time_since_death":28726,"minecraft:total_world_time":28726,"minecraft:fall_one_cm":2405,"minecraft:interact_with_crafting_table":4,"minecraft:fly_one_cm":4875},"minecraft:crafted":{"minecraft:stone_sword":1,"minecraft:birch_planks":32,"minecraft:crafting_table":1,"minecraft:stick":8,"minecraft:stone_pickaxe":1,"minecraft:wooden_pickaxe":1,"minecraft:wooden_axe":1},"minecraft:killed":{"minecraft:spider":1}},"DataVersion":3465}