{"stats":{"minecraft:killed":{"minecraft:cave_spider":3,"minecraft:pig":3,"minecraft:sheep":3,"minecraft:zombie":1,"minecraft:cow":3},"minecraft:mined":{"minecraft:tuff":2,"minecraft:white_bed":2,"minecraft:grass_block":2,"minecraft:cobblestone":5,"minecraft:oak_planks":1,"minecraft:seagrass":4,"minecraft:tall_seagrass":3,"minecraft:birch_planks":1,"minecraft:furnace":1,"minecraft:birch_log":5,"minecraft:iron_ore":14,"minecraft:cobbled_deepslate":1,"minecraft:deepslate_lapis_ore":5,"minecraft:grass":6,"minecraft:oak_log":15,"minecraft:coal_ore":7,"minecraft:deepslate_iron_ore":4,"minecraft:dirt":4,"minecraft:cobweb":42,"minecraft:stone":79,"minecraft:oak_leaves":2,"minecraft:deepslate":16},"minecraft:used":{"minecraft:cooked_mutton":4,"minecraft:water_bucket":112,"minecraft:stone_sword":92,"minecraft:birch_planks":11,"minecraft:stone_pickaxe":159,"minecraft:oak_planks":9,"minecraft:wooden_pickaxe":8,"minecraft:torch":31,"minecraft:dirt":5,"minecraft:crafting_table":7,"minecraft:white_bed":3,"minecraft:tuff":2,"minecraft:bread":1,"minecraft:stone_axe":9,"minecraft:cobblestone":28,"minecraft:furnace":3,"minecraft:cooked_porkchop":5,"minecraft:bucket":112,"minecraft:cooked_beef":3,"minecraft:experience_bottle":72,"minecraft:cobbled_deepslate":14},"minecraft:crafted":{"minecraft:oak_planks":60,"minecraft:cooked_porkchop":5,"minecraft:crafting_table":7,"minecraft:wooden_pickaxe":1,"minecraft:furnace":4,"minecraft:birch_planks":20,"minecraft:stone_axe":1,"minecraft:cooked_mutton":4,"minecraft:air":0,"minecraft:stick":24,"minecraft:iron_ingot":13,"minecraft:stone_pickaxe":2,"minecraft:stone_sword":1,"minecraft:white_bed":1},"minecraft:broken":{"minecraft:stone_pickaxe":1,"minecraft:stone_sword":1},"minecraft:picked_up":{"irons_spellbooks:scroll":2,"minecraft:birch_log":5,"minecraft:water_bucket":1,"minecraft:leather":4,"minecraft:wooden_pickaxe":1,"minecraft:birch_planks":4,"minecraft:tuff":4,"minecraft:oak_log":20,"minecraft:lapis_lazuli":108,"minecraft:string":198,"minecraft:dirt":6,"minecraft:name_tag":2,"irons_spellbooks:common_ink":4,"irons_spellbooks:arcane_essence":3,"minecraft:cobbled_deepslate":44,"minecraft:bucket":1,"minecraft:beef":7,"minecraft:iron_ingot":11,"minecraft:stone_pickaxe":4,"weaponmaster:tutorialbook":10,"irons_spellbooks:emerald_stoneplate_ring":2,"minecraft:iron_pickaxe":2,"irons_spellbooks:blank_rune":2,"minecraft:powered_rail":2,"minecraft:oak_planks":55,"minecraft:furnace":2,"minecraft:stick":24,"minecraft:raw_iron":25,"minecraft:torch":24,"minecraft:porkchop":14,"minecraft:white_bed":2,"minecraft:redstone":22,"rpgsmw:class_choose_orb":4,"minecraft:stone_sword":3,"minecraft:rotten_flesh":2,"minecraft:beetroot_seeds":22,"minecraft:stone_axe":3,"minecraft:golden_apple":2,"minecraft:gold_ingot":4,"minecraft:oak_sapling":1,"minecraft:glow_berries":14,"minecraft:mutton":12,"minecraft:coal":14,"minecraft:rail":44,"minecraft:white_wool":3,"minecraft:cobblestone":168},"minecraft:custom":{"minecraft:interact_with_furnace":25,"minecraft:mob_kills":13,"minecraft:interact_with_crafting_table":15,"minecraft:climb_one_cm":724,"minecraft:leave_game":1,"minecraft:time_since_death":5932,"minecraft:sleep_in_bed":1,"minecraft:time_since_rest":5978,"minecraft:sprint_one_cm":355195,"minecraft:damage_taken":1720,"minecraft:walk_one_cm":255980,"minecraft:drop":20,"minecraft:damage_dealt":1423,"minecraft:swim_one_cm":810643,"minecraft:fly_one_cm":656958,"minecraft:open_chest":2,"minecraft:crouch_one_cm":15609,"minecraft:play_time":103920,"minecraft:deaths":4,"minecraft:sneak_time":7037,"minecraft:walk_under_water_one_cm":1722003,"minecraft:jump":676,"minecraft:walk_on_water_one_cm":208924,"minecraft:total_world_time":103920,"minecraft:fall_one_cm":15383},"minecraft:dropped":{"minecraft:porkchop":4,"minecraft:birch_planks":1,"minecraft:cobbled_deepslate":8,"minecraft:stone_sword":1,"weaponmaster:tutorialbook":1,"minecraft:experience_bottle":2,"minecraft:cobblestone":2,"minecraft:rotten_flesh":2,"minecraft:oak_planks":15,"minecraft:golden_apple":1,"minecraft:stick":3,"minecraft:dirt":1,"minecraft:mutton":4,"minecraft:oak_sapling":1,"rpgsmw:class_choose_orb":1,"minecraft:wooden_pickaxe":3,"minecraft:stone_pickaxe":1},"minecraft:killed_by":{"iceandfire:stymphalian_bird":1}},"DataVersion":3465}