{"stats":{"minecraft:killed":{"minecraft:cave_spider":3,"minecraft:skeleton":4,"iceandfire:fire_dragon":2,"minecraft:drowned":4,"irons_spellbooks:archevoker":1,"minecraft:pig":3,"irons_spellbooks:necromancer":1,"minecraft:sheep":3,"minecraft:zombie":11,"minecraft:cow":3},"minecraft:mined":{"minecraft:tuff":2,"minecraft:spruce_planks":3,"minecraft:white_bed":2,"minecraft:grass_block":2,"minecraft:spruce_fence":1,"minecraft:brown_mushroom_block":2,"minecraft:mud_bricks":10,"minecraft:tall_seagrass":3,"minecraft:furnace":1,"minecraft:fire":6,"minecraft:iron_ore":14,"minecraft:cobbled_deepslate":1,"minecraft:deepslate_lapis_ore":5,"minecraft:gold_block":1,"minecraft:deepslate_iron_ore":4,"irons_spellbooks:inscription_table":1,"minecraft:stone":79,"minecraft:tall_grass":1,"minecraft:cobblestone":5,"minecraft:oak_planks":1,"minecraft:pink_petals":1,"minecraft:seagrass":4,"minecraft:birch_planks":2,"minecraft:birch_log":5,"minecraft:grass":12,"minecraft:coal_ore":7,"minecraft:oak_log":19,"minecraft:dirt":4,"minecraft:cobweb":42,"minecraft:oak_leaves":2,"minecraft:deepslate":16},"minecraft:used":{"irons_spellbooks:inscription_table":1,"minecraft:stone_sword":92,"minecraft:chest":3,"minecraft:spruce_planks":2,"minecraft:iron_sword":107,"minecraft:torch":31,"minecraft:dirt":5,"iceandfire:copper_sword":238,"minecraft:tuff":2,"minecraft:spruce_fence":1,"minecraft:mud_bricks":16,"minecraft:furnace":3,"minecraft:goat_horn":1,"minecraft:cooked_beef":29,"minecraft:cobbled_deepslate":15,"minecraft:cooked_mutton":4,"epicfight:skillbook":1,"minecraft:water_bucket":217,"minecraft:birch_planks":11,"minecraft:glass_bottle":2,"minecraft:stone_pickaxe":171,"minecraft:oak_planks":100,"minecraft:wooden_pickaxe":8,"minecraft:golden_apple":2,"minecraft:rail":22,"minecraft:crafting_table":12,"minecraft:white_bed":4,"minecraft:black_bed":1,"minecraft:bread":2,"minecraft:iron_pickaxe":1,"minecraft:stone_axe":52,"minecraft:cobblestone":36,"minecraft:potion":4,"minecraft:cooked_porkchop":43,"minecraft:bucket":213,"minecraft:air":1,"minecraft:dandelion":1,"minecraft:experience_bottle":552},"minecraft:crafted":{"minecraft:oak_planks":136,"minecraft:furnace":4,"minecraft:cooked_mutton":4,"minecraft:stone_pickaxe":3,"minecraft:chest":2,"iceandfire:armor_bronze_chestplate":1,"minecraft:cooked_porkchop":5,"minecraft:crafting_table":12,"minecraft:wooden_pickaxe":1,"minecraft:birch_planks":20,"minecraft:stone_axe":1,"minecraft:air":0,"minecraft:white_wool":3,"minecraft:stick":24,"minecraft:iron_ingot":13,"minecraft:stone_sword":1,"minecraft:gold_ingot":9,"minecraft:white_bed":2,"irons_spellbooks:arcane_ingot":4},"minecraft:broken":{"minecraft:stone_sword":1,"minecraft:stone_pickaxe":1,"iceandfire:armor_bronze_helmet":1},"minecraft:picked_up":{"irons_spellbooks:scroll":4,"iceandfire:copper_sword":1,"minecraft:brown_mushroom":3,"minecraft:wooden_pickaxe":1,"minecraft:gold_block":1,"minecraft:string":200,"minecraft:moss_carpet":4,"irons_spellbooks:arcane_essence":18,"irons_spellbooks:conjurers_talisman":1,"minecraft:gold_nugget":128,"minecraft:cobbled_deepslate":44,"minecraft:bucket":2,"minecraft:spruce_planks":3,"minecraft:beef":7,"irons_spellbooks:blank_rune":2,"minecraft:iron_pickaxe":2,"irons_spellbooks:emerald_stoneplate_ring":5,"irons_spellbooks:inscription_table":1,"iceandfire:dragonscales_red":2,"minecraft:iron_boots":2,"minecraft:furnace":2,"iceandfire:dragonbone":16,"minecraft:stick":26,"minecraft:raw_iron":25,"minecraft:copper_ingot":2,"minecraft:torch":24,"epicfight:skillbook":1,"minecraft:spruce_fence":1,"minecraft:porkchop":14,"iceandfire:armor_bronze_chestplate":1,"minecraft:redstone":22,"irons_spellbooks:evocation_rune":1,"minecraft:stone_sword":3,"minecraft:rotten_flesh":13,"minecraft:beetroot_seeds":22,"iceandfire:fire_dragon_heart":1,"minecraft:gold_ingot":4,"minecraft:glow_berries":14,"minecraft:mutton":12,"minecraft:white_wool":3,"minecraft:rail":44,"minecraft:cobblestone":168,"minecraft:birch_log":5,"minecraft:feather":2,"minecraft:mud_bricks":9,"minecraft:cooked_beef":10,"minecraft:salmon":4,"minecraft:water_bucket":1,"minecraft:leather":4,"minecraft:birch_planks":4,"minecraft:tuff":4,"minecraft:oak_log":24,"minecraft:lapis_lazuli":108,"minecraft:paper":2,"minecraft:dirt":6,"iceandfire:dragonscales_bronze":32,"irons_spellbooks:rare_ink":1,"minecraft:name_tag":2,"irons_spellbooks:common_ink":5,"minecraft:bone":2,"minecraft:wheat_seeds":5,"minecraft:stone_pickaxe":4,"minecraft:iron_ingot":11,"weaponmaster:tutorialbook":11,"minecraft:powered_rail":2,"minecraft:oak_planks":119,"iceandfire:armor_bronze_helmet":1,"irons_spellbooks:legendary_ink":1,"iceandfire:ash":1,"minecraft:dandelion":1,"iceandfire:dragon_skull_fire":2,"minecraft:white_bed":2,"minecraft:green_carpet":5,"rpgsmw:class_choose_orb":4,"minecraft:stone_axe":3,"minecraft:golden_apple":2,"minecraft:oak_sapling":1,"minecraft:coal":14},"minecraft:custom":{"minecraft:mob_kills":38,"minecraft:interact_with_crafting_table":27,"minecraft:open_barrel":6,"minecraft:leave_game":2,"minecraft:time_since_death":62546,"minecraft:climb_one_cm":5392,"minecraft:sprint_one_cm":765348,"minecraft:walk_one_cm":480869,"minecraft:drop":67,"minecraft:damage_dealt_absorbed":128,"minecraft:talked_to_villager":1,"minecraft:play_time":212640,"minecraft:deaths":5,"minecraft:sneak_time":10664,"minecraft:walk_under_water_one_cm":2247136,"minecraft:interact_with_lectern":2,"minecraft:jump":2239,"minecraft:walk_on_water_one_cm":485341,"minecraft:total_world_time":212640,"minecraft:interact_with_furnace":25,"minecraft:sleep_in_bed":2,"minecraft:time_since_rest":62564,"minecraft:waystone_activated":3,"minecraft:damage_taken":6935,"minecraft:damage_absorbed":80,"minecraft:trigger_trapped_chest":4,"minecraft:damage_dealt":11939,"minecraft:swim_one_cm":1382954,"minecraft:fly_one_cm":2464737,"minecraft:open_chest":90,"minecraft:crouch_one_cm":21014,"minecraft:fall_one_cm":58456},"minecraft:dropped":{"minecraft:birch_planks":1,"minecraft:porkchop":4,"minecraft:brown_mushroom":3,"minecraft:wheat_seeds":5,"minecraft:cooked_beef":5,"iceandfire:armor_bronze_helmet":1,"weaponmaster:tutorialbook":2,"minecraft:cobblestone":2,"minecraft:golden_apple":1,"minecraft:stick":4,"irons_spellbooks:scroll":8,"minecraft:dirt":1,"minecraft:mutton":4,"rpgsmw:class_choose_orb":1,"minecraft:potion":1,"minecraft:gold_nugget":32,"iceandfire:ash":1,"minecraft:paper":8,"minecraft:string":28,"irons_spellbooks:emerald_stoneplate_ring":2,"minecraft:bone":2,"iceandfire:dragonbone":14,"bountiful:bounty":2,"minecraft:stone_sword":1,"minecraft:cobbled_deepslate":8,"minecraft:experience_bottle":2,"minecraft:rotten_flesh":11,"minecraft:oak_planks":43,"iceandfire:armor_bronze_chestplate":1,"minecraft:oak_sapling":1,"minecraft:stone_pickaxe":2,"minecraft:wooden_pickaxe":3},"minecraft:killed_by":{"iceandfire:stymphalian_bird":1}},"DataVersion":3465}