{"stats":{"minecraft:picked_up":{"iceandfire:dragon_skull_lightning":1,"iceandfire:dragonbone":25,"minecraft:acacia_log":14,"minecraft:acacia_boat":1,"minecraft:dirt":6,"minecraft:cobblestone":30},"minecraft:dropped":{"minecraft:wooden_pickaxe":1},"minecraft:custom":{"minecraft:time_since_rest":3906,"minecraft:crouch_one_cm":664,"minecraft:play_time":3906,"minecraft:sprint_one_cm":9250,"minecraft:walk_one_cm":5350,"minecraft:sneak_time":201,"minecraft:boat_one_cm":41332,"minecraft:drop":1,"minecraft:jump":96,"minecraft:walk_on_water_one_cm":352,"minecraft:time_since_death":3906,"minecraft:total_world_time":3906,"minecraft:fall_one_cm":3044,"minecraft:interact_with_crafting_table":4,"minecraft:fly_one_cm":25668},"minecraft:mined":{"minecraft:grass":4,"minecraft:acacia_log":14,"minecraft:grass_block":1,"minecraft:dirt":5,"minecraft:stone":30},"minecraft:used":{"minecraft:acacia_boat":1,"minecraft:stone_axe":10,"minecraft:dirt":5,"minecraft:crafting_table":2,"minecraft:wooden_pickaxe":37},"minecraft:crafted":{"minecraft:acacia_planks":56,"minecraft:crafting_table":2,"minecraft:stick":8,"minecraft:acacia_boat":1,"minecraft:wooden_pickaxe":1,"minecraft:stone_pickaxe":1}},"DataVersion":3465}