{"stats":{"minecraft:killed":{"minecraft:pig":3,"minecraft:sheep":3,"minecraft:zombie":1},"minecraft:mined":{"minecraft:white_bed":2,"minecraft:grass_block":2,"minecraft:birch_planks":1,"minecraft:birch_log":5,"minecraft:iron_ore":14,"minecraft:grass":3,"minecraft:oak_log":11,"minecraft:coal_ore":7,"minecraft:dirt":3,"minecraft:cobweb":3,"minecraft:stone":68,"minecraft:oak_leaves":2},"minecraft:used":{"minecraft:water_bucket":7,"minecraft:stone_sword":30,"minecraft:birch_planks":11,"minecraft:stone_pickaxe":83,"minecraft:oak_planks":8,"minecraft:wooden_pickaxe":7,"minecraft:dirt":5,"minecraft:crafting_table":3,"minecraft:white_bed":2,"minecraft:stone_axe":7,"minecraft:cobblestone":7,"minecraft:furnace":2,"minecraft:cooked_porkchop":3,"minecraft:bucket":7},"minecraft:crafted":{"minecraft:oak_planks":44,"minecraft:cooked_porkchop":5,"minecraft:crafting_table":3,"minecraft:furnace":2,"minecraft:birch_planks":20,"minecraft:stone_axe":1,"minecraft:air":0,"minecraft:stick":16,"minecraft:iron_ingot":5,"minecraft:stone_pickaxe":1,"minecraft:stone_sword":1,"minecraft:white_bed":1},"minecraft:picked_up":{"minecraft:birch_log":5,"minecraft:wooden_pickaxe":1,"minecraft:birch_planks":3,"minecraft:oak_log":16,"minecraft:string":3,"minecraft:dirt":5,"minecraft:stone_pickaxe":2,"weaponmaster:tutorialbook":3,"minecraft:oak_planks":30,"minecraft:stick":4,"minecraft:raw_iron":13,"minecraft:porkchop":14,"minecraft:white_bed":2,"rpgsmw:class_choose_orb":2,"minecraft:stone_sword":2,"minecraft:rotten_flesh":2,"minecraft:stone_axe":1,"minecraft:oak_sapling":1,"minecraft:mutton":12,"minecraft:coal":5,"minecraft:white_wool":3,"minecraft:cobblestone":123},"minecraft:custom":{"minecraft:interact_with_furnace":7,"minecraft:mob_kills":7,"minecraft:interact_with_crafting_table":7,"minecraft:leave_game":1,"minecraft:time_since_death":25019,"minecraft:sleep_in_bed":1,"minecraft:time_since_rest":25030,"minecraft:sprint_one_cm":87867,"minecraft:damage_taken":660,"minecraft:walk_one_cm":63285,"minecraft:drop":15,"minecraft:damage_dealt":739,"minecraft:swim_one_cm":529406,"minecraft:fly_one_cm":123407,"minecraft:crouch_one_cm":4692,"minecraft:play_time":49920,"minecraft:deaths":2,"minecraft:sneak_time":2848,"minecraft:walk_under_water_one_cm":1139611,"minecraft:jump":274,"minecraft:walk_on_water_one_cm":82185,"minecraft:total_world_time":49920,"minecraft:fall_one_cm":8143},"minecraft:dropped":{"minecraft:porkchop":4,"minecraft:birch_planks":1,"minecraft:stone_sword":1,"weaponmaster:tutorialbook":1,"minecraft:cobblestone":2,"minecraft:rotten_flesh":2,"minecraft:oak_planks":15,"minecraft:stick":3,"minecraft:mutton":4,"minecraft:oak_sapling":1,"rpgsmw:class_choose_orb":1,"minecraft:wooden_pickaxe":2,"minecraft:stone_pickaxe":1}},"DataVersion":3465}