{"stats":{"minecraft:picked_up":{"iceandfire:dragon_skull_lightning":2,"minecraft:feather":10,"minecraft:chicken":3,"minecraft:andesite":1,"minecraft:leather":1,"minecraft:golden_leggings":1,"minecraft:stone_brick_stairs":2,"minecraft:acacia_boat":4,"minecraft:string":4,"minecraft:dirt":9,"minecraft:stone_bricks":1,"minecraft:cracked_stone_bricks":1,"minecraft:wheat_seeds":1,"minecraft:beef":2,"minecraft:stone_pickaxe":1,"minecraft:mossy_stone_bricks":2,"minecraft:furnace":1,"iceandfire:copper_nugget":36,"minecraft:raw_iron":7,"iceandfire:dragonbone":41,"minecraft:chiseled_stone_bricks":3,"minecraft:stone_brick_slab":9,"minecraft:acacia_log":14,"minecraft:porkchop":13,"minecraft:sand":4,"minecraft:diorite":16,"minecraft:white_bed":1,"minecraft:granite":22,"minecraft:black_wool":1,"minecraft:mutton":8,"minecraft:coal":18,"minecraft:white_wool":5,"minecraft:cobblestone":127},"minecraft:dropped":{"minecraft:stone_axe":1,"minecraft:wheat_seeds":1,"minecraft:feather":5,"minecraft:dirt":3,"minecraft:sand":2,"minecraft:stone_pickaxe":1,"minecraft:wooden_pickaxe":1},"minecraft:custom":{"minecraft:interact_with_furnace":19,"minecraft:mob_kills":19,"minecraft:interact_with_crafting_table":9,"minecraft:time_since_death":33906,"minecraft:climb_one_cm":764,"minecraft:time_since_rest":33906,"minecraft:sprint_one_cm":75573,"minecraft:damage_taken":605,"minecraft:walk_one_cm":30709,"minecraft:drop":7,"minecraft:damage_dealt":1810,"minecraft:swim_one_cm":95223,"minecraft:fly_one_cm":142027,"minecraft:open_chest":10,"minecraft:crouch_one_cm":8808,"minecraft:play_time":33906,"minecraft:sneak_time":2615,"minecraft:walk_under_water_one_cm":16381,"minecraft:boat_one_cm":643789,"minecraft:jump":596,"minecraft:walk_on_water_one_cm":13751,"minecraft:total_world_time":33906,"minecraft:fall_one_cm":22221},"minecraft:mined":{"minecraft:white_bed":1,"minecraft:stone_brick_slab":7,"minecraft:granite":22,"minecraft:acacia_log":14,"minecraft:grass_block":2,"minecraft:diorite":16,"minecraft:chiseled_stone_bricks":3,"minecraft:furnace":1,"minecraft:iron_ore":8,"minecraft:andesite":1,"minecraft:stone_brick_stairs":3,"minecraft:grass":9,"minecraft:coal_ore":16,"minecraft:sand":2,"minecraft:dirt":7,"minecraft:cracked_stone_bricks":1,"minecraft:stone":129,"minecraft:stone_bricks":1,"minecraft:mossy_stone_bricks":2},"minecraft:killed":{"minecraft:pig":6,"minecraft:spider":3,"minecraft:sheep":6,"minecraft:chicken":3,"minecraft:cow":1},"minecraft:used":{"minecraft:cooked_mutton":6,"minecraft:acacia_boat":5,"minecraft:diorite":16,"minecraft:stone_pickaxe":182,"minecraft:wooden_pickaxe":37,"iceandfire:armor_copper_metal_boots":1,"minecraft:dirt":6,"minecraft:crafting_table":4,"minecraft:white_bed":2,"minecraft:granite":9,"minecraft:stone_brick_slab":9,"minecraft:stone_axe":58,"minecraft:cobblestone":43,"minecraft:furnace":1,"minecraft:cooked_porkchop":4},"minecraft:crafted":{"minecraft:cooked_beef":2,"minecraft:cooked_porkchop":7,"minecraft:crafting_table":4,"minecraft:wooden_pickaxe":1,"minecraft:cooked_chicken":3,"minecraft:furnace":1,"minecraft:acacia_boat":1,"minecraft:cooked_mutton":6,"minecraft:air":0,"minecraft:stick":8,"minecraft:stone_pickaxe":2,"minecraft:white_bed":1,"minecraft:acacia_planks":56},"minecraft:broken":{"minecraft:stone_pickaxe":1}},"DataVersion":3465}