{"stats":{"minecraft:killed":{"minecraft:cave_spider":3,"iceandfire:fire_dragon":1,"irons_spellbooks:archevoker":1,"minecraft:pig":3,"minecraft:sheep":3,"minecraft:zombie":2,"minecraft:cow":3},"minecraft:used":{"minecraft:stone_sword":92,"minecraft:chest":3,"minecraft:spruce_planks":2,"minecraft:iron_sword":19,"minecraft:torch":31,"minecraft:dirt":5,"iceandfire:copper_sword":109,"minecraft:tuff":2,"minecraft:spruce_fence":1,"minecraft:mud_bricks":16,"minecraft:furnace":3,"minecraft:goat_horn":1,"minecraft:cooked_beef":17,"minecraft:cobbled_deepslate":15,"minecraft:cooked_mutton":4,"minecraft:water_bucket":175,"minecraft:birch_planks":11,"minecraft:stone_pickaxe":171,"minecraft:oak_planks":60,"minecraft:wooden_pickaxe":8,"minecraft:rail":22,"minecraft:crafting_table":10,"minecraft:white_bed":4,"minecraft:black_bed":1,"minecraft:bread":2,"minecraft:iron_pickaxe":1,"minecraft:stone_axe":52,"minecraft:cobblestone":36,"minecraft:cooked_porkchop":5,"minecraft:bucket":170,"minecraft:dandelion":1,"minecraft:experience_bottle":216},"minecraft:mined":{"minecraft:tuff":2,"minecraft:spruce_planks":3,"minecraft:white_bed":2,"minecraft:grass_block":2,"minecraft:spruce_fence":1,"minecraft:brown_mushroom_block":2,"minecraft:mud_bricks":10,"minecraft:tall_seagrass":3,"minecraft:furnace":1,"minecraft:iron_ore":14,"minecraft:cobbled_deepslate":1,"minecraft:deepslate_lapis_ore":5,"minecraft:gold_block":1,"minecraft:deepslate_iron_ore":4,"irons_spellbooks:inscription_table":1,"minecraft:stone":79,"minecraft:cobblestone":5,"minecraft:oak_planks":1,"minecraft:seagrass":4,"minecraft:birch_planks":1,"minecraft:birch_log":5,"minecraft:grass":7,"minecraft:coal_ore":7,"minecraft:oak_log":19,"minecraft:dirt":4,"minecraft:cobweb":42,"minecraft:oak_leaves":2,"minecraft:deepslate":16},"minecraft:crafted":{"minecraft:oak_planks":116,"minecraft:furnace":4,"minecraft:cooked_mutton":4,"minecraft:stone_pickaxe":3,"minecraft:chest":2,"minecraft:cooked_porkchop":5,"minecraft:crafting_table":10,"minecraft:wooden_pickaxe":1,"minecraft:birch_planks":20,"minecraft:stone_axe":1,"minecraft:air":0,"minecraft:white_wool":3,"minecraft:stick":24,"minecraft:iron_ingot":13,"minecraft:stone_sword":1,"minecraft:gold_ingot":9,"minecraft:white_bed":2},"minecraft:broken":{"minecraft:stone_sword":1,"minecraft:stone_pickaxe":1},"minecraft:picked_up":{"irons_spellbooks:scroll":3,"iceandfire:copper_sword":1,"minecraft:brown_mushroom":3,"minecraft:wooden_pickaxe":1,"minecraft:gold_block":1,"minecraft:string":199,"minecraft:moss_carpet":4,"irons_spellbooks:arcane_essence":11,"irons_spellbooks:conjurers_talisman":1,"minecraft:gold_nugget":96,"minecraft:cobbled_deepslate":44,"minecraft:bucket":2,"minecraft:spruce_planks":3,"minecraft:beef":7,"irons_spellbooks:blank_rune":2,"minecraft:iron_pickaxe":2,"irons_spellbooks:emerald_stoneplate_ring":5,"irons_spellbooks:inscription_table":1,"minecraft:iron_boots":2,"minecraft:furnace":2,"minecraft:stick":24,"minecraft:raw_iron":25,"minecraft:torch":24,"minecraft:spruce_fence":1,"minecraft:porkchop":14,"minecraft:redstone":22,"irons_spellbooks:evocation_rune":1,"minecraft:stone_sword":3,"minecraft:rotten_flesh":4,"minecraft:beetroot_seeds":22,"minecraft:gold_ingot":4,"minecraft:glow_berries":14,"minecraft:mutton":12,"minecraft:white_wool":3,"minecraft:rail":44,"minecraft:cobblestone":168,"minecraft:birch_log":5,"minecraft:feather":2,"minecraft:mud_bricks":9,"minecraft:cooked_beef":10,"minecraft:water_bucket":1,"minecraft:leather":4,"minecraft:birch_planks":4,"minecraft:tuff":4,"minecraft:oak_log":24,"minecraft:lapis_lazuli":108,"minecraft:dirt":6,"irons_spellbooks:rare_ink":1,"minecraft:name_tag":2,"irons_spellbooks:common_ink":5,"minecraft:wheat_seeds":4,"minecraft:stone_pickaxe":4,"minecraft:iron_ingot":11,"weaponmaster:tutorialbook":10,"minecraft:powered_rail":2,"minecraft:oak_planks":110,"irons_spellbooks:legendary_ink":1,"iceandfire:ash":1,"minecraft:dandelion":1,"minecraft:white_bed":2,"minecraft:green_carpet":5,"rpgsmw:class_choose_orb":4,"minecraft:stone_axe":3,"minecraft:golden_apple":2,"minecraft:oak_sapling":1,"minecraft:coal":14},"minecraft:custom":{"minecraft:mob_kills":16,"minecraft:interact_with_crafting_table":21,"minecraft:open_barrel":6,"minecraft:leave_game":1,"minecraft:time_since_death":1826,"minecraft:climb_one_cm":5392,"minecraft:sprint_one_cm":602761,"minecraft:walk_one_cm":376189,"minecraft:drop":38,"minecraft:talked_to_villager":1,"minecraft:play_time":151920,"minecraft:deaths":5,"minecraft:sneak_time":9369,"minecraft:walk_under_water_one_cm":1794221,"minecraft:interact_with_lectern":2,"minecraft:jump":1533,"minecraft:walk_on_water_one_cm":300997,"minecraft:total_world_time":151920,"minecraft:interact_with_furnace":25,"minecraft:sleep_in_bed":2,"minecraft:time_since_rest":1844,"minecraft:waystone_activated":2,"minecraft:damage_taken":2924,"minecraft:trigger_trapped_chest":4,"minecraft:damage_dealt":4309,"minecraft:swim_one_cm":1009604,"minecraft:fly_one_cm":2099083,"minecraft:open_chest":68,"minecraft:crouch_one_cm":20220,"minecraft:fall_one_cm":34704},"minecraft:dropped":{"minecraft:birch_planks":1,"minecraft:porkchop":4,"minecraft:brown_mushroom":3,"minecraft:wheat_seeds":4,"weaponmaster:tutorialbook":2,"minecraft:cobblestone":2,"minecraft:golden_apple":1,"minecraft:stick":3,"minecraft:dirt":1,"minecraft:mutton":4,"rpgsmw:class_choose_orb":1,"minecraft:gold_nugget":32,"iceandfire:ash":1,"irons_spellbooks:emerald_stoneplate_ring":1,"bountiful:bounty":2,"minecraft:stone_sword":1,"minecraft:cobbled_deepslate":8,"minecraft:experience_bottle":2,"minecraft:rotten_flesh":4,"minecraft:oak_planks":35,"minecraft:oak_sapling":1,"minecraft:stone_pickaxe":2,"minecraft:wooden_pickaxe":3},"minecraft:killed_by":{"iceandfire:stymphalian_bird":1}},"DataVersion":3465}