{"stats":{"minecraft:picked_up":{"minecraft:fishing_rod":2,"irons_spellbooks:scroll":6,"iceandfire:dragon_skull_lightning":6,"minecraft:chicken":7,"iceandfire:copper_sword":2,"iceandfire:armor_copper_metal_chestplate":1,"minecraft:enchanted_book":2,"minecraft:stone_brick_stairs":2,"iceandfire:manuscript":12,"minecraft:string":12,"minecraft:experience_bottle":16,"minecraft:cracked_stone_bricks":2,"irons_spellbooks:arcane_essence":10,"minecraft:gold_nugget":16,"minecraft:beef":32,"minecraft:sugar_cane":4,"minecraft:chest":1,"minecraft:egg":3,"minecraft:furnace":6,"minecraft:golden_helmet":1,"minecraft:stick":2,"minecraft:raw_iron":21,"iceandfire:dragonbone":123,"iceandfire:armor_copper_metal_leggings":1,"minecraft:torch":1,"minecraft:acacia_log":14,"minecraft:porkchop":30,"minecraft:diorite":16,"iceandfire:armor_copper_metal_boots":2,"iceandfire:lightning_lily":1,"minecraft:arrow":2,"minecraft:gold_ingot":1,"iceandfire:earplugs":1,"minecraft:mutton":20,"minecraft:obsidian":6,"minecraft:white_wool":14,"minecraft:cobblestone":286,"minecraft:feather":24,"minecraft:cooked_beef":4,"minecraft:andesite":1,"minecraft:brown_wool":1,"minecraft:leather":23,"minecraft:golden_leggings":2,"minecraft:oak_log":10,"minecraft:acacia_boat":7,"iceandfire:armor_copper_metal_helmet":1,"minecraft:dirt":14,"minecraft:acacia_planks":28,"minecraft:apple":1,"minecraft:stone_bricks":3,"minecraft:wheat_seeds":1,"minecraft:stone_pickaxe":3,"minecraft:iron_ingot":54,"minecraft:cooked_chicken":3,"minecraft:mossy_stone_bricks":2,"iceandfire:copper_nugget":148,"minecraft:cooked_porkchop":5,"minecraft:chiseled_stone_bricks":3,"minecraft:stone_brick_slab":9,"minecraft:sand":22,"minecraft:white_bed":2,"travelersbackpack:white_sleeping_bag":1,"travelersbackpack:standard":1,"minecraft:diamond":2,"minecraft:stone_axe":2,"minecraft:granite":36,"minecraft:bone_meal":1,"minecraft:golden_apple":2,"minecraft:gray_wool":1,"minecraft:emerald":3,"minecraft:oak_sapling":1,"minecraft:black_wool":1,"minecraft:stripped_dark_oak_log":4,"minecraft:coal":136},"minecraft:dropped":{"minecraft:wheat_seeds":1,"minecraft:golden_helmet":1,"minecraft:feather":5,"minecraft:granite":1,"minecraft:dirt":7,"iceandfire:copper_nugget":36,"iceandfire:armor_copper_metal_boots":1,"minecraft:bone_meal":1,"minecraft:sand":2,"minecraft:gold_ingot":1,"iceandfire:earplugs":1,"minecraft:stone_axe":1,"minecraft:experience_bottle":4,"minecraft:stripped_dark_oak_log":2,"iceandfire:copper_sword":2,"minecraft:golden_leggings":1,"minecraft:oak_sapling":1,"minecraft:stone_pickaxe":1,"minecraft:wooden_pickaxe":1,"iceandfire:manuscript":6},"minecraft:custom":{"minecraft:mob_kills":60,"minecraft:interact_with_crafting_table":21,"minecraft:time_since_death":34142,"minecraft:climb_one_cm":2629,"minecraft:sprint_one_cm":230533,"minecraft:walk_one_cm":95791,"minecraft:drop":22,"minecraft:play_time":75906,"minecraft:deaths":2,"minecraft:sneak_time":8380,"minecraft:walk_under_water_one_cm":19247,"minecraft:boat_one_cm":725986,"minecraft:jump":2212,"minecraft:walk_on_water_one_cm":19884,"minecraft:total_world_time":75906,"minecraft:interact_with_furnace":50,"minecraft:sleep_in_bed":2,"minecraft:time_since_rest":11720,"minecraft:damage_taken":3131,"minecraft:trigger_trapped_chest":1,"minecraft:damage_dealt":7553,"minecraft:swim_one_cm":122318,"minecraft:fly_one_cm":512488,"minecraft:open_chest":35,"minecraft:crouch_one_cm":31069,"minecraft:fall_one_cm":92360},"minecraft:mined":{"iceandfire:lightning_lily":1,"minecraft:white_bed":2,"iceandfire:copper_pile":1,"minecraft:granite":23,"minecraft:acacia_log":14,"minecraft:grass_block":4,"travelersbackpack:white_sleeping_bag":1,"minecraft:chiseled_stone_bricks":3,"minecraft:furnace":4,"minecraft:iron_ore":8,"minecraft:fire":1,"minecraft:andesite":1,"minecraft:stone":182,"minecraft:stripped_dark_oak_log":2,"minecraft:stone_brick_slab":7,"minecraft:powder_snow":1,"travelersbackpack:standard":1,"minecraft:tall_grass":1,"minecraft:cobblestone":1,"minecraft:diorite":16,"minecraft:wall_torch":1,"minecraft:stone_brick_stairs":3,"minecraft:grass":17,"minecraft:coal_ore":16,"minecraft:oak_log":10,"minecraft:dirt":10,"minecraft:sand":18,"minecraft:cracked_stone_bricks":3,"minecraft:stone_bricks":4,"minecraft:mossy_stone_bricks":2,"minecraft:oak_leaves":1},"minecraft:killed":{"minecraft:spider":3,"minecraft:vindicator":1,"minecraft:skeleton":1,"minecraft:chicken":7,"minecraft:pig":10,"minecraft:sheep":13,"minecraft:pillager":2,"minecraft:zombie":4,"minecraft:cow":19},"minecraft:used":{"minecraft:stone_sword":119,"minecraft:cooked_chicken":4,"minecraft:torch":1,"iceandfire:armor_copper_metal_boots":2,"minecraft:dirt":7,"iceandfire:copper_sword":60,"minecraft:granite":22,"minecraft:stone_brick_slab":9,"iceandfire:lightning_lily":1,"minecraft:furnace":4,"minecraft:cooked_beef":9,"minecraft:cooked_mutton":11,"minecraft:acacia_boat":6,"minecraft:diorite":16,"minecraft:stone_pickaxe":246,"minecraft:wooden_pickaxe":37,"minecraft:golden_apple":1,"minecraft:crafting_table":8,"minecraft:white_bed":3,"travelersbackpack:white_sleeping_bag":1,"minecraft:stone_axe":71,"minecraft:cobblestone":162,"travelersbackpack:standard":3,"minecraft:cooked_porkchop":13,"minecraft:gray_wool":1},"minecraft:crafted":{"minecraft:cooked_chicken":4,"minecraft:furnace":1,"minecraft:cooked_mutton":11,"minecraft:glass":12,"minecraft:stone_pickaxe":2,"iceandfire:armor_copper_metal_chestplate":1,"minecraft:cooked_beef":19,"minecraft:cooked_porkchop":18,"minecraft:crafting_table":8,"travelersbackpack:backpack_tank":2,"minecraft:wooden_pickaxe":1,"minecraft:copper_ingot":6,"minecraft:acacia_boat":1,"minecraft:air":0,"minecraft:stick":8,"minecraft:stone_sword":1,"minecraft:gold_ingot":1,"minecraft:white_bed":1,"minecraft:acacia_planks":56},"minecraft:broken":{"minecraft:stone_pickaxe":1}},"DataVersion":3465}