{"stats":{"minecraft:killed":{"minecraft:cave_spider":3,"minecraft:pig":3,"minecraft:sheep":3,"minecraft:zombie":1,"irons_spellbooks:archevoker":1,"minecraft:cow":3},"minecraft:mined":{"minecraft:tuff":2,"minecraft:spruce_planks":3,"minecraft:white_bed":2,"minecraft:spruce_fence":1,"minecraft:grass_block":2,"minecraft:brown_mushroom_block":2,"minecraft:mud_bricks":10,"minecraft:cobblestone":5,"minecraft:oak_planks":1,"minecraft:seagrass":4,"minecraft:tall_seagrass":3,"minecraft:birch_planks":1,"minecraft:furnace":1,"minecraft:birch_log":5,"minecraft:iron_ore":14,"minecraft:cobbled_deepslate":1,"minecraft:deepslate_lapis_ore":5,"minecraft:gold_block":1,"minecraft:grass":7,"minecraft:oak_log":19,"minecraft:coal_ore":7,"minecraft:deepslate_iron_ore":4,"minecraft:dirt":4,"minecraft:cobweb":42,"irons_spellbooks:inscription_table":1,"minecraft:stone":79,"minecraft:oak_leaves":2,"minecraft:deepslate":16},"minecraft:used":{"minecraft:cooked_mutton":4,"minecraft:water_bucket":168,"minecraft:stone_sword":92,"minecraft:birch_planks":11,"minecraft:stone_pickaxe":171,"minecraft:oak_planks":22,"minecraft:spruce_planks":2,"minecraft:wooden_pickaxe":8,"minecraft:iron_sword":19,"minecraft:torch":31,"minecraft:dirt":5,"minecraft:rail":22,"minecraft:crafting_table":9,"minecraft:white_bed":4,"minecraft:tuff":2,"minecraft:spruce_fence":1,"minecraft:bread":2,"minecraft:iron_pickaxe":1,"minecraft:mud_bricks":16,"minecraft:stone_axe":52,"minecraft:cobblestone":36,"minecraft:goat_horn":1,"minecraft:furnace":3,"minecraft:cooked_porkchop":5,"minecraft:bucket":166,"minecraft:dandelion":1,"minecraft:cooked_beef":12,"minecraft:experience_bottle":216,"minecraft:cobbled_deepslate":15},"minecraft:crafted":{"minecraft:oak_planks":76,"minecraft:cooked_porkchop":5,"minecraft:crafting_table":9,"minecraft:wooden_pickaxe":1,"minecraft:furnace":4,"minecraft:birch_planks":20,"minecraft:stone_axe":1,"minecraft:cooked_mutton":4,"minecraft:air":0,"minecraft:white_wool":3,"minecraft:stick":24,"minecraft:iron_ingot":13,"minecraft:stone_pickaxe":3,"minecraft:stone_sword":1,"minecraft:gold_ingot":9,"minecraft:white_bed":2},"minecraft:broken":{"minecraft:stone_pickaxe":1,"minecraft:stone_sword":1},"minecraft:picked_up":{"irons_spellbooks:scroll":3,"minecraft:birch_log":5,"minecraft:mud_bricks":9,"minecraft:water_bucket":1,"minecraft:leather":4,"minecraft:brown_mushroom":3,"minecraft:wooden_pickaxe":1,"minecraft:gold_block":1,"minecraft:birch_planks":4,"minecraft:tuff":4,"minecraft:oak_log":24,"minecraft:lapis_lazuli":108,"minecraft:string":199,"minecraft:dirt":6,"minecraft:moss_carpet":4,"irons_spellbooks:rare_ink":1,"minecraft:name_tag":2,"irons_spellbooks:common_ink":5,"irons_spellbooks:arcane_essence":11,"minecraft:wheat_seeds":4,"minecraft:cobbled_deepslate":44,"minecraft:spruce_planks":3,"minecraft:bucket":1,"minecraft:beef":7,"minecraft:iron_ingot":11,"minecraft:stone_pickaxe":4,"weaponmaster:tutorialbook":10,"irons_spellbooks:emerald_stoneplate_ring":3,"minecraft:iron_pickaxe":2,"irons_spellbooks:blank_rune":2,"minecraft:powered_rail":2,"irons_spellbooks:inscription_table":1,"minecraft:oak_planks":55,"minecraft:iron_boots":1,"minecraft:furnace":2,"minecraft:stick":24,"minecraft:raw_iron":25,"irons_spellbooks:legendary_ink":1,"minecraft:torch":24,"minecraft:dandelion":1,"minecraft:spruce_fence":1,"minecraft:porkchop":14,"minecraft:white_bed":2,"minecraft:redstone":22,"minecraft:green_carpet":5,"rpgsmw:class_choose_orb":4,"irons_spellbooks:evocation_rune":1,"minecraft:stone_sword":3,"minecraft:rotten_flesh":2,"minecraft:beetroot_seeds":22,"minecraft:stone_axe":3,"minecraft:golden_apple":2,"minecraft:gold_ingot":4,"minecraft:oak_sapling":1,"minecraft:glow_berries":14,"minecraft:mutton":12,"minecraft:coal":14,"minecraft:rail":44,"minecraft:white_wool":3,"minecraft:cobblestone":168},"minecraft:custom":{"minecraft:interact_with_furnace":25,"minecraft:mob_kills":14,"minecraft:interact_with_crafting_table":18,"minecraft:open_barrel":6,"minecraft:climb_one_cm":5254,"minecraft:leave_game":1,"minecraft:time_since_death":35932,"minecraft:sleep_in_bed":1,"minecraft:waystone_activated":2,"minecraft:time_since_rest":35978,"minecraft:sprint_one_cm":512781,"minecraft:damage_taken":2137,"minecraft:walk_one_cm":345123,"minecraft:drop":31,"minecraft:damage_dealt":2701,"minecraft:talked_to_villager":1,"minecraft:swim_one_cm":1006947,"minecraft:fly_one_cm":1473258,"minecraft:open_chest":50,"minecraft:crouch_one_cm":18374,"minecraft:play_time":133920,"minecraft:deaths":4,"minecraft:sneak_time":8360,"minecraft:walk_under_water_one_cm":1768542,"minecraft:interact_with_lectern":2,"minecraft:jump":1313,"minecraft:walk_on_water_one_cm":281494,"minecraft:total_world_time":133920,"minecraft:fall_one_cm":30533},"minecraft:dropped":{"bountiful:bounty":2,"minecraft:brown_mushroom":3,"minecraft:porkchop":4,"minecraft:birch_planks":1,"minecraft:wheat_seeds":4,"minecraft:cobbled_deepslate":8,"minecraft:stone_sword":1,"weaponmaster:tutorialbook":1,"minecraft:experience_bottle":2,"minecraft:cobblestone":2,"minecraft:rotten_flesh":2,"minecraft:oak_planks":15,"minecraft:golden_apple":1,"minecraft:stick":3,"minecraft:dirt":1,"minecraft:mutton":4,"minecraft:oak_sapling":1,"rpgsmw:class_choose_orb":1,"minecraft:wooden_pickaxe":3,"minecraft:stone_pickaxe":2,"irons_spellbooks:emerald_stoneplate_ring":1},"minecraft:killed_by":{"iceandfire:stymphalian_bird":1}},"DataVersion":3465}