{"stats":{"minecraft:used":{"minecraft:stone_sword":21,"minecraft:birch_planks":11,"minecraft:stone_pickaxe":61,"minecraft:wooden_pickaxe":7,"minecraft:stone_axe":7,"minecraft:dirt":5,"minecraft:cobblestone":6,"minecraft:crafting_table":2,"minecraft:white_bed":2},"minecraft:mined":{"minecraft:birch_planks":1,"minecraft:white_bed":2,"minecraft:birch_log":5,"minecraft:grass":3,"minecraft:coal_ore":1,"minecraft:grass_block":2,"minecraft:oak_log":11,"minecraft:dirt":3,"minecraft:stone":67,"minecraft:oak_leaves":2},"minecraft:killed":{"minecraft:sheep":3,"minecraft:pig":3},"minecraft:crafted":{"minecraft:oak_planks":24,"minecraft:crafting_table":2,"minecraft:stick":8,"minecraft:stone_pickaxe":1,"minecraft:stone_sword":1,"minecraft:white_bed":1,"minecraft:birch_planks":20,"minecraft:stone_axe":1},"minecraft:picked_up":{"minecraft:birch_log":5,"minecraft:stick":4,"minecraft:wooden_pickaxe":1,"minecraft:birch_planks":3,"minecraft:porkchop":14,"minecraft:oak_log":16,"minecraft:white_bed":2,"minecraft:dirt":5,"rpgsmw:class_choose_orb":2,"minecraft:stone_sword":2,"minecraft:stone_axe":1,"minecraft:stone_pickaxe":2,"weaponmaster:tutorialbook":3,"minecraft:oak_sapling":1,"minecraft:mutton":12,"minecraft:oak_planks":30,"minecraft:coal":1,"minecraft:white_wool":3,"minecraft:cobblestone":122},"minecraft:custom":{"minecraft:time_since_rest":1030,"minecraft:sprint_one_cm":46444,"minecraft:damage_taken":640,"minecraft:walk_one_cm":58587,"minecraft:mob_kills":6,"minecraft:drop":13,"minecraft:damage_dealt":540,"minecraft:swim_one_cm":522421,"minecraft:interact_with_crafting_table":5,"minecraft:fly_one_cm":109231,"minecraft:crouch_one_cm":2757,"minecraft:play_time":25920,"minecraft:deaths":2,"minecraft:sneak_time":1719,"minecraft:walk_under_water_one_cm":20598,"minecraft:jump":229,"minecraft:leave_game":1,"minecraft:time_since_death":1019,"minecraft:walk_on_water_one_cm":54254,"minecraft:sleep_in_bed":1,"minecraft:total_world_time":25920,"minecraft:fall_one_cm":6653},"minecraft:dropped":{"minecraft:birch_planks":1,"minecraft:porkchop":4,"minecraft:stone_sword":1,"minecraft:mutton":4,"weaponmaster:tutorialbook":1,"minecraft:oak_sapling":1,"rpgsmw:class_choose_orb":1,"minecraft:cobblestone":2,"minecraft:oak_planks":15,"minecraft:stone_pickaxe":1,"minecraft:wooden_pickaxe":2,"minecraft:stick":3}},"DataVersion":3465}