{"stats":{"minecraft:killed":{"minecraft:cave_spider":1,"minecraft:pig":3,"minecraft:sheep":3,"minecraft:zombie":1},"minecraft:mined":{"minecraft:white_bed":2,"minecraft:grass_block":2,"minecraft:cobblestone":2,"minecraft:birch_planks":1,"minecraft:furnace":1,"minecraft:birch_log":5,"minecraft:iron_ore":14,"minecraft:grass":3,"minecraft:oak_log":11,"minecraft:coal_ore":7,"minecraft:dirt":3,"minecraft:cobweb":18,"minecraft:stone":77,"minecraft:oak_leaves":2,"minecraft:deepslate":4},"minecraft:used":{"minecraft:cooked_mutton":4,"minecraft:water_bucket":45,"minecraft:stone_sword":49,"minecraft:birch_planks":11,"minecraft:stone_pickaxe":103,"minecraft:oak_planks":9,"minecraft:wooden_pickaxe":7,"minecraft:torch":16,"minecraft:dirt":5,"minecraft:crafting_table":4,"minecraft:white_bed":3,"minecraft:stone_axe":7,"minecraft:cobblestone":19,"minecraft:furnace":3,"minecraft:cooked_porkchop":5,"minecraft:bucket":46},"minecraft:crafted":{"minecraft:oak_planks":44,"minecraft:cooked_porkchop":5,"minecraft:crafting_table":4,"minecraft:furnace":3,"minecraft:birch_planks":20,"minecraft:stone_axe":1,"minecraft:cooked_mutton":4,"minecraft:air":0,"minecraft:stick":16,"minecraft:iron_ingot":13,"minecraft:stone_pickaxe":1,"minecraft:stone_sword":1,"minecraft:white_bed":1},"minecraft:picked_up":{"minecraft:birch_log":5,"minecraft:wooden_pickaxe":1,"minecraft:birch_planks":3,"minecraft:oak_log":16,"minecraft:string":16,"minecraft:dirt":5,"minecraft:cobbled_deepslate":4,"minecraft:stone_pickaxe":2,"weaponmaster:tutorialbook":3,"minecraft:oak_planks":30,"minecraft:furnace":1,"minecraft:stick":4,"minecraft:raw_iron":13,"minecraft:torch":4,"minecraft:porkchop":14,"minecraft:white_bed":2,"rpgsmw:class_choose_orb":2,"minecraft:stone_sword":2,"minecraft:rotten_flesh":2,"minecraft:stone_axe":1,"minecraft:oak_sapling":1,"minecraft:mutton":12,"minecraft:coal":8,"minecraft:white_wool":3,"minecraft:cobblestone":133},"minecraft:custom":{"minecraft:interact_with_furnace":25,"minecraft:mob_kills":8,"minecraft:interact_with_crafting_table":8,"minecraft:leave_game":1,"minecraft:time_since_death":43019,"minecraft:sleep_in_bed":1,"minecraft:time_since_rest":43030,"minecraft:sprint_one_cm":286696,"minecraft:damage_taken":910,"minecraft:walk_one_cm":98208,"minecraft:drop":16,"minecraft:damage_dealt":859,"minecraft:swim_one_cm":545552,"minecraft:fly_one_cm":150926,"minecraft:crouch_one_cm":8423,"minecraft:play_time":67920,"minecraft:deaths":2,"minecraft:sneak_time":4122,"minecraft:walk_under_water_one_cm":1482429,"minecraft:jump":403,"minecraft:walk_on_water_one_cm":118868,"minecraft:total_world_time":67920,"minecraft:fall_one_cm":11248},"minecraft:dropped":{"minecraft:porkchop":4,"minecraft:birch_planks":1,"minecraft:stone_sword":1,"weaponmaster:tutorialbook":1,"minecraft:cobblestone":2,"minecraft:rotten_flesh":2,"minecraft:oak_planks":15,"minecraft:golden_apple":1,"minecraft:stick":3,"minecraft:mutton":4,"minecraft:oak_sapling":1,"rpgsmw:class_choose_orb":1,"minecraft:wooden_pickaxe":2,"minecraft:stone_pickaxe":1}},"DataVersion":3465}