{"stats":{"minecraft:killed":{"minecraft:pig":12,"minecraft:spider":5,"irons_spellbooks:necromancer":1,"minecraft:sheep":9,"minecraft:skeleton":7,"minecraft:zombie":12,"iceandfire:ghost":2,"minecraft:chicken":4,"minecraft:enderman":1,"minecraft:cow":4},"minecraft:mined":{"iceandfire:silver_ore":3,"minecraft:crafting_table":2,"minecraft:torch":2,"minecraft:grass_block":3,"minecraft:cobblestone":1,"minecraft:tall_grass":2,"minecraft:wall_torch":2,"minecraft:birch_planks":3,"minecraft:furnace":6,"minecraft:birch_log":23,"minecraft:iron_ore":2,"minecraft:birch_leaves":6,"minecraft:grass":7,"minecraft:vine":1,"minecraft:coal_ore":51,"minecraft:dirt":7,"minecraft:stone":54},"minecraft:used":{"minecraft:cooked_mutton":4,"minecraft:stone_sword":134,"minecraft:birch_planks":22,"minecraft:stone_pickaxe":100,"minecraft:wooden_pickaxe":21,"minecraft:wooden_shovel":8,"minecraft:cooked_chicken":2,"minecraft:torch":11,"minecraft:mutton":3,"minecraft:crafting_table":4,"minecraft:wooden_axe":19,"minecraft:brown_wool":1,"epicfight:stone_greatsword":3,"minecraft:stone_axe":6,"minecraft:wooden_sword":58,"minecraft:cobblestone":10,"minecraft:furnace":3,"minecraft:porkchop":1,"minecraft:cooked_porkchop":6,"minecraft:cooked_beef":3},"minecraft:crafted":{"minecraft:cooked_beef":2,"minecraft:wooden_sword":1,"minecraft:wooden_shovel":1,"minecraft:stone_shovel":1,"iceandfire:silver_ingot":3,"minecraft:cooked_porkchop":14,"minecraft:crafting_table":2,"minecraft:wooden_pickaxe":1,"minecraft:furnace":1,"minecraft:birch_planks":92,"minecraft:cooked_mutton":4,"minecraft:air":0,"minecraft:stick":20,"minecraft:iron_ingot":1,"minecraft:stone_pickaxe":1,"minecraft:wooden_axe":2,"minecraft:torch":8},"minecraft:broken":{"minecraft:stone_sword":1,"epicfight:stone_greatsword":1},"minecraft:picked_up":{"minecraft:wooden_axe":2,"minecraft:birch_log":33,"minecraft:crafting_table":3,"minecraft:clock":2,"minecraft:azure_bluet":3,"minecraft:feather":6,"minecraft:cooked_beef":2,"minecraft:chicken":3,"minecraft:brown_wool":2,"minecraft:leather":3,"minecraft:fern":6,"minecraft:wooden_pickaxe":2,"minecraft:birch_planks":47,"minecraft:map":9,"minecraft:dirt":26,"minecraft:string":6,"minecraft:wooden_sword":2,"minecraft:compass":3,"minecraft:bone":25,"irons_spellbooks:arcane_essence":12,"minecraft:iron_ingot":1,"minecraft:beef":6,"minecraft:stone_pickaxe":2,"minecraft:cooked_chicken":2,"weaponmaster:tutorialbook":2,"minecraft:birch_sapling":3,"minecraft:furnace":5,"minecraft:egg":14,"minecraft:raw_iron":2,"minecraft:stick":2,"epicfight:stone_greatsword":2,"minecraft:torch":5,"minecraft:gravel":2,"minecraft:porkchop":28,"minecraft:white_bed":1,"minecraft:spider_eye":1,"rpgsmw:class_choose_orb":2,"minecraft:stone_sword":2,"minecraft:arrow":21,"minecraft:stone_shovel":2,"minecraft:rotten_flesh":15,"minecraft:stone_axe":2,"minecraft:mutton":19,"minecraft:coal":116,"minecraft:white_wool":15,"iceandfire:raw_silver":6,"minecraft:cobblestone":89},"minecraft:custom":{"minecraft:interact_with_furnace":40,"minecraft:mob_kills":58,"minecraft:interact_with_crafting_table":25,"minecraft:leave_game":7,"minecraft:time_since_death":23314,"minecraft:climb_one_cm":51003,"minecraft:time_since_rest":23336,"minecraft:sprint_one_cm":803827,"minecraft:damage_taken":1757,"minecraft:walk_one_cm":304599,"minecraft:trigger_trapped_chest":1,"minecraft:drop":29,"minecraft:damage_dealt":8196,"minecraft:damage_dealt_absorbed":36,"minecraft:swim_one_cm":18577,"minecraft:fly_one_cm":547053,"minecraft:crouch_one_cm":9269,"minecraft:play_time":73719,"minecraft:deaths":3,"minecraft:sneak_time":3350,"minecraft:walk_under_water_one_cm":3597,"minecraft:jump":1580,"minecraft:walk_on_water_one_cm":11703,"minecraft:total_world_time":73719,"minecraft:fall_one_cm":33855},"minecraft:dropped":{"minecraft:compass":1,"weaponmaster:tutorialbook":2,"minecraft:birch_sapling":1,"minecraft:rotten_flesh":9,"minecraft:cobblestone":15,"minecraft:fern":6,"minecraft:azure_bluet":1,"minecraft:wooden_axe":1,"minecraft:map":9,"minecraft:wooden_shovel":1,"minecraft:string":2,"minecraft:egg":8},"minecraft:killed_by":{"irons_spellbooks:summoned_zombie":1}},"DataVersion":3465}