{"stats":{"minecraft:killed":{"minecraft:pig":6,"minecraft:spider":2,"irons_spellbooks:necromancer":1,"minecraft:sheep":8,"minecraft:skeleton":6,"minecraft:zombie":10,"minecraft:chicken":2,"minecraft:enderman":1,"minecraft:cow":2},"minecraft:mined":{"iceandfire:silver_ore":3,"minecraft:crafting_table":2,"minecraft:torch":1,"minecraft:grass_block":1,"minecraft:tall_grass":2,"minecraft:wall_torch":2,"minecraft:furnace":3,"minecraft:birch_log":23,"minecraft:iron_ore":2,"minecraft:birch_leaves":6,"minecraft:grass":6,"minecraft:coal_ore":51,"minecraft:dirt":7,"minecraft:stone":54},"minecraft:used":{"minecraft:cooked_mutton":4,"minecraft:stone_sword":126,"minecraft:birch_planks":3,"minecraft:stone_pickaxe":93,"minecraft:wooden_pickaxe":21,"minecraft:wooden_shovel":8,"minecraft:cooked_chicken":2,"minecraft:torch":11,"minecraft:crafting_table":3,"minecraft:wooden_axe":17,"minecraft:stone_axe":6,"minecraft:wooden_sword":6,"minecraft:furnace":2,"minecraft:cooked_porkchop":2,"minecraft:cooked_beef":2},"minecraft:crafted":{"minecraft:cooked_beef":2,"minecraft:wooden_sword":1,"minecraft:wooden_shovel":1,"minecraft:stone_shovel":1,"minecraft:cooked_porkchop":2,"minecraft:crafting_table":2,"minecraft:wooden_pickaxe":1,"minecraft:furnace":1,"minecraft:birch_planks":92,"minecraft:cooked_mutton":4,"minecraft:air":0,"minecraft:stick":16,"minecraft:iron_ingot":1,"minecraft:stone_pickaxe":1,"minecraft:wooden_axe":1,"minecraft:torch":8},"minecraft:picked_up":{"minecraft:wooden_axe":1,"minecraft:birch_log":33,"minecraft:crafting_table":2,"minecraft:clock":1,"minecraft:azure_bluet":2,"minecraft:feather":4,"minecraft:cooked_beef":1,"minecraft:chicken":2,"minecraft:brown_wool":1,"minecraft:leather":1,"minecraft:wooden_pickaxe":1,"minecraft:birch_planks":7,"minecraft:map":9,"minecraft:dirt":16,"minecraft:wooden_sword":1,"minecraft:compass":2,"minecraft:bone":12,"irons_spellbooks:arcane_essence":8,"minecraft:beef":2,"minecraft:stone_pickaxe":1,"minecraft:cooked_chicken":2,"weaponmaster:tutorialbook":1,"minecraft:birch_sapling":2,"minecraft:egg":4,"minecraft:furnace":1,"minecraft:raw_iron":1,"minecraft:stick":2,"epicfight:stone_greatsword":1,"minecraft:torch":4,"minecraft:gravel":1,"minecraft:porkchop":12,"rpgsmw:class_choose_orb":1,"minecraft:stone_sword":1,"minecraft:arrow":11,"minecraft:stone_shovel":1,"minecraft:rotten_flesh":7,"minecraft:stone_axe":1,"minecraft:mutton":12,"minecraft:coal":66,"minecraft:white_wool":10,"iceandfire:raw_silver":3,"minecraft:cobblestone":65},"minecraft:custom":{"minecraft:interact_with_furnace":17,"minecraft:mob_kills":39,"minecraft:interact_with_crafting_table":24,"minecraft:leave_game":5,"minecraft:time_since_death":3015,"minecraft:climb_one_cm":31051,"minecraft:time_since_rest":3037,"minecraft:sprint_one_cm":442009,"minecraft:damage_taken":1297,"minecraft:walk_one_cm":213904,"minecraft:drop":16,"minecraft:damage_dealt":5594,"minecraft:damage_dealt_absorbed":20,"minecraft:swim_one_cm":2966,"minecraft:fly_one_cm":278038,"minecraft:crouch_one_cm":8664,"minecraft:play_time":53420,"minecraft:deaths":3,"minecraft:sneak_time":3231,"minecraft:walk_under_water_one_cm":1420,"minecraft:jump":843,"minecraft:walk_on_water_one_cm":4308,"minecraft:total_world_time":53420,"minecraft:fall_one_cm":15243},"minecraft:dropped":{"minecraft:compass":1,"weaponmaster:tutorialbook":2,"minecraft:rotten_flesh":1,"minecraft:cobblestone":15,"minecraft:map":9,"minecraft:wooden_shovel":1,"minecraft:egg":1},"minecraft:killed_by":{"irons_spellbooks:summoned_zombie":1}},"DataVersion":3465}