{"stats":{"minecraft:used":{"minecraft:crafting_table":2,"minecraft:wooden_shovel":3},"minecraft:mined":{"minecraft:grass_block":1,"minecraft:dirt":2,"minecraft:birch_log":7,"minecraft:birch_leaves":3,"minecraft:crafting_table":1},"minecraft:crafted":{"minecraft:wooden_sword":1,"minecraft:wooden_shovel":1,"minecraft:birch_planks":28,"minecraft:crafting_table":1,"minecraft:stick":16,"minecraft:wooden_pickaxe":1,"minecraft:wooden_axe":1},"minecraft:picked_up":{"minecraft:birch_log":7,"minecraft:crafting_table":1,"minecraft:compass":1,"minecraft:dirt":2},"minecraft:custom":{"minecraft:time_since_rest":10676,"minecraft:crouch_one_cm":77,"minecraft:sprint_one_cm":54111,"minecraft:play_time":10676,"minecraft:damage_taken":20,"minecraft:walk_one_cm":14108,"minecraft:sneak_time":247,"minecraft:drop":1,"minecraft:jump":93,"minecraft:damage_dealt":50,"minecraft:leave_game":3,"minecraft:time_since_death":10676,"minecraft:climb_one_cm":4893,"minecraft:total_world_time":10676,"minecraft:interact_with_crafting_table":17,"minecraft:fall_one_cm":1227,"minecraft:fly_one_cm":23671},"minecraft:dropped":{"minecraft:compass":1}},"DataVersion":3465}