{"stats":{"minecraft:mined":{"minecraft:furnace":2,"minecraft:birch_log":17,"minecraft:birch_leaves":3,"minecraft:crafting_table":1,"minecraft:grass":2,"minecraft:grass_block":1,"minecraft:dirt":7,"minecraft:tall_grass":2,"minecraft:stone":41},"minecraft:used":{"minecraft:wooden_axe":17,"minecraft:stone_sword":27,"minecraft:stone_pickaxe":22,"minecraft:wooden_pickaxe":21,"minecraft:wooden_shovel":8,"minecraft:stone_axe":5,"minecraft:wooden_sword":6,"minecraft:crafting_table":2,"minecraft:cooked_porkchop":2},"minecraft:killed":{"minecraft:skeleton":1,"minecraft:sheep":3,"minecraft:zombie":2,"minecraft:pig":1,"minecraft:chicken":2,"minecraft:enderman":1},"minecraft:crafted":{"minecraft:wooden_sword":1,"minecraft:wooden_shovel":1,"minecraft:stone_shovel":1,"minecraft:cooked_porkchop":2,"minecraft:crafting_table":1,"minecraft:stick":16,"minecraft:wooden_pickaxe":1,"minecraft:stone_pickaxe":1,"minecraft:wooden_axe":1,"minecraft:birch_planks":28,"minecraft:cooked_mutton":3,"minecraft:air":0},"minecraft:picked_up":{"minecraft:birch_log":17,"minecraft:cooked_beef":1,"minecraft:crafting_table":1,"minecraft:feather":2,"minecraft:chicken":2,"minecraft:porkchop":3,"minecraft:dirt":8,"minecraft:compass":1,"minecraft:cooked_chicken":2,"minecraft:birch_sapling":1,"minecraft:coal":15,"minecraft:mutton":5,"minecraft:white_wool":3,"minecraft:cobblestone":38},"minecraft:custom":{"minecraft:time_since_rest":22676,"minecraft:interact_with_furnace":6,"minecraft:sprint_one_cm":187139,"minecraft:damage_taken":207,"minecraft:walk_one_cm":75888,"minecraft:mob_kills":10,"minecraft:drop":3,"minecraft:damage_dealt":1270,"minecraft:swim_one_cm":2171,"minecraft:interact_with_crafting_table":21,"minecraft:fly_one_cm":122437,"minecraft:crouch_one_cm":5607,"minecraft:play_time":22676,"minecraft:sneak_time":1602,"minecraft:walk_under_water_one_cm":125,"minecraft:jump":369,"minecraft:leave_game":3,"minecraft:walk_on_water_one_cm":171,"minecraft:time_since_death":22676,"minecraft:total_world_time":22676,"minecraft:climb_one_cm":18161,"minecraft:fall_one_cm":7255},"minecraft:dropped":{"minecraft:compass":1,"minecraft:wooden_shovel":1,"minecraft:cobblestone":15}},"DataVersion":3465}