{"stats":{"minecraft:used":{"minecraft:cooked_mutton":2,"minecraft:stone_sword":80,"minecraft:birch_planks":12,"minecraft:stone_pickaxe":79,"minecraft:chest":2,"minecraft:cooked_chicken":3,"minecraft:dirt":10,"minecraft:crafting_table":5,"minecraft:white_bed":1,"minecraft:gravel":2,"minecraft:stone_axe":19,"minecraft:cobblestone":1,"minecraft:furnace":2,"minecraft:cooked_porkchop":3,"minecraft:cooked_beef":4},"minecraft:picked_up":{"minecraft:birch_log":26,"minecraft:feather":6,"minecraft:cooked_beef":12,"minecraft:chicken":3,"minecraft:leather":19,"minecraft:birch_planks":9,"minecraft:gunpowder":2,"minecraft:dirt":11,"minecraft:string":4,"minecraft:cooked_mutton":1,"minecraft:wheat_seeds":1,"minecraft:gold_nugget":10,"minecraft:beef":21,"minecraft:stone_pickaxe":1,"minecraft:cooked_chicken":3,"weaponmaster:tutorialbook":7,"minecraft:light_gray_wool":2,"minecraft:birch_sapling":2,"minecraft:furnace":2,"minecraft:egg":1,"minecraft:stick":9,"minecraft:cooked_porkchop":5,"minecraft:gravel":4,"minecraft:porkchop":8,"minecraft:spider_eye":1,"rpgsmw:class_choose_orb":3,"minecraft:stone_sword":1,"minecraft:arrow":4,"minecraft:rotten_flesh":1,"minecraft:mutton":7,"minecraft:coal":40,"iceandfire:raw_silver":8,"minecraft:white_wool":4,"minecraft:cobblestone":110},"minecraft:mined":{"iceandfire:silver_ore":4,"minecraft:grass_block":3,"minecraft:furnace":2,"minecraft:birch_log":26,"minecraft:birch_leaves":1,"minecraft:grass":6,"minecraft:coal_ore":15,"minecraft:sunflower":1,"minecraft:gravel":2,"minecraft:dirt":8,"minecraft:stone":6},"minecraft:custom":{"minecraft:interact_with_furnace":29,"minecraft:mob_kills":29,"minecraft:interact_with_crafting_table":10,"minecraft:leave_game":1,"minecraft:time_since_death":11453,"minecraft:sleep_in_bed":1,"minecraft:time_since_rest":1850,"minecraft:sprint_one_cm":170942,"minecraft:damage_taken":949,"minecraft:walk_one_cm":201691,"minecraft:drop":4,"minecraft:damage_dealt":3530,"minecraft:swim_one_cm":38484,"minecraft:fly_one_cm":395985,"minecraft:open_chest":17,"minecraft:crouch_one_cm":24860,"minecraft:play_time":51050,"minecraft:deaths":1,"minecraft:sneak_time":4359,"minecraft:walk_under_water_one_cm":4026,"minecraft:jump":873,"minecraft:walk_on_water_one_cm":14507,"minecraft:total_world_time":51050,"minecraft:fall_one_cm":89819},"minecraft:broken":{"minecraft:stone_pickaxe":1},"minecraft:dropped":{"minecraft:wheat_seeds":1,"minecraft:birch_sapling":2,"minecraft:rotten_flesh":1,"minecraft:wooden_pickaxe":1},"minecraft:crafted":{"minecraft:cooked_beef":10,"minecraft:cooked_porkchop":8,"minecraft:crafting_table":5,"minecraft:wooden_pickaxe":1,"minecraft:cooked_chicken":3,"minecraft:furnace":2,"minecraft:birch_planks":104,"minecraft:stone_axe":1,"minecraft:cooked_mutton":3,"minecraft:air":0,"minecraft:stick":8,"minecraft:stone_pickaxe":2,"minecraft:chest":2,"minecraft:white_bed":1},"minecraft:killed":{"minecraft:pig":4,"minecraft:spider":3,"minecraft:creeper":1,"minecraft:sheep":3,"minecraft:skeleton":1,"minecraft:zombie":3,"minecraft:chicken":3,"minecraft:drowned":1,"minecraft:cow":10}},"DataVersion":3465}