{"stats":{"minecraft:used":{"minecraft:stone_pickaxe":54,"minecraft:dirt":8,"minecraft:crafting_table":2,"minecraft:furnace":2,"minecraft:cooked_beef":2},"minecraft:picked_up":{"minecraft:birch_log":7,"minecraft:feather":3,"minecraft:chicken":3,"minecraft:leather":5,"minecraft:gravel":2,"minecraft:porkchop":8,"minecraft:dirt":10,"minecraft:beef":14,"minecraft:light_gray_wool":1,"minecraft:mutton":3,"minecraft:white_wool":1,"minecraft:cobblestone":32},"minecraft:mined":{"minecraft:birch_log":7,"minecraft:birch_leaves":1,"minecraft:grass_block":2,"minecraft:gravel":2,"minecraft:dirt":8,"minecraft:stone":2},"minecraft:custom":{"minecraft:time_since_rest":15051,"minecraft:interact_with_furnace":7,"minecraft:sprint_one_cm":20631,"minecraft:damage_taken":184,"minecraft:walk_one_cm":134306,"minecraft:mob_kills":14,"minecraft:drop":1,"minecraft:damage_dealt":1176,"minecraft:interact_with_crafting_table":5,"minecraft:fly_one_cm":10624,"minecraft:crouch_one_cm":7925,"minecraft:play_time":15051,"minecraft:sneak_time":1238,"minecraft:walk_under_water_one_cm":2879,"minecraft:jump":160,"minecraft:time_since_death":15051,"minecraft:walk_on_water_one_cm":7189,"minecraft:total_world_time":15051,"minecraft:fall_one_cm":3373},"minecraft:dropped":{"minecraft:wooden_pickaxe":1},"minecraft:crafted":{"minecraft:cooked_beef":1,"minecraft:crafting_table":2,"minecraft:stick":8,"minecraft:wooden_pickaxe":1,"minecraft:stone_pickaxe":1,"minecraft:furnace":2,"minecraft:birch_planks":28,"minecraft:air":0},"minecraft:killed":{"minecraft:sheep":2,"minecraft:pig":4,"minecraft:chicken":3,"minecraft:cow":5}},"DataVersion":3465}