{"stats":{"minecraft:used":{"minecraft:stone_sword":15,"minecraft:stone_pickaxe":56,"minecraft:dirt":8,"minecraft:crafting_table":2,"minecraft:furnace":2,"minecraft:cooked_porkchop":3,"minecraft:cooked_beef":2},"minecraft:picked_up":{"minecraft:birch_log":7,"minecraft:stick":4,"minecraft:cooked_beef":1,"minecraft:feather":3,"minecraft:chicken":3,"minecraft:leather":5,"minecraft:gravel":2,"minecraft:porkchop":8,"minecraft:gunpowder":2,"minecraft:dirt":10,"minecraft:beef":14,"minecraft:light_gray_wool":1,"minecraft:birch_sapling":2,"minecraft:coal":3,"minecraft:mutton":3,"minecraft:white_wool":1,"minecraft:cobblestone":32,"minecraft:furnace":2},"minecraft:mined":{"minecraft:furnace":2,"minecraft:birch_log":7,"minecraft:birch_leaves":1,"minecraft:grass_block":2,"minecraft:gravel":2,"minecraft:dirt":8,"minecraft:stone":2},"minecraft:custom":{"minecraft:time_since_rest":27051,"minecraft:interact_with_furnace":29,"minecraft:sprint_one_cm":43411,"minecraft:damage_taken":334,"minecraft:walk_one_cm":148335,"minecraft:mob_kills":17,"minecraft:drop":2,"minecraft:damage_dealt":1704,"minecraft:interact_with_crafting_table":6,"minecraft:fly_one_cm":32235,"minecraft:crouch_one_cm":8951,"minecraft:play_time":27051,"minecraft:sneak_time":1712,"minecraft:walk_under_water_one_cm":2879,"minecraft:jump":247,"minecraft:time_since_death":27051,"minecraft:walk_on_water_one_cm":7381,"minecraft:total_world_time":27051,"minecraft:fall_one_cm":7243},"minecraft:dropped":{"minecraft:birch_sapling":2,"minecraft:wooden_pickaxe":1},"minecraft:crafted":{"minecraft:cooked_beef":10,"minecraft:cooked_porkchop":8,"minecraft:crafting_table":2,"minecraft:stick":8,"minecraft:wooden_pickaxe":1,"minecraft:cooked_chicken":3,"minecraft:stone_pickaxe":1,"minecraft:furnace":2,"minecraft:birch_planks":28,"minecraft:cooked_mutton":3,"minecraft:air":0},"minecraft:killed":{"minecraft:sheep":2,"minecraft:zombie":1,"minecraft:pig":4,"minecraft:chicken":3,"minecraft:drowned":1,"minecraft:creeper":1,"minecraft:cow":5}},"DataVersion":3465}