{
  "minecraft:recipes/decorations/crafting_table": {
    "criteria": {
      "unlock_right_away": "2024-07-25 04:44:03 +0000"
    },
    "done": true
  },
  "irons_spellbooks:grant_patchouli": {
    "criteria": {
      "tick": "2024-07-25 04:44:03 +0000"
    },
    "done": true
  },
  "iceandfire:iceandfire/root": {
    "criteria": {
      "tick": "2024-07-25 04:44:03 +0000"
    },
    "done": true
  },
  "weaponmaster:parts/root": {
    "criteria": {
      "crafting_table": "2024-07-25 04:44:03 +0000"
    },
    "done": true
  },
  "rpgsmw:choose_your_class": {
    "criteria": {
      "choose_your_class_0": "2024-07-25 04:44:03 +0000"
    },
    "done": true
  },
  "minecraft:adventure/adventuring_time": {
    "criteria": {
      "minecraft:birch_forest": "2024-07-25 04:44:04 +0000"
    },
    "done": false
  },
  "minecraft:nether/explore_nether": {
    "criteria": {
      "minecraft:crimson_forest": "2024-07-25 05:29:40 +0000",
      "minecraft:nether_wastes": "2024-07-25 04:46:18 +0000",
      "minecraft:basalt_deltas": "2024-07-25 05:10:14 +0000",
      "minecraft:warped_forest": "2024-07-25 05:00:50 +0000"
    },
    "done": false
  },
  "minecraft:story/enter_the_nether": {
    "criteria": {
      "entered_nether": "2024-07-25 04:46:18 +0000"
    },
    "done": true
  },
  "minecraft:nether/root": {
    "criteria": {
      "entered_nether": "2024-07-25 04:46:18 +0000"
    },
    "done": true
  },
  "minecraft:adventure/root": {
    "criteria": {
      "killed_by_something": "2024-07-25 04:49:23 +0000"
    },
    "done": true
  },
  "minecraft:recipes/decorations/ladder": {
    "criteria": {
      "has_stick": "2024-07-25 05:03:07 +0000"
    },
    "done": true
  },
  "minecraft:recipes/building_blocks/coarse_dirt": {
    "criteria": {
      "has_gravel": "2024-07-25 05:07:04 +0000"
    },
    "done": true
  },
  "minecraft:recipes/building_blocks/light_gray_concrete_powder": {
    "criteria": {
      "has_gravel": "2024-07-25 05:07:04 +0000"
    },
    "done": true
  },
  "iceandfire:recipes/misc/dragon_meal": {
    "criteria": {
      "has_item": "2024-07-25 05:31:09 +0000"
    },
    "done": true
  },
  "minecraft:recipes/building_blocks/pink_concrete_powder": {
    "criteria": {
      "has_gravel": "2024-07-25 05:07:04 +0000"
    },
    "done": true
  },
  "minecraft:recipes/redstone/crimson_button": {
    "criteria": {
      "has_planks": "2024-07-25 05:30:00 +0000"
    },
    "done": true
  },
  "paraglider:root": {
    "criteria": {
      "crafting_table": "2024-07-25 05:03:01 +0000"
    },
    "done": true
  },
  "expanded_combat:recipes/combat/crimson_plank_claymore_conditional_shaped": {
    "criteria": {
      "has_item": "2024-07-25 05:30:00 +0000"
    },
    "done": true
  },
  "minecraft:recipes/building_blocks/crimson_slab": {
    "criteria": {
      "has_planks": "2024-07-25 05:30:00 +0000"
    },
    "done": true
  },
  "minecraft:recipes/building_blocks/crimson_stairs": {
    "criteria": {
      "has_planks": "2024-07-25 05:30:00 +0000"
    },
    "done": true
  },
  "minecraft:recipes/building_blocks/red_concrete_powder": {
    "criteria": {
      "has_gravel": "2024-07-25 05:07:04 +0000"
    },
    "done": true
  },
  "minecraft:recipes/building_blocks/brown_concrete_powder": {
    "criteria": {
      "has_gravel": "2024-07-25 05:07:04 +0000"
    },
    "done": true
  },
  "expanded_combat:recipes/combat/crimson_plank_mace_conditional_shaped": {
    "criteria": {
      "has_item": "2024-07-25 05:30:00 +0000"
    },
    "done": true
  },
  "minecraft:recipes/building_blocks/light_blue_concrete_powder": {
    "criteria": {
      "has_gravel": "2024-07-25 05:07:04 +0000"
    },
    "done": true
  },
  "minecraft:recipes/building_blocks/green_concrete_powder": {
    "criteria": {
      "has_gravel": "2024-07-25 05:07:04 +0000"
    },
    "done": true
  },
  "expanded_combat:recipes/combat/warped_plank_spear_conditional_shaped": {
    "criteria": {
      "has_item": "2024-07-25 05:02:58 +0000"
    },
    "done": true
  },
  "expanded_combat:recipes/combat/warped_plank_dancer_s_sword_conditional_shaped": {
    "criteria": {
      "has_item": "2024-07-25 05:02:58 +0000"
    },
    "done": true
  },
  "minecraft:recipes/tools/wooden_axe": {
    "criteria": {
      "has_stick": "2024-07-25 05:03:07 +0000"
    },
    "done": true
  },
  "minecraft:recipes/building_blocks/blue_concrete_powder": {
    "criteria": {
      "has_gravel": "2024-07-25 05:07:04 +0000"
    },
    "done": true
  },
  "minecraft:recipes/building_blocks/crimson_planks": {
    "criteria": {
      "has_logs": "2024-07-25 05:29:48 +0000"
    },
    "done": true
  },
  "expanded_combat:recipes/combat/crimson_plank_great_hammer_conditional_shaped": {
    "criteria": {
      "has_item": "2024-07-25 05:30:00 +0000"
    },
    "done": true
  },
  "minecraft:recipes/building_blocks/nether_brick_stairs": {
    "criteria": {
      "has_nether_bricks": "2024-07-25 05:23:14 +0000"
    },
    "done": true
  },
  "expanded_combat:recipes/combat/warped_plank_claymore_conditional_shaped": {
    "criteria": {
      "has_item": "2024-07-25 05:02:58 +0000"
    },
    "done": true
  },
  "travelersbackpack:recipes/misc/crafting_upgrade": {
    "criteria": {
      "has_crafting_table": "2024-07-25 05:03:01 +0000"
    },
    "done": true
  },
  "minecraft:recipes/building_blocks/nether_brick_slab": {
    "criteria": {
      "has_nether_bricks": "2024-07-25 05:23:14 +0000"
    },
    "done": true
  },
  "minecraft:recipes/decorations/chest": {
    "criteria": {
      "has_lots_of_items": "2024-07-25 05:03:58 +0000"
    },
    "done": true
  },
  "minecraft:recipes/misc/stick": {
    "criteria": {
      "has_planks": "2024-07-25 05:02:58 +0000"
    },
    "done": true
  },
  "expanded_combat:recipes/combat/crimson_plank_glaive_conditional_shaped": {
    "criteria": {
      "has_item": "2024-07-25 05:30:00 +0000"
    },
    "done": true
  },
  "minecraft:recipes/redstone/crimson_pressure_plate": {
    "criteria": {
      "has_planks": "2024-07-25 05:30:00 +0000"
    },
    "done": true
  },
  "expanded_combat:recipes/combat/warped_plank_dagger_conditional_shaped": {
    "criteria": {
      "has_item": "2024-07-25 05:02:58 +0000"
    },
    "done": true
  },
  "minecraft:recipes/redstone/warped_fence_gate": {
    "criteria": {
      "has_planks": "2024-07-25 05:02:58 +0000"
    },
    "done": true
  },
  "expanded_combat:recipes/combat/warped_plank_broad_sword_conditional_shaped": {
    "criteria": {
      "has_item": "2024-07-25 05:02:58 +0000"
    },
    "done": true
  },
  "minecraft:recipes/building_blocks/white_concrete_powder": {
    "criteria": {
      "has_gravel": "2024-07-25 05:07:04 +0000"
    },
    "done": true
  },
  "minecraft:adventure/kill_all_mobs": {
    "criteria": {
      "minecraft:hoglin": "2024-07-25 05:31:01 +0000"
    },
    "done": false
  },
  "minecraft:recipes/decorations/crimson_sign": {
    "criteria": {
      "has_planks": "2024-07-25 05:30:00 +0000"
    },
    "done": true
  },
  "minecraft:recipes/food/cooked_porkchop_from_campfire_cooking": {
    "criteria": {
      "has_porkchop": "2024-07-25 05:31:09 +0000"
    },
    "done": true
  },
  "minecraft:recipes/building_blocks/nether_brick_stairs_from_nether_bricks_stonecutting": {
    "criteria": {
      "has_nether_bricks": "2024-07-25 05:23:14 +0000"
    },
    "done": true
  },
  "expanded_combat:recipes/combat/crimson_plank_dancer_s_sword_conditional_shaped": {
    "criteria": {
      "has_item": "2024-07-25 05:30:00 +0000"
    },
    "done": true
  },
  "iceandfire:recipes/misc/earplugs": {
    "criteria": {
      "has_item": "2024-07-25 05:02:58 +0000"
    },
    "done": true
  },
  "expanded_combat:recipes/combat/crimson_plank_sickle_conditional_shaped": {
    "criteria": {
      "has_item": "2024-07-25 05:30:00 +0000"
    },
    "done": true
  },
  "minecraft:recipes/decorations/soul_torch": {
    "criteria": {
      "has_soul_sand": "2024-07-25 05:29:27 +0000"
    },
    "done": true
  },
  "expanded_combat:recipes/combat/crimson_plank_scythe_conditional_shaped": {
    "criteria": {
      "has_item": "2024-07-25 05:30:00 +0000"
    },
    "done": true
  },
  "minecraft:recipes/building_blocks/warped_hyphae": {
    "criteria": {
      "has_log": "2024-07-25 05:02:37 +0000"
    },
    "done": true
  },
  "minecraft:recipes/redstone/crimson_door": {
    "criteria": {
      "has_planks": "2024-07-25 05:30:00 +0000"
    },
    "done": true
  },
  "minecraft:recipes/redstone/crimson_trapdoor": {
    "criteria": {
      "has_planks": "2024-07-25 05:30:00 +0000"
    },
    "done": true
  },
  "minecraft:recipes/redstone/warped_button": {
    "criteria": {
      "has_planks": "2024-07-25 05:02:58 +0000"
    },
    "done": true
  },
  "minecraft:recipes/building_blocks/warped_stairs": {
    "criteria": {
      "has_planks": "2024-07-25 05:02:58 +0000"
    },
    "done": true
  },
  "minecraft:recipes/redstone/warped_trapdoor": {
    "criteria": {
      "has_planks": "2024-07-25 05:02:58 +0000"
    },
    "done": true
  },
  "minecraft:recipes/decorations/warped_sign": {
    "criteria": {
      "has_planks": "2024-07-25 05:02:58 +0000"
    },
    "done": true
  },
  "expanded_combat:recipes/combat/crimson_plank_spear_conditional_shaped": {
    "criteria": {
      "has_item": "2024-07-25 05:30:00 +0000"
    },
    "done": true
  },
  "minecraft:recipes/decorations/nether_brick_fence": {
    "criteria": {
      "has_nether_bricks": "2024-07-25 05:23:14 +0000"
    },
    "done": true
  },
  "expanded_combat:recipes/combat/warped_plank_flail_conditional_shaped": {
    "criteria": {
      "has_item": "2024-07-25 05:02:58 +0000"
    },
    "done": true
  },
  "minecraft:recipes/redstone/warped_door": {
    "criteria": {
      "has_planks": "2024-07-25 05:02:58 +0000"
    },
    "done": true
  },
  "minecraft:recipes/building_blocks/lime_concrete_powder": {
    "criteria": {
      "has_gravel": "2024-07-25 05:07:04 +0000"
    },
    "done": true
  },
  "expanded_combat:recipes/combat/crimson_plank_flail_conditional_shaped": {
    "criteria": {
      "has_item": "2024-07-25 05:30:00 +0000"
    },
    "done": true
  },
  "minecraft:recipes/building_blocks/cracked_nether_bricks": {
    "criteria": {
      "has_nether_bricks": "2024-07-25 05:23:14 +0000"
    },
    "done": true
  },
  "minecraft:recipes/building_blocks/orange_concrete_powder": {
    "criteria": {
      "has_gravel": "2024-07-25 05:07:04 +0000"
    },
    "done": true
  },
  "minecraft:recipes/food/cooked_porkchop": {
    "criteria": {
      "has_porkchop": "2024-07-25 05:31:09 +0000"
    },
    "done": true
  },
  "expanded_combat:recipes/combat/warped_plank_cutlass_conditional_shaped": {
    "criteria": {
      "has_item": "2024-07-25 05:02:58 +0000"
    },
    "done": true
  },
  "minecraft:recipes/building_blocks/magenta_concrete_powder": {
    "criteria": {
      "has_gravel": "2024-07-25 05:07:04 +0000"
    },
    "done": true
  },
  "minecraft:recipes/decorations/campfire": {
    "criteria": {
      "has_stick": "2024-07-25 05:03:07 +0000"
    },
    "done": true
  },
  "expanded_combat:recipes/combat/warped_plank_scythe_conditional_shaped": {
    "criteria": {
      "has_item": "2024-07-25 05:02:58 +0000"
    },
    "done": true
  },
  "minecraft:recipes/tools/wooden_hoe": {
    "criteria": {
      "has_stick": "2024-07-25 05:03:07 +0000"
    },
    "done": true
  },
  "expanded_combat:recipes/combat/warped_plank_great_hammer_conditional_shaped": {
    "criteria": {
      "has_item": "2024-07-25 05:02:58 +0000"
    },
    "done": true
  },
  "minecraft:recipes/tools/wooden_pickaxe": {
    "criteria": {
      "has_stick": "2024-07-25 05:03:07 +0000"
    },
    "done": true
  },
  "minecraft:recipes/redstone/warped_pressure_plate": {
    "criteria": {
      "has_planks": "2024-07-25 05:02:58 +0000"
    },
    "done": true
  },
  "expanded_combat:recipes/combat/crimson_plank_katana_conditional_shaped": {
    "criteria": {
      "has_item": "2024-07-25 05:30:00 +0000"
    },
    "done": true
  },
  "minecraft:recipes/building_blocks/chiseled_nether_bricks_from_nether_bricks_stonecutting": {
    "criteria": {
      "has_nether_bricks": "2024-07-25 05:23:14 +0000"
    },
    "done": true
  },
  "expanded_combat:recipes/combat/warped_plank_katana_conditional_shaped": {
    "criteria": {
      "has_item": "2024-07-25 05:02:58 +0000"
    },
    "done": true
  },
  "minecraft:recipes/decorations/soul_campfire": {
    "criteria": {
      "has_soul_sand": "2024-07-25 05:29:27 +0000"
    },
    "done": true
  },
  "minecraft:recipes/building_blocks/warped_slab": {
    "criteria": {
      "has_planks": "2024-07-25 05:02:58 +0000"
    },
    "done": true
  },
  "minecraft:recipes/building_blocks/crimson_hyphae": {
    "criteria": {
      "has_log": "2024-07-25 05:29:48 +0000"
    },
    "done": true
  },
  "minecraft:recipes/building_blocks/yellow_concrete_powder": {
    "criteria": {
      "has_gravel": "2024-07-25 05:07:04 +0000"
    },
    "done": true
  },
  "minecraft:recipes/tools/wooden_shovel": {
    "criteria": {
      "has_stick": "2024-07-25 05:03:07 +0000"
    },
    "done": true
  },
  "expanded_combat:root": {
    "criteria": {
      "crafting_table": "2024-07-25 05:03:01 +0000"
    },
    "done": true
  },
  "minecraft:recipes/decorations/crimson_fence": {
    "criteria": {
      "has_planks": "2024-07-25 05:30:00 +0000"
    },
    "done": true
  },
  "paraglider:recipes/misc/paraglider": {
    "criteria": {
      "has_stick": "2024-07-25 05:03:07 +0000"
    },
    "done": true
  },
  "minecraft:recipes/decorations/nether_brick_wall_from_nether_bricks_stonecutting": {
    "criteria": {
      "has_nether_bricks": "2024-07-25 05:23:14 +0000"
    },
    "done": true
  },
  "expanded_combat:recipes/combat/warped_plank_glaive_conditional_shaped": {
    "criteria": {
      "has_item": "2024-07-25 05:02:58 +0000"
    },
    "done": true
  },
  "minecraft:recipes/redstone/crimson_fence_gate": {
    "criteria": {
      "has_planks": "2024-07-25 05:30:00 +0000"
    },
    "done": true
  },
  "minecraft:recipes/combat/wooden_sword": {
    "criteria": {
      "has_stick": "2024-07-25 05:03:07 +0000"
    },
    "done": true
  },
  "minecraft:recipes/building_blocks/gray_concrete_powder": {
    "criteria": {
      "has_gravel": "2024-07-25 05:07:04 +0000"
    },
    "done": true
  },
  "expanded_combat:recipes/combat/crimson_plank_broad_sword_conditional_shaped": {
    "criteria": {
      "has_item": "2024-07-25 05:30:00 +0000"
    },
    "done": true
  },
  "minecraft:recipes/building_blocks/black_concrete_powder": {
    "criteria": {
      "has_gravel": "2024-07-25 05:07:04 +0000"
    },
    "done": true
  },
  "minecraft:recipes/food/cooked_porkchop_from_smoking": {
    "criteria": {
      "has_porkchop": "2024-07-25 05:31:09 +0000"
    },
    "done": true
  },
  "minecraft:recipes/building_blocks/warped_planks": {
    "criteria": {
      "has_logs": "2024-07-25 05:02:37 +0000"
    },
    "done": true
  },
  "minecraft:recipes/building_blocks/nether_brick_slab_from_nether_bricks_stonecutting": {
    "criteria": {
      "has_nether_bricks": "2024-07-25 05:23:14 +0000"
    },
    "done": true
  },
  "minecraft:recipes/decorations/warped_fence": {
    "criteria": {
      "has_planks": "2024-07-25 05:02:58 +0000"
    },
    "done": true
  },
  "minecraft:adventure/kill_a_mob": {
    "criteria": {
      "minecraft:hoglin": "2024-07-25 05:31:01 +0000"
    },
    "done": true
  },
  "minecraft:recipes/decorations/barrel": {
    "criteria": {
      "has_planks": "2024-07-25 05:02:58 +0000"
    },
    "done": true
  },
  "expanded_combat:recipes/combat/crimson_plank_dagger_conditional_shaped": {
    "criteria": {
      "has_item": "2024-07-25 05:30:00 +0000"
    },
    "done": true
  },
  "expanded_combat:recipes/combat/crimson_plank_cutlass_conditional_shaped": {
    "criteria": {
      "has_item": "2024-07-25 05:30:00 +0000"
    },
    "done": true
  },
  "minecraft:recipes/decorations/nether_brick_wall": {
    "criteria": {
      "has_nether_bricks": "2024-07-25 05:23:14 +0000"
    },
    "done": true
  },
  "expanded_combat:recipes/combat/crimson_plank_battle_staff_conditional_shaped": {
    "criteria": {
      "has_item": "2024-07-25 05:30:00 +0000"
    },
    "done": true
  },
  "minecraft:recipes/building_blocks/purple_concrete_powder": {
    "criteria": {
      "has_gravel": "2024-07-25 05:07:04 +0000"
    },
    "done": true
  },
  "expanded_combat:recipes/combat/warped_plank_sickle_conditional_shaped": {
    "criteria": {
      "has_item": "2024-07-25 05:02:58 +0000"
    },
    "done": true
  },
  "minecraft:recipes/building_blocks/cyan_concrete_powder": {
    "criteria": {
      "has_gravel": "2024-07-25 05:07:04 +0000"
    },
    "done": true
  },
  "travelersbackpack:recipes/misc/pig": {
    "criteria": {
      "has_porkchop": "2024-07-25 05:31:09 +0000"
    },
    "done": true
  },
  "expanded_combat:recipes/combat/warped_plank_mace_conditional_shaped": {
    "criteria": {
      "has_item": "2024-07-25 05:02:58 +0000"
    },
    "done": true
  },
  "minecraft:nether/find_fortress": {
    "criteria": {
      "fortress": "2024-07-25 05:04:41 +0000"
    },
    "done": true
  },
  "minecraft:recipes/misc/nether_brick": {
    "criteria": {
      "has_netherrack": "2024-07-25 05:03:58 +0000"
    },
    "done": true
  },
  "expanded_combat:recipes/combat/warped_plank_battle_staff_conditional_shaped": {
    "criteria": {
      "has_item": "2024-07-25 05:02:58 +0000"
    },
    "done": true
  },
  "minecraft:story/root": {
    "criteria": {
      "crafting_table": "2024-07-25 05:03:01 +0000"
    },
    "done": true
  },
  "DataVersion": 3465
}