{
  "minecraft:recipes/decorations/crafting_table": {
    "criteria": {
      "unlock_right_away": "2024-07-25 04:44:03 +0000"
    },
    "done": true
  },
  "irons_spellbooks:grant_patchouli": {
    "criteria": {
      "tick": "2024-07-25 04:44:03 +0000"
    },
    "done": true
  },
  "iceandfire:iceandfire/root": {
    "criteria": {
      "tick": "2024-07-25 04:44:03 +0000"
    },
    "done": true
  },
  "weaponmaster:parts/root": {
    "criteria": {
      "crafting_table": "2024-07-25 04:44:03 +0000"
    },
    "done": true
  },
  "rpgsmw:choose_your_class": {
    "criteria": {
      "choose_your_class_0": "2024-07-25 04:44:03 +0000"
    },
    "done": true
  },
  "minecraft:adventure/adventuring_time": {
    "criteria": {
      "minecraft:birch_forest": "2024-07-25 04:44:04 +0000",
      "minecraft:forest": "2024-07-25 04:53:05 +0000"
    },
    "done": false
  },
  "minecraft:recipes/misc/map": {
    "criteria": {
      "has_compass": "2024-07-25 04:52:47 +0000"
    },
    "done": true
  },
  "minecraft:recipes/building_blocks/birch_wood": {
    "criteria": {
      "has_log": "2024-07-25 04:55:20 +0000"
    },
    "done": true
  },
  "minecraft:recipes/building_blocks/birch_planks": {
    "criteria": {
      "has_logs": "2024-07-25 04:55:20 +0000"
    },
    "done": true
  },
  "minecraft:recipes/misc/charcoal": {
    "criteria": {
      "has_log": "2024-07-25 04:55:20 +0000"
    },
    "done": true
  },
  "minecraft:recipes/redstone/birch_button": {
    "criteria": {
      "has_planks": "2024-07-25 04:55:28 +0000"
    },
    "done": true
  },
  "expanded_combat:recipes/combat/birch_plank_dancer_s_sword_conditional_shaped": {
    "criteria": {
      "has_item": "2024-07-25 04:55:28 +0000"
    },
    "done": true
  },
  "expanded_combat:recipes/combat/birch_plank_battle_staff_conditional_shaped": {
    "criteria": {
      "has_item": "2024-07-25 04:55:28 +0000"
    },
    "done": true
  },
  "minecraft:recipes/redstone/birch_door": {
    "criteria": {
      "has_planks": "2024-07-25 04:55:28 +0000"
    },
    "done": true
  },
  "minecraft:recipes/decorations/birch_fence": {
    "criteria": {
      "has_planks": "2024-07-25 04:55:28 +0000"
    },
    "done": true
  },
  "minecraft:recipes/misc/stick": {
    "criteria": {
      "has_planks": "2024-07-25 04:55:28 +0000"
    },
    "done": true
  },
  "minecraft:recipes/decorations/birch_sign": {
    "criteria": {
      "has_planks": "2024-07-25 04:55:28 +0000"
    },
    "done": true
  },
  "minecraft:recipes/redstone/birch_fence_gate": {
    "criteria": {
      "has_planks": "2024-07-25 04:55:28 +0000"
    },
    "done": true
  },
  "iceandfire:recipes/misc/earplugs": {
    "criteria": {
      "has_item": "2024-07-25 04:55:28 +0000"
    },
    "done": true
  },
  "minecraft:recipes/building_blocks/birch_slab": {
    "criteria": {
      "has_planks": "2024-07-25 04:55:28 +0000"
    },
    "done": true
  },
  "expanded_combat:recipes/combat/birch_plank_scythe_conditional_shaped": {
    "criteria": {
      "has_item": "2024-07-25 04:55:28 +0000"
    },
    "done": true
  },
  "minecraft:recipes/building_blocks/birch_stairs": {
    "criteria": {
      "has_planks": "2024-07-25 04:55:28 +0000"
    },
    "done": true
  },
  "expanded_combat:recipes/combat/birch_plank_sickle_conditional_shaped": {
    "criteria": {
      "has_item": "2024-07-25 04:55:28 +0000"
    },
    "done": true
  },
  "expanded_combat:recipes/combat/birch_plank_katana_conditional_shaped": {
    "criteria": {
      "has_item": "2024-07-25 04:55:28 +0000"
    },
    "done": true
  },
  "expanded_combat:recipes/combat/birch_plank_cutlass_conditional_shaped": {
    "criteria": {
      "has_item": "2024-07-25 04:55:28 +0000"
    },
    "done": true
  },
  "expanded_combat:recipes/combat/birch_plank_glaive_conditional_shaped": {
    "criteria": {
      "has_item": "2024-07-25 04:55:28 +0000"
    },
    "done": true
  },
  "expanded_combat:recipes/combat/birch_plank_great_hammer_conditional_shaped": {
    "criteria": {
      "has_item": "2024-07-25 04:55:28 +0000"
    },
    "done": true
  },
  "expanded_combat:recipes/combat/birch_plank_mace_conditional_shaped": {
    "criteria": {
      "has_item": "2024-07-25 04:55:28 +0000"
    },
    "done": true
  },
  "expanded_combat:recipes/combat/birch_plank_dagger_conditional_shaped": {
    "criteria": {
      "has_item": "2024-07-25 04:55:28 +0000"
    },
    "done": true
  },
  "minecraft:recipes/redstone/birch_trapdoor": {
    "criteria": {
      "has_planks": "2024-07-25 04:55:28 +0000"
    },
    "done": true
  },
  "expanded_combat:recipes/combat/birch_plank_claymore_conditional_shaped": {
    "criteria": {
      "has_item": "2024-07-25 04:55:28 +0000"
    },
    "done": true
  },
  "expanded_combat:recipes/combat/birch_plank_broad_sword_conditional_shaped": {
    "criteria": {
      "has_item": "2024-07-25 04:55:28 +0000"
    },
    "done": true
  },
  "minecraft:recipes/decorations/barrel": {
    "criteria": {
      "has_planks": "2024-07-25 04:55:28 +0000"
    },
    "done": true
  },
  "expanded_combat:recipes/combat/birch_plank_spear_conditional_shaped": {
    "criteria": {
      "has_item": "2024-07-25 04:55:28 +0000"
    },
    "done": true
  },
  "minecraft:recipes/redstone/birch_pressure_plate": {
    "criteria": {
      "has_planks": "2024-07-25 04:55:28 +0000"
    },
    "done": true
  },
  "expanded_combat:recipes/combat/birch_plank_flail_conditional_shaped": {
    "criteria": {
      "has_item": "2024-07-25 04:55:28 +0000"
    },
    "done": true
  },
  "paraglider:root": {
    "criteria": {
      "crafting_table": "2024-07-25 04:55:30 +0000"
    },
    "done": true
  },
  "travelersbackpack:recipes/misc/crafting_upgrade": {
    "criteria": {
      "has_crafting_table": "2024-07-25 04:55:30 +0000"
    },
    "done": true
  },
  "expanded_combat:root": {
    "criteria": {
      "crafting_table": "2024-07-25 04:55:30 +0000"
    },
    "done": true
  },
  "minecraft:story/root": {
    "criteria": {
      "crafting_table": "2024-07-25 04:55:30 +0000"
    },
    "done": true
  },
  "minecraft:recipes/decorations/ladder": {
    "criteria": {
      "has_stick": "2024-07-25 04:56:56 +0000"
    },
    "done": true
  },
  "minecraft:recipes/tools/wooden_axe": {
    "criteria": {
      "has_stick": "2024-07-25 04:56:56 +0000"
    },
    "done": true
  },
  "minecraft:recipes/decorations/chest": {
    "criteria": {
      "has_lots_of_items": "2024-07-25 04:59:01 +0000"
    },
    "done": true
  },
  "minecraft:recipes/decorations/campfire": {
    "criteria": {
      "has_stick": "2024-07-25 04:56:56 +0000"
    },
    "done": true
  },
  "minecraft:recipes/tools/wooden_hoe": {
    "criteria": {
      "has_stick": "2024-07-25 04:56:56 +0000"
    },
    "done": true
  },
  "minecraft:recipes/tools/wooden_pickaxe": {
    "criteria": {
      "has_stick": "2024-07-25 04:56:56 +0000"
    },
    "done": true
  },
  "minecraft:recipes/tools/wooden_shovel": {
    "criteria": {
      "has_stick": "2024-07-25 04:56:56 +0000"
    },
    "done": true
  },
  "paraglider:recipes/misc/paraglider": {
    "criteria": {
      "has_stick": "2024-07-25 04:56:56 +0000"
    },
    "done": true
  },
  "minecraft:recipes/combat/wooden_sword": {
    "criteria": {
      "has_stick": "2024-07-25 04:56:56 +0000"
    },
    "done": true
  },
  "DataVersion": 3465
}